t,line
4095.9233,MEAS ms=109604 seq=3413 src=1 c9=1012 c10=1500 c11=1012 c12=1500 step=0
4095.9234,MEAS ms=109649 seq=3414 src=1 c9=1012 c10=1500 c11=1012 c12=1500 step=0
4095.9234,MEAS ms=109694 seq=3415 src=1 c9=1012 c10=1500 c11=1012 c12=1500 step=0
4096.0780,MEAS ms=109739 seq=3416 src=1 c9=1012 c10=1500 c11=1012 c12=1500 step=0
4096.0781,MEAS ms=109784 seq=3417 src=1 c9=1012 c10=1500 c11=1012 c12=1500 step=0
4096.0781,MEAS ms=109829 seq=3418 src=1 c9=1012 c10=1500 c11=1012 c12=1500 step=0
4096.0781,MEAS ms=109874 seq=3419 src=1 c9=1012 c10=1500 c11=1012 c12=1500 step=0
4096.1042,MEAS ms=109894 seq=3420 src=1 c9=1012 c10=1500 c11=1012 c12=1500 step=0
4096.1042,MEAS ms=109902 seq=3421 src=1 c9=1012 c10=1500 c11=1012 c12=1500 step=0
4096.1043,MEAS ms=109911 seq=3422 src=1 c9=1012 c10=1500 c11=1012 c12=1500 step=0
4096.1761,MEAS ms=109920 seq=3423 src=1 c9=1012 c10=1500 c11=1012 c12=1500 step=0
4096.1762,MEAS ms=109929 seq=3424 src=1 c9=1012 c10=1500 c11=1012 c12=1500 step=0
4096.1762,MEAS ms=109964 seq=3425 src=1 c9=1012 c10=1500 c11=1012 c12=1500 step=0
4096.1762,MEAS ms=109984 seq=3426 src=1 c9=1012 c10=1500 c11=1012 c12=1500 step=0
4096.2035,MEAS ms=109992 seq=3427 src=1 c9=1012 c10=1500 c11=1012 c12=1500 step=0
4096.2035,MEAS ms=110001 seq=3428 src=1 c9=1012 c10=1500 c11=1012 c12=1500 step=0
4096.2035,MEAS ms=110010 seq=3429 src=1 c9=1012 c10=1500 c11=1012 c12=1500 step=0
4096.3831,MEAS ms=110019 seq=3430 src=1 c9=1012 c10=1500 c11=1012 c12=1500 step=0
4096.3831,MEAS ms=110064 seq=3431 src=1 c9=1012 c10=1500 c11=1012 c12=1500 step=0
4096.3831,MEAS ms=110109 seq=3432 src=1 c9=1012 c10=1500 c11=1012 c12=1500 step=0
4096.3831,MEAS ms=110154 seq=3433 src=1 c9=935 c10=1012 c11=1012 c12=1012 step=0
4096.5187,MEAS ms=110199 seq=3434 src=1 c9=1027 c10=1500 c11=1012 c12=1500 step=0
4096.5187,MEAS ms=110244 seq=3435 src=1 c9=1027 c10=1500 c11=1012 c12=1500 step=0
4096.5187,MEAS ms=110289 seq=3436 src=1 c9=1027 c10=1500 c11=1012 c12=1500 step=0
4096.6360,MEAS ms=110334 seq=3437 src=1 c9=1027 c10=1500 c11=1012 c12=1500 step=0
4096.6361,MEAS ms=110379 seq=3438 src=1 c9=1027 c10=1500 c11=1012 c12=1500 step=0
4096.6361,MEAS ms=110424 seq=3439 src=1 c9=1027 c10=1500 c11=1012 c12=1500 step=0
4096.6361,MEAS ms=110444 seq=3440 src=1 c9=1027 c10=1500 c11=1012 c12=1500 step=0
4096.6634,MEAS ms=110452 seq=3441 src=1 c9=1027 c10=1500 c11=1012 c12=1500 step=0
4096.6635,MEAS ms=110461 seq=3442 src=1 c9=1027 c10=1500 c11=1012 c12=1500 step=0
4096.6635,MEAS ms=110470 seq=3443 src=1 c9=1027 c10=1500 c11=1012 c12=1500 step=0
4096.8433,MEAS ms=110479 seq=3444 src=1 c9=1027 c10=1500 c11=1012 c12=1500 step=0
4096.8433,MEAS ms=110524 seq=3445 src=1 c9=1027 c10=1500 c11=1012 c12=1500 step=0
4096.8433,MEAS ms=110569 seq=3446 src=1 c9=1026 c10=1500 c11=1012 c12=1500 step=0
4096.8433,MEAS ms=110614 seq=3447 src=1 c9=1027 c10=1499 c11=1012 c12=1500 step=0
4096.9782,MEAS ms=110659 seq=3448 src=1 c9=1027 c10=1500 c11=1010 c12=1500 step=0
4096.9782,MEAS ms=110704 seq=3449 src=1 c9=1027 c10=1500 c11=1012 c12=1499 step=0
4096.9782,MEAS ms=110749 seq=3450 src=1 c9=1027 c10=1500 c11=1012 c12=1500 step=0
4097.1582,MEAS ms=110794 seq=3451 src=1 c9=1027 c10=1500 c11=1012 c12=1500 step=0
4097.1582,MEAS ms=110839 seq=3452 src=1 c9=1027 c10=1500 c11=1012 c12=1500 step=0
4097.1582,MEAS ms=110884 seq=3453 src=1 c9=1027 c10=1500 c11=1012 c12=1500 step=0
4097.1582,MEAS ms=110929 seq=3454 src=1 c9=1027 c10=1500 c11=1012 c12=1500 step=0
4097.2310,MEAS ms=110974 seq=3455 src=1 c9=1027 c10=1500 c11=1012 c12=1500 step=0
4097.2310,MEAS ms=111019 seq=3456 src=1 c9=1027 c10=1500 c11=1012 c12=1500 step=0
4097.2310,MEAS ms=111039 seq=3457 src=1 c9=1027 c10=1500 c11=1012 c12=1500 step=0
4097.3032,MEAS ms=111047 seq=3458 src=1 c9=1027 c10=1500 c11=1012 c12=1500 step=0
4097.3033,MEAS ms=111056 seq=3459 src=1 c9=1027 c10=1500 c11=1012 c12=1500 step=0
4097.3033,MEAS ms=111065 seq=3460 src=1 c9=1027 c10=1500 c11=1012 c12=1500 step=0
4097.3033,MEAS ms=111074 seq=3461 src=1 c9=1027 c10=1500 c11=1012 c12=1500 step=0
4097.4383,MEAS ms=111119 seq=3462 src=1 c9=1027 c10=1500 c11=1012 c12=1500 step=0
4097.4384,MEAS ms=111164 seq=3463 src=1 c9=1027 c10=1500 c11=1012 c12=1500 step=0
4097.4384,MEAS ms=111209 seq=3464 src=1 c9=1057 c10=1500 c11=1012 c12=1500 step=1
4097.6183,MEAS ms=111254 seq=3465 src=1 c9=1057 c10=1500 c11=1012 c12=1500 step=1
4097.6183,MEAS ms=111299 seq=3466 src=1 c9=1057 c10=1500 c11=1012 c12=1500 step=1
4097.6183,MEAS ms=111344 seq=3467 src=1 c9=1057 c10=1500 c11=1012 c12=1500 step=1
4097.6183,MEAS ms=111389 seq=3468 src=1 c9=1057 c10=1500 c11=1012 c12=1500 step=1
4097.7283,MEAS ms=111434 seq=3469 src=1 c9=1057 c10=1500 c11=1012 c12=1500 step=1
4097.7283,MEAS ms=111479 seq=3470 src=1 c9=1057 c10=1500 c11=1012 c12=1500 step=1
4097.7283,MEAS ms=111524 seq=3471 src=1 c9=1056 c10=1500 c11=1012 c12=1500 step=1
4097.7620,MEAS ms=111544 seq=3472 src=1 c9=1056 c10=1500 c11=1012 c12=1500 step=1
4097.7621,MEAS ms=111552 seq=3473 src=1 c9=1057 c10=1500 c11=1012 c12=1500 step=1
4097.7621,MEAS ms=111561 seq=3474 src=1 c9=1057 c10=1499 c11=1012 c12=1500 step=1
4097.7621,MEAS ms=111570 seq=3475 src=1 c9=1057 c10=1499 c11=1012 c12=1500 step=1
4097.7895,MEAS ms=111578 seq=3476 src=1 c9=1057 c10=1499 c11=1012 c12=1500 step=1
4097.7896,MEAS ms=111587 seq=3477 src=1 c9=1057 c10=1499 c11=1012 c12=1500 step=1
4097.7896,MEAS ms=111596 seq=3478 src=1 c9=1057 c10=1500 c11=1010 c12=1500 step=1
4097.8982,MEAS ms=111605 seq=3479 src=1 c9=1057 c10=1500 c11=1010 c12=1500 step=1
4097.8982,MEAS ms=111614 seq=3480 src=1 c9=1057 c10=1500 c11=1010 c12=1500 step=1
4097.8982,MEAS ms=111624 seq=3481 src=1 c9=1057 c10=1500 c11=1010 c12=1500 step=1
4097.8982,MEAS ms=111669 seq=3482 src=1 c9=1057 c10=1500 c11=1012 c12=1500 step=1
4098.0333,MEAS ms=111714 seq=3483 src=1 c9=1057 c10=1500 c11=1012 c12=1500 step=1
4098.0333,MEAS ms=111759 seq=3484 src=1 c9=1057 c10=1500 c11=1012 c12=1500 step=1
4098.0333,MEAS ms=111804 seq=3485 src=1 c9=1057 c10=1500 c11=1012 c12=1500 step=1
4098.2134,MEAS ms=111849 seq=3486 src=1 c9=1057 c10=1500 c11=1012 c12=1500 step=1
4098.2134,MEAS ms=111894 seq=3487 src=1 c9=1057 c10=1500 c11=1012 c12=1500 step=1
4098.2134,MEAS ms=111939 seq=3488 src=1 c9=1057 c10=1500 c11=1012 c12=1500 step=1
4098.2134,MEAS ms=111984 seq=3489 src=1 c9=1057 c10=1500 c11=1012 c12=1500 step=1
4098.3232,MEAS ms=112029 seq=3490 src=1 c9=1057 c10=1500 c11=1012 c12=1500 step=1
4098.3232,MEAS ms=112074 seq=3491 src=1 c9=1057 c10=1500 c11=1012 c12=1500 step=1
4098.3232,MEAS ms=112119 seq=3492 src=1 c9=1057 c10=1500 c11=1012 c12=1500 step=1
4098.3585,MEAS ms=112139 seq=3493 src=1 c9=1057 c10=1500 c11=1012 c12=1500 step=1
4098.3585,MEAS ms=112147 seq=3494 src=1 c9=1057 c10=1500 c11=1012 c12=1500 step=1
4098.3585,MEAS ms=112156 seq=3495 src=1 c9=1057 c10=1500 c11=1012 c12=1500 step=1
4098.3585,MEAS ms=112165 seq=3496 src=1 c9=1057 c10=1500 c11=1012 c12=1500 step=1
4098.3847,MEAS ms=112174 seq=3497 src=1 c9=1057 c10=1500 c11=1012 c12=1500 step=1
4098.3848,MEAS ms=112182 seq=3498 src=1 c9=1057 c10=1500 c11=1012 c12=1500 step=1
4098.3848,MEAS ms=112191 seq=3499 src=1 c9=1087 c10=1500 c11=1012 c12=1500 step=2
4098.4933,MEAS ms=112200 seq=3500 src=1 c9=1087 c10=1500 c11=1012 c12=1500 step=2
4098.4933,MEAS ms=112209 seq=3501 src=1 c9=1087 c10=1500 c11=1012 c12=1500 step=2
4098.4933,MEAS ms=112219 seq=3502 src=1 c9=1087 c10=1500 c11=1012 c12=1500 step=2
4098.4933,MEAS ms=112264 seq=3503 src=1 c9=1087 c10=1500 c11=1012 c12=1500 step=2
4098.6282,MEAS ms=112309 seq=3504 src=1 c9=1087 c10=1500 c11=1012 c12=1500 step=2
4098.6282,MEAS ms=112354 seq=3505 src=1 c9=1087 c10=1500 c11=1012 c12=1500 step=2
4098.6282,MEAS ms=112399 seq=3506 src=1 c9=1087 c10=1500 c11=1012 c12=1500 step=2
4098.8081,MEAS ms=112444 seq=3507 src=1 c9=1087 c10=1500 c11=1012 c12=1500 step=2
4098.8081,MEAS ms=112489 seq=3508 src=1 c9=1086 c10=1500 c11=1012 c12=1500 step=2
4098.8081,MEAS ms=112534 seq=3509 src=1 c9=1087 c10=1499 c11=1012 c12=1500 step=2
4098.8081,MEAS ms=112579 seq=3510 src=1 c9=1087 c10=1500 c11=1012 c12=1499 step=2
4098.8810,MEAS ms=112624 seq=3511 src=1 c9=1087 c10=1500 c11=1012 c12=1500 step=2
4098.8811,MEAS ms=112669 seq=3512 src=1 c9=1087 c10=1500 c11=1012 c12=1500 step=2
4098.8811,MEAS ms=112689 seq=3513 src=1 c9=1087 c10=1500 c11=1012 c12=1500 step=2
4098.9162,MEAS ms=112697 seq=3514 src=1 c9=1087 c10=1500 c11=1012 c12=1500 step=2
4098.9162,MEAS ms=112706 seq=3515 src=1 c9=1087 c10=1500 c11=1012 c12=1500 step=2
4098.9162,MEAS ms=112715 seq=3516 src=1 c9=1087 c10=1500 c11=1012 c12=1500 step=2
4098.9162,MEAS ms=112724 seq=3517 src=1 c9=1087 c10=1500 c11=1012 c12=1500 step=2
4098.9437,MEAS ms=112732 seq=3518 src=1 c9=1087 c10=1500 c11=1012 c12=1500 step=2
4098.9437,MEAS ms=112741 seq=3519 src=1 c9=1087 c10=1500 c11=1012 c12=1500 step=2
4098.9437,MEAS ms=112750 seq=3520 src=1 c9=1087 c10=1500 c11=1012 c12=1500 step=2
4099.0881,MEAS ms=112759 seq=3521 src=1 c9=1087 c10=1500 c11=1012 c12=1500 step=2
4099.0881,MEAS ms=112769 seq=3522 src=1 c9=1087 c10=1500 c11=1012 c12=1500 step=2
4099.0881,MEAS ms=112814 seq=3523 src=1 c9=1087 c10=1500 c11=1012 c12=1500 step=2
4099.0881,MEAS ms=112859 seq=3524 src=1 c9=1087 c10=1500 c11=1012 c12=1500 step=2
4099.2231,MEAS ms=112904 seq=3525 src=1 c9=1087 c10=1500 c11=1012 c12=1500 step=2
4099.2231,MEAS ms=112949 seq=3526 src=1 c9=1087 c10=1500 c11=1012 c12=1500 step=2
4099.2231,MEAS ms=112994 seq=3527 src=1 c9=1087 c10=1500 c11=1012 c12=1500 step=2
4099.4035,MEAS ms=113039 seq=3528 src=1 c9=1087 c10=1500 c11=1012 c12=1500 step=2
4099.4036,MEAS ms=113084 seq=3529 src=1 c9=1087 c10=1500 c11=1012 c12=1500 step=2
4099.4036,MEAS ms=113129 seq=3530 src=1 c9=1087 c10=1500 c11=1012 c12=1500 step=2
4099.4036,MEAS ms=113174 seq=3531 src=1 c9=1087 c10=1500 c11=1012 c12=1500 step=2
4099.4403,MEAS ms=113219 seq=3532 src=1 c9=1117 c10=1500 c11=1012 c12=1500 step=3
4099.4403,MEAS ms=113239 seq=3533 src=1 c9=1117 c10=1500 c11=1012 c12=1500 step=3
4099.4403,MEAS ms=113247 seq=3534 src=1 c9=1117 c10=1500 c11=1012 c12=1500 step=3
4099.4755,MEAS ms=113256 seq=3535 src=1 c9=1117 c10=1500 c11=1012 c12=1500 step=3
4099.4756,MEAS ms=113265 seq=3536 src=1 c9=1117 c10=1500 c11=1012 c12=1500 step=3
4099.4756,MEAS ms=113274 seq=3537 src=1 c9=1117 c10=1500 c11=1012 c12=1500 step=3
4099.4756,MEAS ms=113282 seq=3538 src=1 c9=1117 c10=1500 c11=1012 c12=1500 step=3
4099.5033,MEAS ms=113291 seq=3539 src=1 c9=1117 c10=1500 c11=1012 c12=1500 step=3
4099.5033,MEAS ms=113300 seq=3540 src=1 c9=1117 c10=1500 c11=1012 c12=1500 step=3
4099.5033,MEAS ms=113309 seq=3541 src=1 c9=1117 c10=1500 c11=1012 c12=1500 step=3
4099.6833,MEAS ms=113319 seq=3542 src=1 c9=1117 c10=1500 c11=1012 c12=1500 step=3
4099.6833,MEAS ms=113364 seq=3543 src=1 c9=1117 c10=1500 c11=1012 c12=1500 step=3
4099.6833,MEAS ms=113409 seq=3544 src=1 c9=1117 c10=1500 c11=1012 c12=1500 step=3
4099.6833,MEAS ms=113454 seq=3545 src=1 c9=1117 c10=1500 c11=1012 c12=1500 step=3
4099.8183,MEAS ms=113499 seq=3546 src=1 c9=1117 c10=1499 c11=1012 c12=1500 step=3
4099.8183,MEAS ms=113544 seq=3547 src=1 c9=1117 c10=1500 c11=1012 c12=1500 step=3
4099.8183,MEAS ms=113589 seq=3548 src=1 c9=1117 c10=1500 c11=1012 c12=1500 step=3
4099.9732,MEAS ms=113634 seq=3549 src=1 c9=1117 c10=1500 c11=1012 c12=1500 step=3
4099.9732,MEAS ms=113679 seq=3550 src=1 c9=1117 c10=1500 c11=1012 c12=1500 step=3
4099.9733,MEAS ms=113724 seq=3551 src=1 c9=1117 c10=1500 c11=1012 c12=1500 step=3
4099.9733,MEAS ms=113769 seq=3552 src=1 c9=1117 c10=1500 c11=1012 c12=1500 step=3
4099.9992,MEAS ms=113789 seq=3553 src=1 c9=1117 c10=1500 c11=1012 c12=1500 step=3
4099.9993,MEAS ms=113797 seq=3554 src=1 c9=1117 c10=1500 c11=1012 c12=1500 step=3
4099.9993,MEAS ms=113806 seq=3555 src=1 c9=1117 c10=1500 c11=1012 c12=1500 step=3
4100.0346,MEAS ms=113815 seq=3556 src=1 c9=1117 c10=1500 c11=1012 c12=1500 step=3
4100.0347,MEAS ms=113824 seq=3557 src=1 c9=1117 c10=1500 c11=1012 c12=1500 step=3
4100.0347,MEAS ms=113832 seq=3558 src=1 c9=1117 c10=1500 c11=1012 c12=1500 step=3
4100.0347,MEAS ms=113841 seq=3559 src=1 c9=1117 c10=1500 c11=1012 c12=1500 step=3
4100.0982,MEAS ms=113850 seq=3560 src=1 c9=1117 c10=1500 c11=1012 c12=1500 step=3
4100.0982,MEAS ms=113859 seq=3561 src=1 c9=1117 c10=1500 c11=1012 c12=1500 step=3
4100.0982,MEAS ms=113869 seq=3562 src=1 c9=1117 c10=1500 c11=1012 c12=1500 step=3
4100.2784,MEAS ms=113914 seq=3563 src=1 c9=1117 c10=1500 c11=1012 c12=1500 step=3
4100.2785,MEAS ms=113959 seq=3564 src=1 c9=1117 c10=1500 c11=1012 c12=1500 step=3
4100.2785,MEAS ms=114004 seq=3565 src=1 c9=1117 c10=1500 c11=1012 c12=1500 step=3
4100.2785,MEAS ms=114049 seq=3566 src=1 c9=1117 c10=1500 c11=1012 c12=1500 step=3
4100.4132,MEAS ms=114094 seq=3567 src=1 c9=1117 c10=1500 c11=1012 c12=1500 step=3
4100.4132,MEAS ms=114139 seq=3568 src=1 c9=1117 c10=1500 c11=1012 c12=1500 step=3
4100.4132,MEAS ms=114184 seq=3569 src=1 c9=1117 c10=1500 c11=1012 c12=1500 step=3
4100.5310,MEAS ms=114229 seq=3570 src=1 c9=1149 c10=1500 c11=1012 c12=1500 step=4
4100.5311,MEAS ms=114274 seq=3571 src=1 c9=1149 c10=1500 c11=1012 c12=1500 step=4
4100.5311,MEAS ms=114319 seq=3572 src=1 c9=1149 c10=1500 c11=1012 c12=1500 step=4
4100.5311,MEAS ms=114339 seq=3573 src=1 c9=1149 c10=1500 c11=1012 c12=1500 step=4
4100.5584,MEAS ms=114347 seq=3574 src=1 c9=1149 c10=1500 c11=1012 c12=1500 step=4
4100.5585,MEAS ms=114356 seq=3575 src=1 c9=1149 c10=1500 c11=1012 c12=1500 step=4
4100.5585,MEAS ms=114365 seq=3576 src=1 c9=1149 c10=1500 c11=1012 c12=1500 step=4
4100.5938,MEAS ms=114374 seq=3577 src=1 c9=1149 c10=1500 c11=1012 c12=1500 step=4
4100.5938,MEAS ms=114382 seq=3578 src=1 c9=1149 c10=1500 c11=1012 c12=1500 step=4
4100.5938,MEAS ms=114391 seq=3579 src=1 c9=1149 c10=1499 c11=1012 c12=1500 step=4
4100.5938,MEAS ms=114400 seq=3580 src=1 c9=1149 c10=1499 c11=1012 c12=1500 step=4
4100.6932,MEAS ms=114409 seq=3581 src=1 c9=1149 c10=1499 c11=1012 c12=1500 step=4
4100.6933,MEAS ms=114419 seq=3582 src=1 c9=1149 c10=1499 c11=1012 c12=1500 step=4
4100.6933,MEAS ms=114464 seq=3583 src=1 c9=1149 c10=1500 c11=1012 c12=1500 step=4
4100.8733,MEAS ms=114509 seq=3584 src=1 c9=1149 c10=1500 c11=1012 c12=1499 step=4
4100.8734,MEAS ms=114554 seq=3585 src=1 c9=1149 c10=1500 c11=1012 c12=1500 step=4
4100.8734,MEAS ms=114599 seq=3586 src=1 c9=1149 c10=1500 c11=1012 c12=1500 step=4
4100.8734,MEAS ms=114644 seq=3587 src=1 c9=1149 c10=1500 c11=1012 c12=1500 step=4
4101.0082,MEAS ms=114689 seq=3588 src=1 c9=1149 c10=1500 c11=1012 c12=1500 step=4
4101.0082,MEAS ms=114734 seq=3589 src=1 c9=1149 c10=1500 c11=1012 c12=1500 step=4
4101.0082,MEAS ms=114779 seq=3590 src=1 c9=1149 c10=1500 c11=1012 c12=1500 step=4
4101.0901,MEAS ms=114824 seq=3591 src=1 c9=1149 c10=1500 c11=1012 c12=1500 step=4
4101.0902,MEAS ms=114869 seq=3592 src=1 c9=1149 c10=1500 c11=1012 c12=1500 step=4
4101.0902,MEAS ms=114889 seq=3593 src=1 c9=1149 c10=1500 c11=1012 c12=1500 step=4
4101.0902,MEAS ms=114897 seq=3594 src=1 c9=1149 c10=1500 c11=1012 c12=1500 step=4
4101.1163,MEAS ms=114906 seq=3595 src=1 c9=1149 c10=1500 c11=1012 c12=1500 step=4
4101.1164,MEAS ms=114915 seq=3596 src=1 c9=1149 c10=1500 c11=1012 c12=1500 step=4
4101.1164,MEAS ms=114924 seq=3597 src=1 c9=1149 c10=1500 c11=1012 c12=1500 step=4
4101.1533,MEAS ms=114932 seq=3598 src=1 c9=1149 c10=1500 c11=1012 c12=1500 step=4
4101.1533,MEAS ms=114941 seq=3599 src=1 c9=1149 c10=1500 c11=1012 c12=1500 step=4
4101.1533,MEAS ms=114950 seq=3600 src=1 c9=1149 c10=1500 c11=1012 c12=1500 step=4
4101.1533,MEAS ms=114959 seq=3601 src=1 c9=1149 c10=1500 c11=1012 c12=1500 step=4
4101.2882,MEAS ms=114969 seq=3602 src=1 c9=1149 c10=1500 c11=1012 c12=1500 step=4
4101.2882,MEAS ms=115014 seq=3603 src=1 c9=1149 c10=1500 c11=1012 c12=1500 step=4
4101.2882,MEAS ms=115059 seq=3604 src=1 c9=1149 c10=1500 c11=1012 c12=1500 step=4
4101.4683,MEAS ms=115104 seq=3605 src=1 c9=1149 c10=1500 c11=1012 c12=1500 step=4
4101.4683,MEAS ms=115149 seq=3606 src=1 c9=1149 c10=1500 c11=1012 c12=1500 step=4
4101.4683,MEAS ms=115194 seq=3607 src=1 c9=1149 c10=1500 c11=1012 c12=1500 step=4
4101.4683,MEAS ms=115239 seq=3608 src=1 c9=1179 c10=1500 c11=1012 c12=1500 step=5
4101.6032,MEAS ms=115284 seq=3609 src=1 c9=1179 c10=1500 c11=1012 c12=1500 step=5
4101.6032,MEAS ms=115329 seq=3610 src=1 c9=1179 c10=1500 c11=1012 c12=1500 step=5
4101.6032,MEAS ms=115374 seq=3611 src=1 c9=1179 c10=1499 c11=1012 c12=1500 step=5
4101.6494,MEAS ms=115419 seq=3612 src=1 c9=1179 c10=1500 c11=1010 c12=1500 step=5
4101.6495,MEAS ms=115439 seq=3613 src=1 c9=1179 c10=1500 c11=1012 c12=1499 step=5
4101.6495,MEAS ms=115447 seq=3614 src=1 c9=1179 c10=1500 c11=1012 c12=1499 step=5
4101.6495,MEAS ms=115456 seq=3615 src=1 c9=1179 c10=1500 c11=1012 c12=1499 step=5
4101.6755,MEAS ms=115465 seq=3616 src=1 c9=1179 c10=1500 c11=1012 c12=1499 step=5
4101.6755,MEAS ms=115474 seq=3617 src=1 c9=1179 c10=1500 c11=1012 c12=1500 step=5
4101.6755,MEAS ms=115482 seq=3618 src=1 c9=1179 c10=1500 c11=1012 c12=1500 step=5
4101.7483,MEAS ms=115491 seq=3619 src=1 c9=1179 c10=1500 c11=1012 c12=1500 step=5
4101.7483,MEAS ms=115500 seq=3620 src=1 c9=1179 c10=1500 c11=1012 c12=1500 step=5
4101.7483,MEAS ms=115509 seq=3621 src=1 c9=1179 c10=1500 c11=1012 c12=1500 step=5
4101.7484,MEAS ms=115519 seq=3622 src=1 c9=1179 c10=1500 c11=1012 c12=1500 step=5
4101.8834,MEAS ms=115564 seq=3623 src=1 c9=1179 c10=1500 c11=1012 c12=1500 step=5
4101.8835,MEAS ms=115609 seq=3624 src=1 c9=1179 c10=1500 c11=1012 c12=1500 step=5
4101.8835,MEAS ms=115654 seq=3625 src=1 c9=1179 c10=1500 c11=1012 c12=1500 step=5
4102.0635,MEAS ms=115699 seq=3626 src=1 c9=1179 c10=1500 c11=1012 c12=1500 step=5
4102.0635,MEAS ms=115744 seq=3627 src=1 c9=1179 c10=1500 c11=1012 c12=1500 step=5
4102.0635,MEAS ms=115789 seq=3628 src=1 c9=1179 c10=1500 c11=1012 c12=1500 step=5
4102.0635,MEAS ms=115834 seq=3629 src=1 c9=1179 c10=1500 c11=1012 c12=1500 step=5
4102.1734,MEAS ms=115879 seq=3630 src=1 c9=1179 c10=1500 c11=1012 c12=1500 step=5
4102.1734,MEAS ms=115924 seq=3631 src=1 c9=1179 c10=1500 c11=1012 c12=1500 step=5
4102.1734,MEAS ms=115969 seq=3632 src=1 c9=1179 c10=1500 c11=1012 c12=1500 step=5
4102.2086,MEAS ms=115989 seq=3633 src=1 c9=1179 c10=1500 c11=1012 c12=1500 step=5
4102.2087,MEAS ms=115997 seq=3634 src=1 c9=1179 c10=1500 c11=1012 c12=1500 step=5
4102.2087,MEAS ms=116006 seq=3635 src=1 c9=1179 c10=1500 c11=1012 c12=1500 step=5
4102.2087,MEAS ms=116015 seq=3636 src=1 c9=1179 c10=1500 c11=1012 c12=1500 step=5
4102.2348,MEAS ms=116024 seq=3637 src=1 c9=1179 c10=1500 c11=1012 c12=1500 step=5
4102.2348,MEAS ms=116032 seq=3638 src=1 c9=1179 c10=1500 c11=1012 c12=1500 step=5
4102.2349,MEAS ms=116041 seq=3639 src=1 c9=1179 c10=1500 c11=1012 c12=1500 step=5
4102.3433,MEAS ms=116050 seq=3640 src=1 c9=1179 c10=1500 c11=1012 c12=1500 step=5
4102.3434,MEAS ms=116059 seq=3641 src=1 c9=1179 c10=1500 c11=1012 c12=1500 step=5
4102.3434,MEAS ms=116069 seq=3642 src=1 c9=1179 c10=1500 c11=1012 c12=1500 step=5
4102.3434,MEAS ms=116114 seq=3643 src=1 c9=1179 c10=1500 c11=1012 c12=1500 step=5
4102.4782,MEAS ms=116159 seq=3644 src=1 c9=1179 c10=1500 c11=1012 c12=1500 step=5
4102.4783,MEAS ms=116204 seq=3645 src=1 c9=1210 c10=1500 c11=1012 c12=1500 step=6
4102.4783,MEAS ms=116249 seq=3646 src=1 c9=1210 c10=1500 c11=1012 c12=1500 step=6
4102.6582,MEAS ms=116294 seq=3647 src=1 c9=1209 c10=1500 c11=1012 c12=1500 step=6
4102.6583,MEAS ms=116339 seq=3648 src=1 c9=1210 c10=1499 c11=1012 c12=1500 step=6
4102.6583,MEAS ms=116384 seq=3649 src=1 c9=1210 c10=1500 c11=1012 c12=1499 step=6
4102.6583,MEAS ms=116429 seq=3650 src=1 c9=1210 c10=1500 c11=1012 c12=1500 step=6
4102.7313,MEAS ms=116474 seq=3651 src=1 c9=1210 c10=1500 c11=1012 c12=1500 step=6
4102.7313,MEAS ms=116519 seq=3652 src=1 c9=1210 c10=1500 c11=1012 c12=1500 step=6
4102.7313,MEAS ms=116539 seq=3653 src=1 c9=1210 c10=1500 c11=1012 c12=1500 step=6
4102.7665,MEAS ms=116547 seq=3654 src=1 c9=1210 c10=1500 c11=1012 c12=1500 step=6
4102.7666,MEAS ms=116556 seq=3655 src=1 c9=1210 c10=1500 c11=1012 c12=1500 step=6
4102.7666,MEAS ms=116565 seq=3656 src=1 c9=1210 c10=1500 c11=1012 c12=1500 step=6
4102.7666,MEAS ms=116573 seq=3657 src=1 c9=1210 c10=1500 c11=1012 c12=1500 step=6
4102.7939,MEAS ms=116582 seq=3658 src=1 c9=1210 c10=1500 c11=1012 c12=1500 step=6
4102.7939,MEAS ms=116591 seq=3659 src=1 c9=1210 c10=1500 c11=1012 c12=1500 step=6
4102.7940,MEAS ms=116600 seq=3660 src=1 c9=1210 c10=1500 c11=1012 c12=1500 step=6
4102.7940,MEAS ms=116610 seq=3661 src=1 c9=1210 c10=1500 c11=1012 c12=1500 step=6
4102.9383,MEAS ms=116619 seq=3662 src=1 c9=1210 c10=1500 c11=1012 c12=1500 step=6
4102.9383,MEAS ms=116664 seq=3663 src=1 c9=1210 c10=1500 c11=1012 c12=1500 step=6
4102.9383,MEAS ms=116709 seq=3664 src=1 c9=1210 c10=1500 c11=1012 c12=1500 step=6
4103.1184,MEAS ms=116754 seq=3665 src=1 c9=1210 c10=1500 c11=1012 c12=1500 step=6
4103.1184,MEAS ms=116799 seq=3666 src=1 c9=1210 c10=1500 c11=1012 c12=1500 step=6
4103.1184,MEAS ms=116844 seq=3667 src=1 c9=1210 c10=1500 c11=1012 c12=1500 step=6
4103.1185,MEAS ms=116889 seq=3668 src=1 c9=1210 c10=1500 c11=1012 c12=1500 step=6
4103.2534,MEAS ms=116934 seq=3669 src=1 c9=1210 c10=1500 c11=1012 c12=1500 step=6
4103.2534,MEAS ms=116979 seq=3670 src=1 c9=1210 c10=1500 c11=1012 c12=1500 step=6
4103.2534,MEAS ms=117024 seq=3671 src=1 c9=1210 c10=1500 c11=1012 c12=1500 step=6
4103.2994,MEAS ms=117069 seq=3672 src=1 c9=1210 c10=1500 c11=1012 c12=1500 step=6
4103.2995,MEAS ms=117089 seq=3673 src=1 c9=1210 c10=1500 c11=1012 c12=1500 step=6
4103.2995,MEAS ms=117097 seq=3674 src=1 c9=1210 c10=1500 c11=1012 c12=1500 step=6
4103.2995,MEAS ms=117106 seq=3675 src=1 c9=1210 c10=1500 c11=1012 c12=1500 step=6
4103.3257,MEAS ms=117115 seq=3676 src=1 c9=1210 c10=1500 c11=1012 c12=1500 step=6
4103.3258,MEAS ms=117123 seq=3677 src=1 c9=1210 c10=1500 c11=1012 c12=1500 step=6
4103.3258,MEAS ms=117132 seq=3678 src=1 c9=1210 c10=1500 c11=1012 c12=1500 step=6
4103.3983,MEAS ms=117141 seq=3679 src=1 c9=1210 c10=1500 c11=1012 c12=1500 step=6
4103.3984,MEAS ms=117150 seq=3680 src=1 c9=1210 c10=1500 c11=1012 c12=1500 step=6
4103.3984,MEAS ms=117160 seq=3681 src=1 c9=1210 c10=1500 c11=1012 c12=1500 step=6
4103.3984,MEAS ms=117169 seq=3682 src=1 c9=1210 c10=1500 c11=1012 c12=1500 step=6
4103.5333,MEAS ms=117214 seq=3683 src=1 c9=1239 c10=1500 c11=1012 c12=1500 step=7
4103.5334,MEAS ms=117259 seq=3684 src=1 c9=1240 c10=1499 c11=1012 c12=1500 step=7
4103.5334,MEAS ms=117304 seq=3685 src=1 c9=1240 c10=1500 c11=1010 c12=1500 step=7
4103.7132,MEAS ms=117349 seq=3686 src=1 c9=1240 c10=1500 c11=1012 c12=1500 step=7
4103.7132,MEAS ms=117394 seq=3687 src=1 c9=1240 c10=1500 c11=1012 c12=1500 step=7
4103.7132,MEAS ms=117439 seq=3688 src=1 c9=1240 c10=1500 c11=1012 c12=1500 step=7
4103.7132,MEAS ms=117484 seq=3689 src=1 c9=1240 c10=1500 c11=1012 c12=1500 step=7
4103.8232,MEAS ms=117529 seq=3690 src=1 c9=1240 c10=1500 c11=1012 c12=1500 step=7
4103.8233,MEAS ms=117574 seq=3691 src=1 c9=1240 c10=1500 c11=1012 c12=1500 step=7
4103.8233,MEAS ms=117619 seq=3692 src=1 c9=1240 c10=1500 c11=1012 c12=1500 step=7
4103.8585,MEAS ms=117639 seq=3693 src=1 c9=1240 c10=1500 c11=1012 c12=1500 step=7
4103.8585,MEAS ms=117647 seq=3694 src=1 c9=1240 c10=1500 c11=1012 c12=1500 step=7
4103.8585,MEAS ms=117656 seq=3695 src=1 c9=1240 c10=1500 c11=1012 c12=1500 step=7
4103.8586,MEAS ms=117665 seq=3696 src=1 c9=1240 c10=1500 c11=1012 c12=1500 step=7
4103.8845,MEAS ms=117674 seq=3697 src=1 c9=1240 c10=1500 c11=1012 c12=1500 step=7
4103.8845,MEAS ms=117682 seq=3698 src=1 c9=1240 c10=1500 c11=1012 c12=1500 step=7
4103.8845,MEAS ms=117691 seq=3699 src=1 c9=1240 c10=1500 c11=1012 c12=1500 step=7
4103.9932,MEAS ms=117700 seq=3700 src=1 c9=1240 c10=1500 c11=1012 c12=1500 step=7
4103.9933,MEAS ms=117709 seq=3701 src=1 c9=1240 c10=1500 c11=1012 c12=1500 step=7
4103.9933,MEAS ms=117719 seq=3702 src=1 c9=1240 c10=1500 c11=1012 c12=1500 step=7
4103.9933,MEAS ms=117764 seq=3703 src=1 c9=1240 c10=1500 c11=1012 c12=1500 step=7
4104.1284,MEAS ms=117809 seq=3704 src=1 c9=1240 c10=1500 c11=1012 c12=1500 step=7
4104.1284,MEAS ms=117854 seq=3705 src=1 c9=1240 c10=1500 c11=1012 c12=1500 step=7
4104.1284,MEAS ms=117899 seq=3706 src=1 c9=1240 c10=1500 c11=1012 c12=1500 step=7
4104.3084,MEAS ms=117944 seq=3707 src=1 c9=1240 c10=1500 c11=1012 c12=1500 step=7
4104.3084,MEAS ms=117989 seq=3708 src=1 c9=1240 c10=1500 c11=1012 c12=1500 step=7
4104.3084,MEAS ms=118034 seq=3709 src=1 c9=1240 c10=1500 c11=1012 c12=1500 step=7
4104.3084,MEAS ms=118079 seq=3710 src=1 c9=1240 c10=1500 c11=1012 c12=1500 step=7
4104.3811,MEAS ms=118124 seq=3711 src=1 c9=1240 c10=1500 c11=1012 c12=1500 step=7
4104.3812,MEAS ms=118169 seq=3712 src=1 c9=1239 c10=1500 c11=1012 c12=1500 step=7
4104.3812,MEAS ms=118189 seq=3713 src=1 c9=1239 c10=1500 c11=1012 c12=1500 step=7
4104.4164,MEAS ms=118197 seq=3714 src=1 c9=1240 c10=1499 c11=1012 c12=1500 step=7
4104.4164,MEAS ms=118206 seq=3715 src=1 c9=1240 c10=1499 c11=1012 c12=1500 step=7
4104.4165,MEAS ms=118215 seq=3716 src=1 c9=1240 c10=1499 c11=1012 c12=1500 step=7
4104.4165,MEAS ms=118224 seq=3717 src=1 c9=1240 c10=1499 c11=1012 c12=1500 step=7
4104.4439,MEAS ms=118232 seq=3718 src=1 c9=1271 c10=1500 c11=1010 c12=1500 step=8
4104.4439,MEAS ms=118241 seq=3719 src=1 c9=1271 c10=1500 c11=1010 c12=1500 step=8
4104.4439,MEAS ms=118250 seq=3720 src=1 c9=1271 c10=1500 c11=1010 c12=1500 step=8
4104.5881,MEAS ms=118259 seq=3721 src=1 c9=1271 c10=1500 c11=1010 c12=1500 step=8
4104.5882,MEAS ms=118269 seq=3722 src=1 c9=1271 c10=1500 c11=1012 c12=1499 step=8
4104.5882,MEAS ms=118314 seq=3723 src=1 c9=1271 c10=1500 c11=1012 c12=1500 step=8
4104.5882,MEAS ms=118359 seq=3724 src=1 c9=1271 c10=1500 c11=1012 c12=1500 step=8
4104.7231,MEAS ms=118404 seq=3725 src=1 c9=1271 c10=1500 c11=1012 c12=1500 step=8
4104.7232,MEAS ms=118449 seq=3726 src=1 c9=1271 c10=1500 c11=1012 c12=1500 step=8
4104.7232,MEAS ms=118494 seq=3727 src=1 c9=1271 c10=1500 c11=1012 c12=1500 step=8
4104.9033,MEAS ms=118539 seq=3728 src=1 c9=1271 c10=1500 c11=1012 c12=1500 step=8
4104.9033,MEAS ms=118584 seq=3729 src=1 c9=1271 c10=1500 c11=1012 c12=1500 step=8
4104.9033,MEAS ms=118629 seq=3730 src=1 c9=1271 c10=1500 c11=1012 c12=1500 step=8
4104.9033,MEAS ms=118674 seq=3731 src=1 c9=1271 c10=1500 c11=1012 c12=1500 step=8
4104.9403,MEAS ms=118719 seq=3732 src=1 c9=1271 c10=1500 c11=1012 c12=1500 step=8
4104.9403,MEAS ms=118739 seq=3733 src=1 c9=1271 c10=1500 c11=1012 c12=1500 step=8
4104.9403,MEAS ms=118747 seq=3734 src=1 c9=1271 c10=1500 c11=1012 c12=1500 step=8
4104.9759,MEAS ms=118756 seq=3735 src=1 c9=1271 c10=1500 c11=1012 c12=1500 step=8
4104.9759,MEAS ms=118765 seq=3736 src=1 c9=1271 c10=1500 c11=1012 c12=1500 step=8
4104.9759,MEAS ms=118773 seq=3737 src=1 c9=1271 c10=1500 c11=1012 c12=1500 step=8
4104.9759,MEAS ms=118782 seq=3738 src=1 c9=1271 c10=1500 c11=1012 c12=1500 step=8
4105.0032,MEAS ms=118791 seq=3739 src=1 c9=1271 c10=1500 c11=1012 c12=1500 step=8
4105.0032,MEAS ms=118800 seq=3740 src=1 c9=1271 c10=1500 c11=1012 c12=1500 step=8
4105.0032,MEAS ms=118810 seq=3741 src=1 c9=1271 c10=1500 c11=1012 c12=1500 step=8
4105.1833,MEAS ms=118819 seq=3742 src=1 c9=1271 c10=1500 c11=1012 c12=1500 step=8
4105.1834,MEAS ms=118864 seq=3743 src=1 c9=1271 c10=1500 c11=1012 c12=1500 step=8
4105.1834,MEAS ms=118909 seq=3744 src=1 c9=1271 c10=1500 c11=1012 c12=1500 step=8
4105.1834,MEAS ms=118954 seq=3745 src=1 c9=1271 c10=1500 c11=1012 c12=1500 step=8
4105.3183,MEAS ms=118999 seq=3746 src=1 c9=1271 c10=1500 c11=1012 c12=1500 step=8
4105.3183,MEAS ms=119044 seq=3747 src=1 c9=1271 c10=1500 c11=1012 c12=1500 step=8
4105.3183,MEAS ms=119089 seq=3748 src=1 c9=1271 c10=1500 c11=1012 c12=1500 step=8
4105.4733,MEAS ms=119134 seq=3749 src=1 c9=1270 c10=1500 c11=1012 c12=1500 step=8
4105.4733,MEAS ms=119179 seq=3750 src=1 c9=1271 c10=1499 c11=1012 c12=1500 step=8
4105.4734,MEAS ms=119224 seq=3751 src=1 c9=1302 c10=1500 c11=1012 c12=1500 step=9
4105.4734,MEAS ms=119269 seq=3752 src=1 c9=1302 c10=1500 c11=1012 c12=1500 step=9
4105.4995,MEAS ms=119289 seq=3753 src=1 c9=1302 c10=1500 c11=1012 c12=1500 step=9
4105.4995,MEAS ms=119297 seq=3754 src=1 c9=1302 c10=1500 c11=1012 c12=1500 step=9
4105.4995,MEAS ms=119306 seq=3755 src=1 c9=1302 c10=1500 c11=1012 c12=1500 step=9
4105.5348,MEAS ms=119315 seq=3756 src=1 c9=1302 c10=1500 c11=1012 c12=1500 step=9
4105.5348,MEAS ms=119324 seq=3757 src=1 c9=1302 c10=1500 c11=1012 c12=1500 step=9
4105.5348,MEAS ms=119332 seq=3758 src=1 c9=1302 c10=1500 c11=1012 c12=1500 step=9
4105.5349,MEAS ms=119341 seq=3759 src=1 c9=1302 c10=1500 c11=1012 c12=1500 step=9
4105.5982,MEAS ms=119350 seq=3760 src=1 c9=1302 c10=1500 c11=1012 c12=1500 step=9
4105.5983,MEAS ms=119359 seq=3761 src=1 c9=1302 c10=1500 c11=1012 c12=1500 step=9
4105.5983,MEAS ms=119369 seq=3762 src=1 c9=1302 c10=1500 c11=1012 c12=1500 step=9
4105.7784,MEAS ms=119414 seq=3763 src=1 c9=1302 c10=1500 c11=1012 c12=1500 step=9
4105.7784,MEAS ms=119459 seq=3764 src=1 c9=1302 c10=1500 c11=1012 c12=1500 step=9
4105.7784,MEAS ms=119504 seq=3765 src=1 c9=1302 c10=1500 c11=1012 c12=1500 step=9
4105.7784,MEAS ms=119549 seq=3766 src=1 c9=1302 c10=1500 c11=1012 c12=1500 step=9
4105.9132,MEAS ms=119594 seq=3767 src=1 c9=1302 c10=1500 c11=1012 c12=1500 step=9
4105.9132,MEAS ms=119639 seq=3768 src=1 c9=1302 c10=1500 c11=1012 c12=1500 step=9
4105.9132,MEAS ms=119684 seq=3769 src=1 c9=1302 c10=1500 c11=1012 c12=1500 step=9
4106.0311,MEAS ms=119729 seq=3770 src=1 c9=1302 c10=1500 c11=1012 c12=1500 step=9
4106.0311,MEAS ms=119774 seq=3771 src=1 c9=1302 c10=1500 c11=1012 c12=1500 step=9
4106.0311,MEAS ms=119819 seq=3772 src=1 c9=1302 c10=1500 c11=1012 c12=1500 step=9
4106.0311,MEAS ms=119839 seq=3773 src=1 c9=1302 c10=1500 c11=1012 c12=1500 step=9
4106.0584,MEAS ms=119847 seq=3774 src=1 c9=1302 c10=1500 c11=1012 c12=1500 step=9
4106.0584,MEAS ms=119856 seq=3775 src=1 c9=1302 c10=1500 c11=1012 c12=1500 step=9
4106.0585,MEAS ms=119865 seq=3776 src=1 c9=1302 c10=1500 c11=1012 c12=1500 step=9
4106.0936,MEAS ms=119874 seq=3777 src=1 c9=1302 c10=1500 c11=1012 c12=1500 step=9
4106.0937,MEAS ms=119882 seq=3778 src=1 c9=1302 c10=1500 c11=1012 c12=1500 step=9
4106.0937,MEAS ms=119891 seq=3779 src=1 c9=1302 c10=1500 c11=1012 c12=1500 step=9
4106.0937,MEAS ms=119900 seq=3780 src=1 c9=1302 c10=1500 c11=1012 c12=1500 step=9
4106.1934,MEAS ms=119909 seq=3781 src=1 c9=1302 c10=1500 c11=1012 c12=1500 step=9
4106.1934,MEAS ms=119919 seq=3782 src=1 c9=1302 c10=1500 c11=1012 c12=1500 step=9
4106.1935,MEAS ms=119964 seq=3783 src=1 c9=1302 c10=1500 c11=1012 c12=1500 step=9
4106.3733,MEAS ms=120009 seq=3784 src=1 c9=1302 c10=1500 c11=1012 c12=1500 step=9
4106.3733,MEAS ms=120054 seq=3785 src=1 c9=1300 c10=1500 c11=1012 c12=1500 step=9
4106.3733,MEAS ms=120099 seq=3786 src=1 c9=1302 c10=1499 c11=1012 c12=1500 step=9
4106.3733,MEAS ms=120144 seq=3787 src=1 c9=1302 c10=1500 c11=1010 c12=1500 step=9
4106.5083,MEAS ms=120189 seq=3788 src=1 c9=1302 c10=1500 c11=1012 c12=1499 step=9
4106.5083,MEAS ms=120234 seq=3789 src=1 c9=1302 c10=1500 c11=1012 c12=1500 step=9
4106.5083,MEAS ms=120279 seq=3790 src=1 c9=1331 c10=1500 c11=1012 c12=1500 step=10
4106.5905,MEAS ms=120324 seq=3791 src=1 c9=1331 c10=1500 c11=1012 c12=1500 step=10
4106.5905,MEAS ms=120369 seq=3792 src=1 c9=1331 c10=1500 c11=1012 c12=1500 step=10
4106.5905,MEAS ms=120389 seq=3793 src=1 c9=1331 c10=1500 c11=1012 c12=1500 step=10
4106.5905,MEAS ms=120397 seq=3794 src=1 c9=1331 c10=1500 c11=1012 c12=1500 step=10
4106.6169,MEAS ms=120406 seq=3795 src=1 c9=1331 c10=1500 c11=1012 c12=1500 step=10
4106.6169,MEAS ms=120414 seq=3796 src=1 c9=1331 c10=1500 c11=1012 c12=1500 step=10
4106.6169,MEAS ms=120423 seq=3797 src=1 c9=1331 c10=1500 c11=1012 c12=1500 step=10
4106.6526,MEAS ms=120432 seq=3798 src=1 c9=1331 c10=1500 c11=1012 c12=1500 step=10
4106.6526,MEAS ms=120442 seq=3799 src=1 c9=1331 c10=1500 c11=1012 c12=1500 step=10
4106.6526,MEAS ms=120451 seq=3800 src=1 c9=1331 c10=1500 c11=1012 c12=1500 step=10
4106.6527,MEAS ms=120460 seq=3801 src=1 c9=1331 c10=1500 c11=1012 c12=1500 step=10
4106.6804,MEAS ms=120468 seq=3802 src=1 c9=1331 c10=1500 c11=1012 c12=1500 step=10
4106.6805,MEAS ms=120477 seq=3803 src=1 c9=1331 c10=1500 c11=1012 c12=1500 step=10
4106.6805,MEAS ms=120486 seq=3804 src=1 c9=1331 c10=1500 c11=1012 c12=1500 step=10
4106.7160,MEAS ms=120496 seq=3805 src=1 c9=1331 c10=1500 c11=1012 c12=1500 step=10
4106.7161,MEAS ms=120505 seq=3806 src=1 c9=1331 c10=1500 c11=1012 c12=1500 step=10
4106.7161,MEAS ms=120513 seq=3807 src=1 c9=1331 c10=1500 c11=1012 c12=1500 step=10
4106.7161,MEAS ms=120522 seq=3808 src=1 c9=1331 c10=1500 c11=1012 c12=1500 step=10
4106.7438,MEAS ms=120531 seq=3809 src=1 c9=1331 c10=1500 c11=1012 c12=1500 step=10
4106.7439,MEAS ms=120541 seq=3810 src=1 c9=1331 c10=1500 c11=1012 c12=1500 step=10
4106.7439,MEAS ms=120550 seq=3811 src=1 c9=1331 c10=1500 c11=1012 c12=1500 step=10
4106.7701,MEAS ms=120559 seq=3812 src=1 c9=1331 c10=1500 c11=1012 c12=1500 step=10
4106.7702,MEAS ms=120567 seq=3813 src=1 c9=1331 c10=1500 c11=1012 c12=1500 step=10
4106.7702,MEAS ms=120576 seq=3814 src=1 c9=1331 c10=1500 c11=1012 c12=1500 step=10
4106.8063,MEAS ms=120586 seq=3815 src=1 c9=1331 c10=1500 c11=1012 c12=1500 step=10
4106.8063,MEAS ms=120595 seq=3816 src=1 c9=1331 c10=1500 c11=1012 c12=1500 step=10
4106.8063,MEAS ms=120604 seq=3817 src=1 c9=1331 c10=1500 c11=1012 c12=1500 step=10
4106.8063,MEAS ms=120614 seq=3818 src=1 c9=1331 c10=1500 c11=1012 c12=1500 step=10
4106.8341,MEAS ms=120622 seq=3819 src=1 c9=1331 c10=1500 c11=1012 c12=1500 step=10
4106.8342,MEAS ms=120631 seq=3820 src=1 c9=1331 c10=1500 c11=1012 c12=1500 step=10
4106.8342,MEAS ms=120640 seq=3821 src=1 c9=1331 c10=1500 c11=1012 c12=1500 step=10
4106.8696,MEAS ms=120649 seq=3822 src=1 c9=1331 c10=1500 c11=1012 c12=1500 step=10
4106.8697,MEAS ms=120657 seq=3823 src=1 c9=1331 c10=1500 c11=1012 c12=1500 step=10
4106.8697,MEAS ms=120667 seq=3824 src=1 c9=1331 c10=1500 c11=1012 c12=1500 step=10
4106.8697,MEAS ms=120676 seq=3825 src=1 c9=1331 c10=1500 c11=1012 c12=1500 step=10
4106.8963,MEAS ms=120685 seq=3826 src=1 c9=1331 c10=1500 c11=1012 c12=1500 step=10
4106.8963,MEAS ms=120694 seq=3827 src=1 c9=1331 c10=1500 c11=1012 c12=1500 step=10
4106.8963,MEAS ms=120704 seq=3828 src=1 c9=1331 c10=1500 c11=1012 c12=1500 step=10
4106.9333,MEAS ms=120712 seq=3829 src=1 c9=1331 c10=1500 c11=1012 c12=1500 step=10
4106.9333,MEAS ms=120721 seq=3830 src=1 c9=1331 c10=1500 c11=1012 c12=1500 step=10
4106.9333,MEAS ms=120730 seq=3831 src=1 c9=1331 c10=1500 c11=1012 c12=1500 step=10
4106.9333,MEAS ms=120739 seq=3832 src=1 c9=1331 c10=1500 c11=1012 c12=1500 step=10
4106.9596,MEAS ms=120749 seq=3833 src=1 c9=1331 c10=1500 c11=1012 c12=1500 step=10
4106.9597,MEAS ms=120757 seq=3834 src=1 c9=1331 c10=1500 c11=1012 c12=1500 step=10
4106.9597,MEAS ms=120766 seq=3835 src=1 c9=1331 c10=1500 c11=1012 c12=1500 step=10
4106.9955,MEAS ms=120775 seq=3836 src=1 c9=1331 c10=1500 c11=1012 c12=1500 step=10
4106.9955,MEAS ms=120784 seq=3837 src=1 c9=1331 c10=1500 c11=1012 c12=1500 step=10
4106.9955,MEAS ms=120794 seq=3838 src=1 c9=1331 c10=1500 c11=1012 c12=1500 step=10
4106.9955,MEAS ms=120802 seq=3839 src=1 c9=1331 c10=1500 c11=1012 c12=1500 step=10
4107.0234,MEAS ms=120811 seq=3840 src=1 c9=1331 c10=1500 c11=1012 c12=1500 step=10
4107.0235,MEAS ms=120820 seq=3841 src=1 c9=1331 c10=1500 c11=1012 c12=1500 step=10
4107.0235,MEAS ms=120829 seq=3842 src=1 c9=1331 c10=1500 c11=1012 c12=1500 step=10
4107.0589,MEAS ms=120839 seq=3843 src=1 c9=1331 c10=1500 c11=1012 c12=1500 step=10
4107.0590,MEAS ms=120847 seq=3844 src=1 c9=1331 c10=1500 c11=1012 c12=1500 step=10
4107.0590,MEAS ms=120856 seq=3845 src=1 c9=1331 c10=1500 c11=1012 c12=1500 step=10
4107.0590,MEAS ms=120865 seq=3846 src=1 c9=1331 c10=1500 c11=1012 c12=1500 step=10
4107.0856,MEAS ms=120874 seq=3847 src=1 c9=1331 c10=1500 c11=1012 c12=1500 step=10
4107.0856,MEAS ms=120884 seq=3848 src=1 c9=1331 c10=1500 c11=1012 c12=1500 step=10
4107.0856,MEAS ms=120892 seq=3849 src=1 c9=1331 c10=1500 c11=1012 c12=1500 step=10
4107.1135,MEAS ms=120901 seq=3850 src=1 c9=1331 c10=1500 c11=1012 c12=1500 step=10
4107.1135,MEAS ms=120910 seq=3851 src=1 c9=1331 c10=1500 c11=1012 c12=1500 step=10
4107.1135,MEAS ms=120919 seq=3852 src=1 c9=1331 c10=1500 c11=1012 c12=1500 step=10
4107.1135,MEAS ms=120929 seq=3853 src=1 c9=1331 c10=1500 c11=1012 c12=1500 step=10
4107.1856,MEAS ms=120964 seq=3854 src=1 c9=1331 c10=1500 c11=1012 c12=1500 step=10
4107.1857,MEAS ms=120984 seq=3855 src=1 c9=1331 c10=1500 c11=1012 c12=1500 step=10
4107.1857,MEAS ms=120992 seq=3856 src=1 c9=1331 c10=1500 c11=1012 c12=1500 step=10
4107.2120,MEAS ms=121001 seq=3857 src=1 c9=1331 c10=1500 c11=1012 c12=1500 step=10
4107.2121,MEAS ms=121009 seq=3858 src=1 c9=1331 c10=1500 c11=1012 c12=1500 step=10
4107.2121,MEAS ms=121018 seq=3859 src=1 c9=1331 c10=1500 c11=1012 c12=1500 step=10
4107.2477,MEAS ms=121027 seq=3860 src=1 c9=1331 c10=1500 c11=1012 c12=1500 step=10
4107.2478,MEAS ms=121037 seq=3861 src=1 c9=1331 c10=1500 c11=1012 c12=1500 step=10
4107.2478,MEAS ms=121046 seq=3862 src=1 c9=1331 c10=1499 c11=1012 c12=1500 step=10
4107.2478,MEAS ms=121055 seq=3863 src=1 c9=1331 c10=1499 c11=1012 c12=1500 step=10
4107.2753,MEAS ms=121063 seq=3864 src=1 c9=1331 c10=1499 c11=1012 c12=1500 step=10
4107.2754,MEAS ms=121072 seq=3865 src=1 c9=1331 c10=1499 c11=1010 c12=1500 step=10
4107.2754,MEAS ms=121082 seq=3866 src=1 c9=1331 c10=1500 c11=1010 c12=1500 step=10
4107.3111,MEAS ms=121091 seq=3867 src=1 c9=1331 c10=1500 c11=1010 c12=1500 step=10
4107.3111,MEAS ms=121100 seq=3868 src=1 c9=1331 c10=1500 c11=1010 c12=1500 step=10
4107.3111,MEAS ms=121109 seq=3869 src=1 c9=1331 c10=1500 c11=1012 c12=1500 step=10
4107.3111,MEAS ms=121117 seq=3870 src=1 c9=1331 c10=1500 c11=1012 c12=1499 step=10
4107.3388,MEAS ms=121126 seq=3871 src=1 c9=1331 c10=1500 c11=1012 c12=1499 step=10
4107.3389,MEAS ms=121136 seq=3872 src=1 c9=1331 c10=1500 c11=1012 c12=1499 step=10
4107.3389,MEAS ms=121145 seq=3873 src=1 c9=1331 c10=1500 c11=1012 c12=1499 step=10
4107.3744,MEAS ms=121154 seq=3874 src=1 c9=1331 c10=1500 c11=1012 c12=1500 step=10
4107.3745,MEAS ms=121162 seq=3875 src=1 c9=1331 c10=1500 c11=1012 c12=1500 step=10
4107.3745,MEAS ms=121171 seq=3876 src=1 c9=1331 c10=1500 c11=1012 c12=1500 step=10
4107.3745,MEAS ms=121181 seq=3877 src=1 c9=1331 c10=1500 c11=1012 c12=1500 step=10
4107.4013,MEAS ms=121190 seq=3878 src=1 c9=1331 c10=1500 c11=1012 c12=1500 step=10
4107.4013,MEAS ms=121199 seq=3879 src=1 c9=1331 c10=1500 c11=1012 c12=1500 step=10
4107.4013,MEAS ms=121209 seq=3880 src=1 c9=1331 c10=1500 c11=1012 c12=1500 step=10
4107.4370,MEAS ms=121217 seq=3881 src=1 c9=1331 c10=1500 c11=1012 c12=1500 step=10
4107.4371,MEAS ms=121226 seq=3882 src=1 c9=1331 c10=1500 c11=1012 c12=1500 step=10
4107.4371,MEAS ms=121235 seq=3883 src=1 c9=1331 c10=1500 c11=1012 c12=1500 step=10
4107.4371,MEAS ms=121244 seq=3884 src=1 c9=1362 c10=1500 c11=1012 c12=1500 step=11
4107.4646,MEAS ms=121252 seq=3885 src=1 c9=1362 c10=1500 c11=1012 c12=1500 step=11
4107.4646,MEAS ms=121262 seq=3886 src=1 c9=1362 c10=1500 c11=1012 c12=1500 step=11
4107.4646,MEAS ms=121271 seq=3887 src=1 c9=1362 c10=1500 c11=1012 c12=1500 step=11
4107.5005,MEAS ms=121280 seq=3888 src=1 c9=1362 c10=1500 c11=1012 c12=1500 step=11
4107.5005,MEAS ms=121289 seq=3889 src=1 c9=1362 c10=1500 c11=1012 c12=1500 step=11
4107.5005,MEAS ms=121299 seq=3890 src=1 c9=1362 c10=1500 c11=1012 c12=1500 step=11
4107.5005,MEAS ms=121307 seq=3891 src=1 c9=1362 c10=1500 c11=1012 c12=1500 step=11
4107.5286,MEAS ms=121316 seq=3892 src=1 c9=1362 c10=1500 c11=1012 c12=1500 step=11
4107.5287,MEAS ms=121325 seq=3893 src=1 c9=1362 c10=1500 c11=1012 c12=1500 step=11
4107.5287,MEAS ms=121334 seq=3894 src=1 c9=1362 c10=1500 c11=1012 c12=1500 step=11
4107.5547,MEAS ms=121344 seq=3895 src=1 c9=1362 c10=1500 c11=1012 c12=1500 step=11
4107.5547,MEAS ms=121352 seq=3896 src=1 c9=1362 c10=1500 c11=1012 c12=1500 step=11
4107.5548,MEAS ms=121361 seq=3897 src=1 c9=1362 c10=1500 c11=1012 c12=1500 step=11
4107.5904,MEAS ms=121370 seq=3898 src=1 c9=1362 c10=1500 c11=1012 c12=1500 step=11
4107.5904,MEAS ms=121379 seq=3899 src=1 c9=1362 c10=1500 c11=1012 c12=1500 step=11
4107.5905,MEAS ms=121389 seq=3900 src=1 c9=1362 c10=1500 c11=1012 c12=1500 step=11
4107.5905,MEAS ms=121397 seq=3901 src=1 c9=1362 c10=1500 c11=1012 c12=1500 step=11
4107.6182,MEAS ms=121406 seq=3902 src=1 c9=1362 c10=1500 c11=1012 c12=1500 step=11
4107.6182,MEAS ms=121415 seq=3903 src=1 c9=1362 c10=1500 c11=1012 c12=1500 step=11
4107.6182,MEAS ms=121424 seq=3904 src=1 c9=1362 c10=1500 c11=1012 c12=1500 step=11
4107.6541,MEAS ms=121434 seq=3905 src=1 c9=1362 c10=1500 c11=1012 c12=1500 step=11
4107.6541,MEAS ms=121442 seq=3906 src=1 c9=1362 c10=1500 c11=1012 c12=1500 step=11
4107.6541,MEAS ms=121451 seq=3907 src=1 c9=1362 c10=1500 c11=1012 c12=1500 step=11
4107.6541,MEAS ms=121460 seq=3908 src=1 c9=1362 c10=1500 c11=1012 c12=1500 step=11
4107.7182,MEAS ms=121469 seq=3909 src=1 c9=1362 c10=1500 c11=1012 c12=1500 step=11
4107.7183,MEAS ms=121479 seq=3910 src=1 c9=1362 c10=1500 c11=1012 c12=1500 step=11
4107.7183,MEAS ms=121514 seq=3911 src=1 c9=1362 c10=1500 c11=1012 c12=1500 step=11
4107.7527,MEAS ms=121534 seq=3912 src=1 c9=1362 c10=1500 c11=1012 c12=1500 step=11
4107.7527,MEAS ms=121542 seq=3913 src=1 c9=1362 c10=1500 c11=1012 c12=1500 step=11
4107.7527,MEAS ms=121551 seq=3914 src=1 c9=1362 c10=1500 c11=1012 c12=1500 step=11
4107.7528,MEAS ms=121559 seq=3915 src=1 c9=1362 c10=1500 c11=1012 c12=1500 step=11
4107.7803,MEAS ms=121568 seq=3916 src=1 c9=1362 c10=1500 c11=1012 c12=1500 step=11
4107.7803,MEAS ms=121577 seq=3917 src=1 c9=1362 c10=1500 c11=1012 c12=1500 step=11
4107.7804,MEAS ms=121587 seq=3918 src=1 c9=1362 c10=1500 c11=1012 c12=1500 step=11
4107.8158,MEAS ms=121596 seq=3919 src=1 c9=1362 c10=1500 c11=1012 c12=1500 step=11
4107.8158,MEAS ms=121605 seq=3920 src=1 c9=1362 c10=1500 c11=1012 c12=1500 step=11
4107.8158,MEAS ms=121614 seq=3921 src=1 c9=1362 c10=1500 c11=1012 c12=1500 step=11
4107.8158,MEAS ms=121622 seq=3922 src=1 c9=1362 c10=1500 c11=1012 c12=1500 step=11
4107.8435,MEAS ms=121631 seq=3923 src=1 c9=1362 c10=1500 c11=1012 c12=1500 step=11
4107.8435,MEAS ms=121641 seq=3924 src=1 c9=1362 c10=1500 c11=1012 c12=1500 step=11
4107.8435,MEAS ms=121650 seq=3925 src=1 c9=1362 c10=1500 c11=1012 c12=1500 step=11
4107.8796,MEAS ms=121659 seq=3926 src=1 c9=1362 c10=1500 c11=1012 c12=1500 step=11
4107.8796,MEAS ms=121669 seq=3927 src=1 c9=1362 c10=1500 c11=1012 c12=1500 step=11
4107.8797,MEAS ms=121677 seq=3928 src=1 c9=1362 c10=1500 c11=1012 c12=1500 step=11
4107.8797,MEAS ms=121686 seq=3929 src=1 c9=1362 c10=1500 c11=1012 c12=1500 step=11
4107.9061,MEAS ms=121695 seq=3930 src=1 c9=1362 c10=1500 c11=1012 c12=1500 step=11
4107.9061,MEAS ms=121704 seq=3931 src=1 c9=1362 c10=1500 c11=1012 c12=1500 step=11
4107.9061,MEAS ms=121712 seq=3932 src=1 c9=1362 c10=1500 c11=1012 c12=1500 step=11
4107.9432,MEAS ms=121721 seq=3933 src=1 c9=1362 c10=1500 c11=1012 c12=1500 step=11
4107.9432,MEAS ms=121731 seq=3934 src=1 c9=1362 c10=1500 c11=1012 c12=1500 step=11
4107.9432,MEAS ms=121740 seq=3935 src=1 c9=1362 c10=1500 c11=1012 c12=1500 step=11
4107.9433,MEAS ms=121749 seq=3936 src=1 c9=1362 c10=1500 c11=1012 c12=1500 step=11
4107.9704,MEAS ms=121759 seq=3937 src=1 c9=1362 c10=1500 c11=1012 c12=1500 step=11
4107.9704,MEAS ms=121767 seq=3938 src=1 c9=1362 c10=1500 c11=1012 c12=1500 step=11
4107.9704,MEAS ms=121776 seq=3939 src=1 c9=1362 c10=1500 c11=1012 c12=1500 step=11
4107.9961,MEAS ms=121785 seq=3940 src=1 c9=1362 c10=1500 c11=1012 c12=1500 step=11
4107.9961,MEAS ms=121794 seq=3941 src=1 c9=1362 c10=1500 c11=1012 c12=1500 step=11
4107.9961,MEAS ms=121804 seq=3942 src=1 c9=1362 c10=1500 c11=1012 c12=1500 step=11
4108.0334,MEAS ms=121812 seq=3943 src=1 c9=1362 c10=1500 c11=1012 c12=1500 step=11
4108.0334,MEAS ms=121821 seq=3944 src=1 c9=1362 c10=1500 c11=1012 c12=1500 step=11
4108.0335,MEAS ms=121830 seq=3945 src=1 c9=1362 c10=1500 c11=1012 c12=1500 step=11
4108.0335,MEAS ms=121839 seq=3946 src=1 c9=1362 c10=1500 c11=1012 c12=1500 step=11
4108.0596,MEAS ms=121849 seq=3947 src=1 c9=1362 c10=1500 c11=1012 c12=1500 step=11
4108.0596,MEAS ms=121857 seq=3948 src=1 c9=1362 c10=1500 c11=1012 c12=1500 step=11
4108.0596,MEAS ms=121866 seq=3949 src=1 c9=1362 c10=1500 c11=1012 c12=1500 step=11
4108.0955,MEAS ms=121875 seq=3950 src=1 c9=1362 c10=1500 c11=1012 c12=1500 step=11
4108.0955,MEAS ms=121884 seq=3951 src=1 c9=1362 c10=1500 c11=1012 c12=1500 step=11
4108.0955,MEAS ms=121894 seq=3952 src=1 c9=1362 c10=1500 c11=1012 c12=1500 step=11
4108.0956,MEAS ms=121902 seq=3953 src=1 c9=1362 c10=1500 c11=1012 c12=1500 step=11
4108.1233,MEAS ms=121911 seq=3954 src=1 c9=1362 c10=1500 c11=1012 c12=1500 step=11
4108.1233,MEAS ms=121920 seq=3955 src=1 c9=1362 c10=1500 c11=1012 c12=1500 step=11
4108.1233,MEAS ms=121929 seq=3956 src=1 c9=1362 c10=1500 c11=1012 c12=1500 step=11
4108.1588,MEAS ms=121939 seq=3957 src=1 c9=1362 c10=1500 c11=1012 c12=1500 step=11
4108.1588,MEAS ms=121947 seq=3958 src=1 c9=1362 c10=1500 c11=1012 c12=1500 step=11
4108.1588,MEAS ms=121956 seq=3959 src=1 c9=1361 c10=1500 c11=1012 c12=1500 step=11
4108.1588,MEAS ms=121965 seq=3960 src=1 c9=1361 c10=1500 c11=1012 c12=1500 step=11
4108.1854,MEAS ms=121974 seq=3961 src=1 c9=1361 c10=1500 c11=1012 c12=1500 step=11
4108.1854,MEAS ms=121984 seq=3962 src=1 c9=1361 c10=1500 c11=1012 c12=1500 step=11
4108.1854,MEAS ms=121992 seq=3963 src=1 c9=1362 c10=1500 c11=1012 c12=1500 step=11
4108.2482,MEAS ms=122001 seq=3964 src=1 c9=1362 c10=1499 c11=1012 c12=1500 step=11
4108.2482,MEAS ms=122010 seq=3965 src=1 c9=1362 c10=1499 c11=1012 c12=1500 step=11
4108.2482,MEAS ms=122019 seq=3966 src=1 c9=1362 c10=1499 c11=1012 c12=1500 step=11
4108.2482,MEAS ms=122029 seq=3967 src=1 c9=1362 c10=1499 c11=1010 c12=1500 step=11
4108.2855,MEAS ms=122064 seq=3968 src=1 c9=1362 c10=1500 c11=1012 c12=1500 step=11
4108.2855,MEAS ms=122084 seq=3969 src=1 c9=1362 c10=1500 c11=1012 c12=1499 step=11
4108.2855,MEAS ms=122092 seq=3970 src=1 c9=1362 c10=1500 c11=1012 c12=1499 step=11
4108.3210,MEAS ms=122101 seq=3971 src=1 c9=1362 c10=1500 c11=1012 c12=1499 step=11
4108.3210,MEAS ms=122109 seq=3972 src=1 c9=1362 c10=1500 c11=1012 c12=1500 step=11
4108.3210,MEAS ms=122118 seq=3973 src=1 c9=1362 c10=1500 c11=1012 c12=1500 step=11
4108.3210,MEAS ms=122127 seq=3974 src=1 c9=1362 c10=1500 c11=1012 c12=1500 step=11
4108.3486,MEAS ms=122136 seq=3975 src=1 c9=1362 c10=1500 c11=1012 c12=1500 step=11
4108.3486,MEAS ms=122146 seq=3976 src=1 c9=1362 c10=1500 c11=1012 c12=1500 step=11
4108.3486,MEAS ms=122155 seq=3977 src=1 c9=1362 c10=1500 c11=1012 c12=1500 step=11
4108.3749,MEAS ms=122164 seq=3978 src=1 c9=1362 c10=1500 c11=1012 c12=1500 step=11
4108.3750,MEAS ms=122172 seq=3979 src=1 c9=1362 c10=1500 c11=1012 c12=1500 step=11
4108.3750,MEAS ms=122181 seq=3980 src=1 c9=1362 c10=1500 c11=1012 c12=1500 step=11
4108.3750,MEAS ms=122191 seq=3981 src=1 c9=1362 c10=1500 c11=1012 c12=1500 step=11
4108.4113,MEAS ms=122200 seq=3982 src=1 c9=1362 c10=1500 c11=1012 c12=1500 step=11
4108.4113,MEAS ms=122209 seq=3983 src=1 c9=1362 c10=1500 c11=1012 c12=1500 step=11
4108.4113,MEAS ms=122219 seq=3984 src=1 c9=1362 c10=1500 c11=1012 c12=1500 step=11
4108.4389,MEAS ms=122227 seq=3985 src=1 c9=1362 c10=1500 c11=1012 c12=1500 step=11
4108.4389,MEAS ms=122236 seq=3986 src=1 c9=1362 c10=1500 c11=1012 c12=1500 step=11
4108.4389,MEAS ms=122245 seq=3987 src=1 c9=1394 c10=1500 c11=1012 c12=1500 step=12
4108.4745,MEAS ms=122254 seq=3988 src=1 c9=1394 c10=1500 c11=1012 c12=1500 step=12
4108.4745,MEAS ms=122262 seq=3989 src=1 c9=1394 c10=1500 c11=1012 c12=1500 step=12
4108.4745,MEAS ms=122271 seq=3990 src=1 c9=1394 c10=1500 c11=1012 c12=1500 step=12
4108.4745,MEAS ms=122281 seq=3991 src=1 c9=1394 c10=1500 c11=1012 c12=1500 step=12
4108.5012,MEAS ms=122290 seq=3992 src=1 c9=1394 c10=1500 c11=1012 c12=1500 step=12
4108.5012,MEAS ms=122299 seq=3993 src=1 c9=1394 c10=1500 c11=1012 c12=1500 step=12
4108.5012,MEAS ms=122309 seq=3994 src=1 c9=1394 c10=1500 c11=1012 c12=1500 step=12
4108.5369,MEAS ms=122317 seq=3995 src=1 c9=1394 c10=1500 c11=1012 c12=1500 step=12
4108.5369,MEAS ms=122326 seq=3996 src=1 c9=1394 c10=1500 c11=1012 c12=1500 step=12
4108.5369,MEAS ms=122335 seq=3997 src=1 c9=1394 c10=1500 c11=1012 c12=1500 step=12
4108.5369,MEAS ms=122344 seq=3998 src=1 c9=1394 c10=1500 c11=1012 c12=1500 step=12
4108.5645,MEAS ms=122352 seq=3999 src=1 c9=1394 c10=1500 c11=1012 c12=1500 step=12
4108.5645,MEAS ms=122362 seq=4000 src=1 c9=1394 c10=1500 c11=1012 c12=1500 step=12
4108.5646,MEAS ms=122371 seq=4001 src=1 c9=1394 c10=1500 c11=1012 c12=1500 step=12
4108.6003,MEAS ms=122380 seq=4002 src=1 c9=1394 c10=1500 c11=1012 c12=1500 step=12
4108.6003,MEAS ms=122389 seq=4003 src=1 c9=1394 c10=1500 c11=1012 c12=1500 step=12
4108.6003,MEAS ms=122399 seq=4004 src=1 c9=1394 c10=1500 c11=1012 c12=1500 step=12
4108.6004,MEAS ms=122407 seq=4005 src=1 c9=1394 c10=1500 c11=1012 c12=1500 step=12
4108.6282,MEAS ms=122416 seq=4006 src=1 c9=1394 c10=1500 c11=1012 c12=1500 step=12
4108.6282,MEAS ms=122425 seq=4007 src=1 c9=1394 c10=1500 c11=1012 c12=1500 step=12
4108.6283,MEAS ms=122434 seq=4008 src=1 c9=1394 c10=1500 c11=1012 c12=1500 step=12
4108.6639,MEAS ms=122444 seq=4009 src=1 c9=1394 c10=1500 c11=1012 c12=1500 step=12
4108.6639,MEAS ms=122452 seq=4010 src=1 c9=1394 c10=1500 c11=1012 c12=1500 step=12
4108.6639,MEAS ms=122461 seq=4011 src=1 c9=1394 c10=1500 c11=1012 c12=1500 step=12
4108.6639,MEAS ms=122470 seq=4012 src=1 c9=1394 c10=1500 c11=1012 c12=1500 step=12
4108.6904,MEAS ms=122479 seq=4013 src=1 c9=1394 c10=1500 c11=1012 c12=1500 step=12
4108.6905,MEAS ms=122489 seq=4014 src=1 c9=1394 c10=1500 c11=1012 c12=1500 step=12
4108.6905,MEAS ms=122497 seq=4015 src=1 c9=1394 c10=1500 c11=1012 c12=1500 step=12
4108.7263,MEAS ms=122506 seq=4016 src=1 c9=1394 c10=1500 c11=1012 c12=1500 step=12
4108.7264,MEAS ms=122515 seq=4017 src=1 c9=1394 c10=1500 c11=1012 c12=1500 step=12
4108.7264,MEAS ms=122524 seq=4018 src=1 c9=1394 c10=1500 c11=1012 c12=1500 step=12
4108.7264,MEAS ms=122534 seq=4019 src=1 c9=1394 c10=1500 c11=1012 c12=1500 step=12
4108.7539,MEAS ms=122542 seq=4020 src=1 c9=1394 c10=1500 c11=1012 c12=1500 step=12
4108.7539,MEAS ms=122551 seq=4021 src=1 c9=1394 c10=1500 c11=1012 c12=1500 step=12
4108.7539,MEAS ms=122560 seq=4022 src=1 c9=1394 c10=1500 c11=1012 c12=1500 step=12
4108.8184,MEAS ms=122569 seq=4023 src=1 c9=1394 c10=1500 c11=1012 c12=1500 step=12
4108.8184,MEAS ms=122579 seq=4024 src=1 c9=1394 c10=1500 c11=1012 c12=1500 step=12
4108.8184,MEAS ms=122614 seq=4025 src=1 c9=1394 c10=1500 c11=1012 c12=1500 step=12
4108.8526,MEAS ms=122634 seq=4026 src=1 c9=1394 c10=1500 c11=1012 c12=1500 step=12
4108.8527,MEAS ms=122642 seq=4027 src=1 c9=1394 c10=1500 c11=1012 c12=1500 step=12
4108.8527,MEAS ms=122651 seq=4028 src=1 c9=1394 c10=1500 c11=1012 c12=1500 step=12
4108.8527,MEAS ms=122659 seq=4029 src=1 c9=1394 c10=1500 c11=1012 c12=1500 step=12
4108.8804,MEAS ms=122668 seq=4030 src=1 c9=1394 c10=1500 c11=1012 c12=1500 step=12
4108.8805,MEAS ms=122677 seq=4031 src=1 c9=1394 c10=1500 c11=1012 c12=1500 step=12
4108.8805,MEAS ms=122687 seq=4032 src=1 c9=1394 c10=1500 c11=1012 c12=1500 step=12
4108.9159,MEAS ms=122696 seq=4033 src=1 c9=1394 c10=1500 c11=1012 c12=1500 step=12
4108.9159,MEAS ms=122705 seq=4034 src=1 c9=1394 c10=1500 c11=1012 c12=1500 step=12
4108.9159,MEAS ms=122714 seq=4035 src=1 c9=1394 c10=1500 c11=1012 c12=1500 step=12
4108.9159,MEAS ms=122722 seq=4036 src=1 c9=1394 c10=1500 c11=1012 c12=1500 step=12
4108.9434,MEAS ms=122731 seq=4037 src=1 c9=1394 c10=1500 c11=1012 c12=1500 step=12
4108.9434,MEAS ms=122741 seq=4038 src=1 c9=1394 c10=1500 c11=1012 c12=1500 step=12
4108.9435,MEAS ms=122750 seq=4039 src=1 c9=1394 c10=1500 c11=1012 c12=1500 step=12
4108.9795,MEAS ms=122759 seq=4040 src=1 c9=1394 c10=1500 c11=1012 c12=1500 step=12
4108.9796,MEAS ms=122769 seq=4041 src=1 c9=1394 c10=1500 c11=1012 c12=1500 step=12
4108.9796,MEAS ms=122777 seq=4042 src=1 c9=1394 c10=1500 c11=1012 c12=1500 step=12
4108.9796,MEAS ms=122786 seq=4043 src=1 c9=1394 c10=1500 c11=1012 c12=1500 step=12
4109.0059,MEAS ms=122795 seq=4044 src=1 c9=1394 c10=1500 c11=1012 c12=1500 step=12
4109.0060,MEAS ms=122804 seq=4045 src=1 c9=1394 c10=1500 c11=1012 c12=1500 step=12
4109.0060,MEAS ms=122812 seq=4046 src=1 c9=1394 c10=1500 c11=1012 c12=1500 step=12
4109.0433,MEAS ms=122822 seq=4047 src=1 c9=1394 c10=1500 c11=1012 c12=1500 step=12
4109.0433,MEAS ms=122831 seq=4048 src=1 c9=1394 c10=1500 c11=1012 c12=1500 step=12
4109.0433,MEAS ms=122840 seq=4049 src=1 c9=1394 c10=1500 c11=1012 c12=1500 step=12
4109.0433,MEAS ms=122849 seq=4050 src=1 c9=1394 c10=1500 c11=1012 c12=1500 step=12
4109.0696,MEAS ms=122859 seq=4051 src=1 c9=1394 c10=1500 c11=1012 c12=1500 step=12
4109.0696,MEAS ms=122867 seq=4052 src=1 c9=1394 c10=1500 c11=1012 c12=1500 step=12
4109.0696,MEAS ms=122876 seq=4053 src=1 c9=1394 c10=1500 c11=1012 c12=1500 step=12
4109.1053,MEAS ms=122885 seq=4054 src=1 c9=1394 c10=1500 c11=1012 c12=1500 step=12
4109.1053,MEAS ms=122894 seq=4055 src=1 c9=1394 c10=1500 c11=1012 c12=1500 step=12
4109.1053,MEAS ms=122902 seq=4056 src=1 c9=1394 c10=1500 c11=1012 c12=1500 step=12
4109.1054,MEAS ms=122911 seq=4057 src=1 c9=1392 c10=1500 c11=1012 c12=1500 step=12
4109.1333,MEAS ms=122921 seq=4058 src=1 c9=1392 c10=1500 c11=1012 c12=1500 step=12
4109.1334,MEAS ms=122930 seq=4059 src=1 c9=1392 c10=1500 c11=1012 c12=1500 step=12
4109.1334,MEAS ms=122939 seq=4060 src=1 c9=1392 c10=1500 c11=1012 c12=1500 step=12
4109.1688,MEAS ms=122949 seq=4061 src=1 c9=1394 c10=1500 c11=1012 c12=1500 step=12
4109.1688,MEAS ms=122957 seq=4062 src=1 c9=1394 c10=1499 c11=1012 c12=1500 step=12
4109.1688,MEAS ms=122966 seq=4063 src=1 c9=1394 c10=1499 c11=1012 c12=1500 step=12
4109.1688,MEAS ms=122975 seq=4064 src=1 c9=1394 c10=1499 c11=1012 c12=1500 step=12
4109.1953,MEAS ms=122984 seq=4065 src=1 c9=1394 c10=1499 c11=1012 c12=1500 step=12
4109.1953,MEAS ms=122994 seq=4066 src=1 c9=1394 c10=1500 c11=1012 c12=1499 step=12
4109.1954,MEAS ms=123002 seq=4067 src=1 c9=1394 c10=1500 c11=1012 c12=1499 step=12
4109.2233,MEAS ms=123011 seq=4068 src=1 c9=1394 c10=1500 c11=1012 c12=1499 step=12
4109.2234,MEAS ms=123020 seq=4069 src=1 c9=1394 c10=1500 c11=1012 c12=1499 step=12
4109.2234,MEAS ms=123029 seq=4070 src=1 c9=1394 c10=1500 c11=1012 c12=1499 step=12
4109.2590,MEAS ms=123039 seq=4071 src=1 c9=1394 c10=1500 c11=1012 c12=1499 step=12
4109.2590,MEAS ms=123047 seq=4072 src=1 c9=1394 c10=1500 c11=1012 c12=1499 step=12
4109.2590,MEAS ms=123056 seq=4073 src=1 c9=1394 c10=1500 c11=1012 c12=1499 step=12
4109.2591,MEAS ms=123065 seq=4074 src=1 c9=1394 c10=1500 c11=1012 c12=1500 step=12
4109.2855,MEAS ms=123074 seq=4075 src=1 c9=1394 c10=1500 c11=1012 c12=1500 step=12
4109.2855,MEAS ms=123084 seq=4076 src=1 c9=1394 c10=1500 c11=1012 c12=1500 step=12
4109.2855,MEAS ms=123092 seq=4077 src=1 c9=1394 c10=1500 c11=1012 c12=1500 step=12
4109.3214,MEAS ms=123101 seq=4078 src=1 c9=1394 c10=1500 c11=1012 c12=1500 step=12
4109.3214,MEAS ms=123110 seq=4079 src=1 c9=1394 c10=1500 c11=1012 c12=1500 step=12
4109.3214,MEAS ms=123119 seq=4080 src=1 c9=1394 c10=1500 c11=1012 c12=1500 step=12
4109.3214,MEAS ms=123129 seq=4081 src=1 c9=1394 c10=1500 c11=1012 c12=1500 step=12
4109.3489,MEAS ms=123137 seq=4082 src=1 c9=1394 c10=1500 c11=1012 c12=1500 step=12
4109.3490,MEAS ms=123146 seq=4083 src=1 c9=1394 c10=1500 c11=1012 c12=1500 step=12
4109.3490,MEAS ms=123155 seq=4084 src=1 c9=1394 c10=1500 c11=1012 c12=1500 step=12
4109.4932,MEAS ms=123164 seq=4085 src=1 c9=1394 c10=1500 c11=1012 c12=1500 step=12
4109.4932,MEAS ms=123174 seq=4086 src=1 c9=1394 c10=1500 c11=1012 c12=1500 step=12
4109.4932,MEAS ms=123219 seq=4087 src=1 c9=1394 c10=1500 c11=1012 c12=1500 step=12
4109.4932,MEAS ms=123264 seq=4088 src=1 c9=1394 c10=1500 c11=1012 c12=1500 step=12
4109.6282,MEAS ms=123309 seq=4089 src=1 c9=1424 c10=1500 c11=1012 c12=1500 step=13
4109.6282,MEAS ms=123354 seq=4090 src=1 c9=1424 c10=1500 c11=1012 c12=1500 step=13
4109.6283,MEAS ms=123399 seq=4091 src=1 c9=1424 c10=1500 c11=1012 c12=1500 step=13
4109.8085,MEAS ms=123444 seq=4092 src=1 c9=1424 c10=1500 c11=1012 c12=1500 step=13
4109.8085,MEAS ms=123489 seq=4093 src=1 c9=1424 c10=1500 c11=1012 c12=1500 step=13
4109.8085,MEAS ms=123534 seq=4094 src=1 c9=1424 c10=1500 c11=1012 c12=1500 step=13
4109.8085,MEAS ms=123579 seq=4095 src=1 c9=1424 c10=1500 c11=1012 c12=1500 step=13
4109.8813,MEAS ms=123624 seq=4096 src=1 c9=1424 c10=1500 c11=1012 c12=1500 step=13
4109.8813,MEAS ms=123669 seq=4097 src=1 c9=1424 c10=1500 c11=1012 c12=1500 step=13
4109.8813,MEAS ms=123689 seq=4098 src=1 c9=1424 c10=1500 c11=1012 c12=1500 step=13
4109.9169,MEAS ms=123697 seq=4099 src=1 c9=1424 c10=1500 c11=1012 c12=1500 step=13
4109.9170,MEAS ms=123706 seq=4100 src=1 c9=1424 c10=1500 c11=1012 c12=1500 step=13
4109.9170,MEAS ms=123714 seq=4101 src=1 c9=1424 c10=1500 c11=1012 c12=1500 step=13
4109.9170,MEAS ms=123723 seq=4102 src=1 c9=1424 c10=1500 c11=1012 c12=1500 step=13
4109.9446,MEAS ms=123732 seq=4103 src=1 c9=1424 c10=1500 c11=1012 c12=1500 step=13
4109.9447,MEAS ms=123741 seq=4104 src=1 c9=1424 c10=1500 c11=1012 c12=1500 step=13
4109.9447,MEAS ms=123751 seq=4105 src=1 c9=1424 c10=1500 c11=1012 c12=1500 step=13
4109.9709,MEAS ms=123760 seq=4106 src=1 c9=1424 c10=1500 c11=1012 c12=1500 step=13
4109.9709,MEAS ms=123768 seq=4107 src=1 c9=1424 c10=1500 c11=1012 c12=1500 step=13
4109.9710,MEAS ms=123777 seq=4108 src=1 c9=1424 c10=1500 c11=1012 c12=1500 step=13
4109.9710,MEAS ms=123786 seq=4109 src=1 c9=1424 c10=1500 c11=1012 c12=1500 step=13
4110.0065,MEAS ms=123796 seq=4110 src=1 c9=1424 c10=1500 c11=1012 c12=1500 step=13
4110.0066,MEAS ms=123805 seq=4111 src=1 c9=1424 c10=1500 c11=1012 c12=1500 step=13
4110.0066,MEAS ms=123814 seq=4112 src=1 c9=1424 c10=1500 c11=1012 c12=1500 step=13
4110.0343,MEAS ms=123822 seq=4113 src=1 c9=1424 c10=1500 c11=1012 c12=1500 step=13
4110.0343,MEAS ms=123831 seq=4114 src=1 c9=1424 c10=1500 c11=1012 c12=1500 step=13
4110.0343,MEAS ms=123840 seq=4115 src=1 c9=1424 c10=1500 c11=1012 c12=1500 step=13
4110.1784,MEAS ms=123850 seq=4116 src=1 c9=1424 c10=1500 c11=1012 c12=1500 step=13
4110.1785,MEAS ms=123859 seq=4117 src=1 c9=1424 c10=1500 c11=1012 c12=1500 step=13
4110.1785,MEAS ms=123904 seq=4118 src=1 c9=1423 c10=1500 c11=1012 c12=1500 step=13
4110.1785,MEAS ms=123949 seq=4119 src=1 c9=1424 c10=1500 c11=1012 c12=1499 step=13
4110.3134,MEAS ms=123994 seq=4120 src=1 c9=1424 c10=1500 c11=1012 c12=1500 step=13
4110.3135,MEAS ms=124039 seq=4121 src=1 c9=1424 c10=1500 c11=1012 c12=1500 step=13
4110.3135,MEAS ms=124084 seq=4122 src=1 c9=1424 c10=1500 c11=1012 c12=1500 step=13
4110.4313,MEAS ms=124129 seq=4123 src=1 c9=1424 c10=1500 c11=1012 c12=1500 step=13
4110.4314,MEAS ms=124174 seq=4124 src=1 c9=1424 c10=1500 c11=1012 c12=1500 step=13
4110.4314,MEAS ms=124219 seq=4125 src=1 c9=1424 c10=1500 c11=1012 c12=1500 step=13
4110.4314,MEAS ms=124239 seq=4126 src=1 c9=1424 c10=1500 c11=1012 c12=1500 step=13
4110.4577,MEAS ms=124247 seq=4127 src=1 c9=1424 c10=1500 c11=1012 c12=1500 step=13
4110.4578,MEAS ms=124256 seq=4128 src=1 c9=1424 c10=1500 c11=1012 c12=1500 step=13
4110.4578,MEAS ms=124264 seq=4129 src=1 c9=1454 c10=1500 c11=1012 c12=1500 step=14
4110.4945,MEAS ms=124273 seq=4130 src=1 c9=1454 c10=1500 c11=1012 c12=1500 step=14
4110.4945,MEAS ms=124282 seq=4131 src=1 c9=1454 c10=1500 c11=1012 c12=1500 step=14
4110.4945,MEAS ms=124292 seq=4132 src=1 c9=1454 c10=1500 c11=1012 c12=1500 step=14
4110.4945,MEAS ms=124301 seq=4133 src=1 c9=1454 c10=1500 c11=1012 c12=1500 step=14
4110.5209,MEAS ms=124310 seq=4134 src=1 c9=1454 c10=1500 c11=1012 c12=1500 step=14
4110.5209,MEAS ms=124318 seq=4135 src=1 c9=1454 c10=1500 c11=1012 c12=1500 step=14
4110.5209,MEAS ms=124327 seq=4136 src=1 c9=1454 c10=1500 c11=1012 c12=1500 step=14
4110.5565,MEAS ms=124336 seq=4137 src=1 c9=1454 c10=1500 c11=1012 c12=1500 step=14
4110.5565,MEAS ms=124346 seq=4138 src=1 c9=1454 c10=1500 c11=1012 c12=1500 step=14
4110.5565,MEAS ms=124355 seq=4139 src=1 c9=1454 c10=1500 c11=1012 c12=1500 step=14
4110.5565,MEAS ms=124364 seq=4140 src=1 c9=1454 c10=1500 c11=1012 c12=1500 step=14
4110.5841,MEAS ms=124372 seq=4141 src=1 c9=1454 c10=1500 c11=1012 c12=1500 step=14
4110.5842,MEAS ms=124381 seq=4142 src=1 c9=1454 c10=1500 c11=1012 c12=1500 step=14
4110.5842,MEAS ms=124390 seq=4143 src=1 c9=1454 c10=1500 c11=1012 c12=1500 step=14
4110.7283,MEAS ms=124400 seq=4144 src=1 c9=1454 c10=1500 c11=1012 c12=1500 step=14
4110.7283,MEAS ms=124409 seq=4145 src=1 c9=1454 c10=1500 c11=1012 c12=1500 step=14
4110.7283,MEAS ms=124454 seq=4146 src=1 c9=1454 c10=1500 c11=1012 c12=1500 step=14
4110.7283,MEAS ms=124499 seq=4147 src=1 c9=1454 c10=1500 c11=1012 c12=1500 step=14
4110.8633,MEAS ms=124544 seq=4148 src=1 c9=1454 c10=1500 c11=1012 c12=1500 step=14
4110.8634,MEAS ms=124589 seq=4149 src=1 c9=1454 c10=1500 c11=1012 c12=1500 step=14
4110.8634,MEAS ms=124634 seq=4150 src=1 c9=1454 c10=1500 c11=1012 c12=1500 step=14
4110.9733,MEAS ms=124679 seq=4151 src=1 c9=1454 c10=1500 c11=1012 c12=1500 step=14
4110.9733,MEAS ms=124724 seq=4152 src=1 c9=1454 c10=1500 c11=1012 c12=1500 step=14
4110.9734,MEAS ms=124769 seq=4153 src=1 c9=1454 c10=1500 c11=1012 c12=1500 step=14
4111.0076,MEAS ms=124789 seq=4154 src=1 c9=1454 c10=1500 c11=1012 c12=1500 step=14
4111.0076,MEAS ms=124797 seq=4155 src=1 c9=1453 c10=1500 c11=1012 c12=1500 step=14
4111.0076,MEAS ms=124806 seq=4156 src=1 c9=1453 c10=1500 c11=1012 c12=1500 step=14
4111.0076,MEAS ms=124814 seq=4157 src=1 c9=1453 c10=1500 c11=1012 c12=1500 step=14
4111.0354,MEAS ms=124823 seq=4158 src=1 c9=1453 c10=1500 c11=1012 c12=1500 step=14
4111.0354,MEAS ms=124832 seq=4159 src=1 c9=1454 c10=1499 c11=1012 c12=1500 step=14
4111.0354,MEAS ms=124841 seq=4160 src=1 c9=1454 c10=1499 c11=1012 c12=1500 step=14
4111.0708,MEAS ms=124851 seq=4161 src=1 c9=1454 c10=1499 c11=1012 c12=1500 step=14
4111.0708,MEAS ms=124860 seq=4162 src=1 c9=1454 c10=1499 c11=1012 c12=1500 step=14
4111.0708,MEAS ms=124868 seq=4163 src=1 c9=1454 c10=1500 c11=1010 c12=1500 step=14
4111.0708,MEAS ms=124877 seq=4164 src=1 c9=1454 c10=1500 c11=1010 c12=1500 step=14
4111.0986,MEAS ms=124886 seq=4165 src=1 c9=1454 c10=1500 c11=1010 c12=1500 step=14
4111.0986,MEAS ms=124896 seq=4166 src=1 c9=1454 c10=1500 c11=1010 c12=1500 step=14
4111.0986,MEAS ms=124905 seq=4167 src=1 c9=1454 c10=1500 c11=1012 c12=1499 step=14
4111.1347,MEAS ms=124914 seq=4168 src=1 c9=1454 c10=1500 c11=1012 c12=1499 step=14
4111.1348,MEAS ms=124924 seq=4169 src=1 c9=1454 c10=1500 c11=1012 c12=1499 step=14
4111.1348,MEAS ms=124932 seq=4170 src=1 c9=1454 c10=1500 c11=1012 c12=1499 step=14
4111.1348,MEAS ms=124941 seq=4171 src=1 c9=1454 c10=1500 c11=1012 c12=1500 step=14
4111.1611,MEAS ms=124950 seq=4172 src=1 c9=1454 c10=1500 c11=1012 c12=1500 step=14
4111.1611,MEAS ms=124958 seq=4173 src=1 c9=1454 c10=1500 c11=1012 c12=1500 step=14
4111.1611,MEAS ms=124967 seq=4174 src=1 c9=1454 c10=1500 c11=1012 c12=1500 step=14
4111.1984,MEAS ms=124976 seq=4175 src=1 c9=1454 c10=1500 c11=1012 c12=1500 step=14
4111.1984,MEAS ms=124986 seq=4176 src=1 c9=1454 c10=1500 c11=1012 c12=1500 step=14
4111.1984,MEAS ms=124995 seq=4177 src=1 c9=1454 c10=1500 c11=1012 c12=1500 step=14
4111.1985,MEAS ms=125004 seq=4178 src=1 c9=1454 c10=1500 c11=1012 c12=1500 step=14
4111.2247,MEAS ms=125014 seq=4179 src=1 c9=1454 c10=1500 c11=1012 c12=1500 step=14
4111.2247,MEAS ms=125022 seq=4180 src=1 c9=1454 c10=1500 c11=1012 c12=1500 step=14
4111.2247,MEAS ms=125031 seq=4181 src=1 c9=1454 c10=1500 c11=1012 c12=1500 step=14
4111.2601,MEAS ms=125040 seq=4182 src=1 c9=1454 c10=1500 c11=1012 c12=1500 step=14
4111.2601,MEAS ms=125049 seq=4183 src=1 c9=1454 c10=1500 c11=1012 c12=1500 step=14
4111.2601,MEAS ms=125057 seq=4184 src=1 c9=1454 c10=1500 c11=1012 c12=1500 step=14
4111.2601,MEAS ms=125066 seq=4185 src=1 c9=1454 c10=1500 c11=1012 c12=1500 step=14
4111.2884,MEAS ms=125076 seq=4186 src=1 c9=1454 c10=1500 c11=1012 c12=1500 step=14
4111.2884,MEAS ms=125085 seq=4187 src=1 c9=1454 c10=1500 c11=1012 c12=1500 step=14
4111.2884,MEAS ms=125094 seq=4188 src=1 c9=1454 c10=1500 c11=1012 c12=1500 step=14
4111.3239,MEAS ms=125104 seq=4189 src=1 c9=1454 c10=1500 c11=1012 c12=1500 step=14
4111.3239,MEAS ms=125112 seq=4190 src=1 c9=1454 c10=1500 c11=1012 c12=1500 step=14
4111.3239,MEAS ms=125121 seq=4191 src=1 c9=1454 c10=1500 c11=1012 c12=1500 step=14
4111.3240,MEAS ms=125130 seq=4192 src=1 c9=1454 c10=1500 c11=1012 c12=1500 step=14
4111.3506,MEAS ms=125139 seq=4193 src=1 c9=1454 c10=1500 c11=1012 c12=1500 step=14
4111.3506,MEAS ms=125149 seq=4194 src=1 c9=1454 c10=1500 c11=1012 c12=1500 step=14
4111.3506,MEAS ms=125157 seq=4195 src=1 c9=1454 c10=1500 c11=1012 c12=1500 step=14
4111.3783,MEAS ms=125166 seq=4196 src=1 c9=1454 c10=1500 c11=1012 c12=1500 step=14
4111.3783,MEAS ms=125175 seq=4197 src=1 c9=1454 c10=1500 c11=1012 c12=1500 step=14
4111.3783,MEAS ms=125184 seq=4198 src=1 c9=1454 c10=1500 c11=1012 c12=1500 step=14
4111.4138,MEAS ms=125194 seq=4199 src=1 c9=1454 c10=1500 c11=1012 c12=1500 step=14
4111.4138,MEAS ms=125202 seq=4200 src=1 c9=1454 c10=1500 c11=1012 c12=1500 step=14
4111.4138,MEAS ms=125211 seq=4201 src=1 c9=1454 c10=1500 c11=1012 c12=1500 step=14
4111.4138,MEAS ms=125220 seq=4202 src=1 c9=1454 c10=1500 c11=1012 c12=1500 step=14
4111.4404,MEAS ms=125229 seq=4203 src=1 c9=1454 c10=1500 c11=1012 c12=1500 step=14
4111.4404,MEAS ms=125239 seq=4204 src=1 c9=1454 c10=1500 c11=1012 c12=1500 step=14
4111.4405,MEAS ms=125247 seq=4205 src=1 c9=1454 c10=1500 c11=1012 c12=1500 step=14
4111.4763,MEAS ms=125256 seq=4206 src=1 c9=1484 c10=1500 c11=1012 c12=1500 step=15
4111.4763,MEAS ms=125265 seq=4207 src=1 c9=1484 c10=1500 c11=1012 c12=1500 step=15
4111.4763,MEAS ms=125274 seq=4208 src=1 c9=1484 c10=1500 c11=1012 c12=1500 step=15
4111.4763,MEAS ms=125284 seq=4209 src=1 c9=1484 c10=1500 c11=1012 c12=1500 step=15
4111.5040,MEAS ms=125292 seq=4210 src=1 c9=1484 c10=1500 c11=1012 c12=1500 step=15
4111.5041,MEAS ms=125301 seq=4211 src=1 c9=1484 c10=1500 c11=1012 c12=1500 step=15
4111.5041,MEAS ms=125310 seq=4212 src=1 c9=1484 c10=1500 c11=1012 c12=1500 step=15
4111.5396,MEAS ms=125319 seq=4213 src=1 c9=1484 c10=1500 c11=1012 c12=1500 step=15
4111.5396,MEAS ms=125329 seq=4214 src=1 c9=1484 c10=1500 c11=1012 c12=1500 step=15
4111.5396,MEAS ms=125337 seq=4215 src=1 c9=1484 c10=1500 c11=1012 c12=1500 step=15
4111.5396,MEAS ms=125346 seq=4216 src=1 c9=1484 c10=1500 c11=1012 c12=1500 step=15
4111.6033,MEAS ms=125355 seq=4217 src=1 c9=1484 c10=1500 c11=1012 c12=1500 step=15
4111.6034,MEAS ms=125364 seq=4218 src=1 c9=1484 c10=1500 c11=1012 c12=1500 step=15
4111.6034,MEAS ms=125374 seq=4219 src=1 c9=1484 c10=1500 c11=1012 c12=1500 step=15
4111.7831,MEAS ms=125419 seq=4220 src=1 c9=1484 c10=1500 c11=1012 c12=1500 step=15
4111.7832,MEAS ms=125464 seq=4221 src=1 c9=1484 c10=1500 c11=1012 c12=1500 step=15
4111.7832,MEAS ms=125509 seq=4222 src=1 c9=1484 c10=1500 c11=1012 c12=1500 step=15
4111.7832,MEAS ms=125554 seq=4223 src=1 c9=1484 c10=1500 c11=1012 c12=1500 step=15
4111.9184,MEAS ms=125599 seq=4224 src=1 c9=1484 c10=1500 c11=1012 c12=1500 step=15
4111.9184,MEAS ms=125644 seq=4225 src=1 c9=1484 c10=1500 c11=1012 c12=1500 step=15
4111.9184,MEAS ms=125689 seq=4226 src=1 c9=1484 c10=1500 c11=1012 c12=1500 step=15
4112.0734,MEAS ms=125734 seq=4227 src=1 c9=1484 c10=1500 c11=1012 c12=1500 step=15
4112.0734,MEAS ms=125779 seq=4228 src=1 c9=1483 c10=1500 c11=1012 c12=1500 step=15
4112.0734,MEAS ms=125824 seq=4229 src=1 c9=1484 c10=1500 c11=1012 c12=1500 step=15
4112.0735,MEAS ms=125869 seq=4230 src=1 c9=1484 c10=1500 c11=1012 c12=1500 step=15
4112.0984,MEAS ms=125889 seq=4231 src=1 c9=1484 c10=1500 c11=1012 c12=1499 step=15
4112.0985,MEAS ms=125897 seq=4232 src=1 c9=1484 c10=1500 c11=1012 c12=1499 step=15
4112.0985,MEAS ms=125906 seq=4233 src=1 c9=1484 c10=1500 c11=1012 c12=1499 step=15
4112.1260,MEAS ms=125914 seq=4234 src=1 c9=1484 c10=1500 c11=1012 c12=1500 step=15
4112.1260,MEAS ms=125923 seq=4235 src=1 c9=1484 c10=1500 c11=1012 c12=1500 step=15
4112.1260,MEAS ms=125932 seq=4236 src=1 c9=1484 c10=1500 c11=1012 c12=1500 step=15
4112.1261,MEAS ms=125942 seq=4237 src=1 c9=1484 c10=1500 c11=1012 c12=1500 step=15
4112.1618,MEAS ms=125951 seq=4238 src=1 c9=1484 c10=1500 c11=1012 c12=1500 step=15
4112.1618,MEAS ms=125960 seq=4239 src=1 c9=1484 c10=1500 c11=1012 c12=1500 step=15
4112.1618,MEAS ms=125968 seq=4240 src=1 c9=1484 c10=1500 c11=1012 c12=1500 step=15
4112.1893,MEAS ms=125977 seq=4241 src=1 c9=1484 c10=1500 c11=1012 c12=1500 step=15
4112.1893,MEAS ms=125986 seq=4242 src=1 c9=1484 c10=1500 c11=1012 c12=1500 step=15
4112.1893,MEAS ms=125996 seq=4243 src=1 c9=1484 c10=1500 c11=1012 c12=1500 step=15
4112.2249,MEAS ms=126005 seq=4244 src=1 c9=1484 c10=1500 c11=1012 c12=1500 step=15
4112.2250,MEAS ms=126014 seq=4245 src=1 c9=1484 c10=1500 c11=1012 c12=1500 step=15
4112.2250,MEAS ms=126022 seq=4246 src=1 c9=1484 c10=1500 c11=1012 c12=1500 step=15
4112.2250,MEAS ms=126031 seq=4247 src=1 c9=1484 c10=1500 c11=1012 c12=1500 step=15
4112.2884,MEAS ms=126040 seq=4248 src=1 c9=1484 c10=1500 c11=1012 c12=1500 step=15
4112.2884,MEAS ms=126050 seq=4249 src=1 c9=1484 c10=1500 c11=1012 c12=1500 step=15
4112.2885,MEAS ms=126059 seq=4250 src=1 c9=1484 c10=1500 c11=1012 c12=1500 step=15
4112.4683,MEAS ms=126104 seq=4251 src=1 c9=1484 c10=1500 c11=1012 c12=1500 step=15
4112.4683,MEAS ms=126149 seq=4252 src=1 c9=1484 c10=1500 c11=1012 c12=1500 step=15
4112.4684,MEAS ms=126194 seq=4253 src=1 c9=1484 c10=1500 c11=1012 c12=1500 step=15
4112.4684,MEAS ms=126239 seq=4254 src=1 c9=1484 c10=1500 c11=1012 c12=1500 step=15
4112.6032,MEAS ms=126284 seq=4255 src=1 c9=1515 c10=1500 c11=1012 c12=1500 step=16
4112.6033,MEAS ms=126329 seq=4256 src=1 c9=1515 c10=1500 c11=1012 c12=1500 step=16
4112.6033,MEAS ms=126374 seq=4257 src=1 c9=1515 c10=1500 c11=1012 c12=1500 step=16
4112.6855,MEAS ms=126419 seq=4258 src=1 c9=1515 c10=1500 c11=1012 c12=1500 step=16
4112.6856,MEAS ms=126464 seq=4259 src=1 c9=1515 c10=1500 c11=1012 c12=1500 step=16
4112.6856,MEAS ms=126484 seq=4260 src=1 c9=1515 c10=1500 c11=1012 c12=1500 step=16
4112.6856,MEAS ms=126492 seq=4261 src=1 c9=1515 c10=1500 c11=1012 c12=1500 step=16
4112.7118,MEAS ms=126501 seq=4262 src=1 c9=1515 c10=1500 c11=1012 c12=1500 step=16
4112.7118,MEAS ms=126509 seq=4263 src=1 c9=1515 c10=1500 c11=1012 c12=1500 step=16
4112.7118,MEAS ms=126518 seq=4264 src=1 c9=1515 c10=1500 c11=1012 c12=1500 step=16
4112.7475,MEAS ms=126527 seq=4265 src=1 c9=1515 c10=1500 c11=1012 c12=1500 step=16
4112.7475,MEAS ms=126536 seq=4266 src=1 c9=1515 c10=1500 c11=1012 c12=1500 step=16
4112.7475,MEAS ms=126546 seq=4267 src=1 c9=1515 c10=1500 c11=1012 c12=1500 step=16
4112.7475,MEAS ms=126555 seq=4268 src=1 c9=1515 c10=1500 c11=1012 c12=1500 step=16
4112.7750,MEAS ms=126563 seq=4269 src=1 c9=1515 c10=1500 c11=1012 c12=1500 step=16
4112.7750,MEAS ms=126572 seq=4270 src=1 c9=1515 c10=1500 c11=1012 c12=1500 step=16
4112.7750,MEAS ms=126581 seq=4271 src=1 c9=1515 c10=1500 c11=1012 c12=1500 step=16
4112.8113,MEAS ms=126591 seq=4272 src=1 c9=1515 c10=1500 c11=1012 c12=1500 step=16
4112.8113,MEAS ms=126600 seq=4273 src=1 c9=1515 c10=1500 c11=1012 c12=1500 step=16
4112.8113,MEAS ms=126609 seq=4274 src=1 c9=1515 c10=1500 c11=1012 c12=1500 step=16
4112.8113,MEAS ms=126619 seq=4275 src=1 c9=1515 c10=1500 c11=1012 c12=1500 step=16
4112.8376,MEAS ms=126627 seq=4276 src=1 c9=1515 c10=1500 c11=1012 c12=1500 step=16
4112.8376,MEAS ms=126636 seq=4277 src=1 c9=1515 c10=1500 c11=1012 c12=1500 step=16
4112.8376,MEAS ms=126645 seq=4278 src=1 c9=1515 c10=1500 c11=1012 c12=1500 step=16
4112.8653,MEAS ms=126653 seq=4279 src=1 c9=1515 c10=1500 c11=1012 c12=1500 step=16
4112.8653,MEAS ms=126662 seq=4280 src=1 c9=1515 c10=1500 c11=1012 c12=1500 step=16
4112.8653,MEAS ms=126671 seq=4281 src=1 c9=1515 c10=1500 c11=1012 c12=1500 step=16
4112.9011,MEAS ms=126681 seq=4282 src=1 c9=1515 c10=1500 c11=1012 c12=1500 step=16
4112.9012,MEAS ms=126690 seq=4283 src=1 c9=1515 c10=1500 c11=1012 c12=1500 step=16
4112.9012,MEAS ms=126699 seq=4284 src=1 c9=1515 c10=1500 c11=1012 c12=1500 step=16
4112.9012,MEAS ms=126709 seq=4285 src=1 c9=1515 c10=1500 c11=1012 c12=1500 step=16
4112.9288,MEAS ms=126717 seq=4286 src=1 c9=1514 c10=1500 c11=1012 c12=1500 step=16
4112.9288,MEAS ms=126726 seq=4287 src=1 c9=1514 c10=1500 c11=1012 c12=1500 step=16
4112.9288,MEAS ms=126735 seq=4288 src=1 c9=1514 c10=1500 c11=1012 c12=1500 step=16
4112.9644,MEAS ms=126744 seq=4289 src=1 c9=1514 c10=1500 c11=1012 c12=1500 step=16
4112.9644,MEAS ms=126752 seq=4290 src=1 c9=1515 c10=1500 c11=1012 c12=1500 step=16
4112.9644,MEAS ms=126761 seq=4291 src=1 c9=1515 c10=1499 c11=1012 c12=1500 step=16
4112.9644,MEAS ms=126771 seq=4292 src=1 c9=1515 c10=1499 c11=1012 c12=1500 step=16
4112.9911,MEAS ms=126780 seq=4293 src=1 c9=1515 c10=1499 c11=1012 c12=1500 step=16
4112.9912,MEAS ms=126789 seq=4294 src=1 c9=1515 c10=1499 c11=1010 c12=1500 step=16
4112.9912,MEAS ms=126799 seq=4295 src=1 c9=1515 c10=1500 c11=1010 c12=1500 step=16
4113.0281,MEAS ms=126807 seq=4296 src=1 c9=1515 c10=1500 c11=1010 c12=1500 step=16
4113.0282,MEAS ms=126816 seq=4297 src=1 c9=1515 c10=1500 c11=1010 c12=1500 step=16
4113.0282,MEAS ms=126825 seq=4298 src=1 c9=1515 c10=1500 c11=1012 c12=1500 step=16
4113.0282,MEAS ms=126834 seq=4299 src=1 c9=1515 c10=1500 c11=1012 c12=1499 step=16
4113.0545,MEAS ms=126844 seq=4300 src=1 c9=1515 c10=1500 c11=1012 c12=1499 step=16
4113.0546,MEAS ms=126852 seq=4301 src=1 c9=1515 c10=1500 c11=1012 c12=1499 step=16
4113.0546,MEAS ms=126861 seq=4302 src=1 c9=1515 c10=1500 c11=1012 c12=1499 step=16
4113.0903,MEAS ms=126870 seq=4303 src=1 c9=1515 c10=1500 c11=1012 c12=1500 step=16
4113.0903,MEAS ms=126879 seq=4304 src=1 c9=1515 c10=1500 c11=1012 c12=1500 step=16
4113.0903,MEAS ms=126889 seq=4305 src=1 c9=1515 c10=1500 c11=1012 c12=1500 step=16
4113.0904,MEAS ms=126897 seq=4306 src=1 c9=1515 c10=1500 c11=1012 c12=1500 step=16
4113.1181,MEAS ms=126906 seq=4307 src=1 c9=1515 c10=1500 c11=1012 c12=1500 step=16
4113.1182,MEAS ms=126915 seq=4308 src=1 c9=1515 c10=1500 c11=1012 c12=1500 step=16
4113.1182,MEAS ms=126924 seq=4309 src=1 c9=1515 c10=1500 c11=1012 c12=1500 step=16
4113.1542,MEAS ms=126934 seq=4310 src=1 c9=1515 c10=1500 c11=1012 c12=1500 step=16
4113.1542,MEAS ms=126942 seq=4311 src=1 c9=1515 c10=1500 c11=1012 c12=1500 step=16
4113.1542,MEAS ms=126951 seq=4312 src=1 c9=1515 c10=1500 c11=1012 c12=1500 step=16
4113.1542,MEAS ms=126960 seq=4313 src=1 c9=1515 c10=1500 c11=1012 c12=1500 step=16
4113.1806,MEAS ms=126969 seq=4314 src=1 c9=1515 c10=1500 c11=1012 c12=1500 step=16
4113.1806,MEAS ms=126979 seq=4315 src=1 c9=1515 c10=1500 c11=1012 c12=1500 step=16
4113.1806,MEAS ms=126987 seq=4316 src=1 c9=1515 c10=1500 c11=1012 c12=1500 step=16
4113.2432,MEAS ms=126996 seq=4317 src=1 c9=1515 c10=1500 c11=1012 c12=1500 step=16
4113.2432,MEAS ms=127005 seq=4318 src=1 c9=1515 c10=1500 c11=1012 c12=1500 step=16
4113.2432,MEAS ms=127014 seq=4319 src=1 c9=1515 c10=1500 c11=1012 c12=1500 step=16
4113.2433,MEAS ms=127024 seq=4320 src=1 c9=1515 c10=1500 c11=1012 c12=1500 step=16
4113.2804,MEAS ms=127059 seq=4321 src=1 c9=1515 c10=1500 c11=1012 c12=1500 step=16
4113.2804,MEAS ms=127079 seq=4322 src=1 c9=1515 c10=1500 c11=1012 c12=1500 step=16
4113.2804,MEAS ms=127087 seq=4323 src=1 c9=1515 c10=1500 c11=1012 c12=1500 step=16
4113.3069,MEAS ms=127096 seq=4324 src=1 c9=1515 c10=1500 c11=1012 c12=1500 step=16
4113.3069,MEAS ms=127105 seq=4325 src=1 c9=1515 c10=1500 c11=1012 c12=1500 step=16
4113.3069,MEAS ms=127113 seq=4326 src=1 c9=1515 c10=1500 c11=1012 c12=1500 step=16
4113.3438,MEAS ms=127122 seq=4327 src=1 c9=1515 c10=1500 c11=1012 c12=1500 step=16
4113.3438,MEAS ms=127131 seq=4328 src=1 c9=1515 c10=1500 c11=1012 c12=1500 step=16
4113.3438,MEAS ms=127141 seq=4329 src=1 c9=1515 c10=1500 c11=1012 c12=1500 step=16
4113.3438,MEAS ms=127150 seq=4330 src=1 c9=1515 c10=1500 c11=1012 c12=1500 step=16
4113.3701,MEAS ms=127159 seq=4331 src=1 c9=1515 c10=1500 c11=1012 c12=1500 step=16
4113.3701,MEAS ms=127167 seq=4332 src=1 c9=1515 c10=1500 c11=1012 c12=1500 step=16
4113.3702,MEAS ms=127176 seq=4333 src=1 c9=1515 c10=1500 c11=1012 c12=1500 step=16
4113.4063,MEAS ms=127186 seq=4334 src=1 c9=1515 c10=1500 c11=1012 c12=1500 step=16
4113.4063,MEAS ms=127195 seq=4335 src=1 c9=1515 c10=1500 c11=1012 c12=1500 step=16
4113.4064,MEAS ms=127204 seq=4336 src=1 c9=1515 c10=1500 c11=1012 c12=1500 step=16
4113.4064,MEAS ms=127214 seq=4337 src=1 c9=1515 c10=1500 c11=1012 c12=1500 step=16
4113.4339,MEAS ms=127222 seq=4338 src=1 c9=1515 c10=1500 c11=1012 c12=1500 step=16
4113.4340,MEAS ms=127231 seq=4339 src=1 c9=1515 c10=1500 c11=1012 c12=1500 step=16
4113.4340,MEAS ms=127240 seq=4340 src=1 c9=1515 c10=1500 c11=1012 c12=1500 step=16
4113.4695,MEAS ms=127249 seq=4341 src=1 c9=1515 c10=1500 c11=1012 c12=1500 step=16
4113.4695,MEAS ms=127257 seq=4342 src=1 c9=1515 c10=1500 c11=1012 c12=1500 step=16
4113.4696,MEAS ms=127266 seq=4343 src=1 c9=1515 c10=1500 c11=1012 c12=1500 step=16
4113.4696,MEAS ms=127276 seq=4344 src=1 c9=1515 c10=1500 c11=1012 c12=1500 step=16
4113.4963,MEAS ms=127285 seq=4345 src=1 c9=1545 c10=1500 c11=1012 c12=1500 step=17
4113.4963,MEAS ms=127294 seq=4346 src=1 c9=1545 c10=1500 c11=1012 c12=1500 step=17
4113.4963,MEAS ms=127304 seq=4347 src=1 c9=1545 c10=1500 c11=1012 c12=1500 step=17
4113.5333,MEAS ms=127312 seq=4348 src=1 c9=1545 c10=1500 c11=1012 c12=1500 step=17
4113.5334,MEAS ms=127321 seq=4349 src=1 c9=1545 c10=1500 c11=1012 c12=1500 step=17
4113.5334,MEAS ms=127330 seq=4350 src=1 c9=1545 c10=1500 c11=1012 c12=1500 step=17
4113.5334,MEAS ms=127339 seq=4351 src=1 c9=1545 c10=1500 c11=1012 c12=1500 step=17
4113.5597,MEAS ms=127349 seq=4352 src=1 c9=1545 c10=1500 c11=1012 c12=1500 step=17
4113.5597,MEAS ms=127357 seq=4353 src=1 c9=1545 c10=1500 c11=1012 c12=1500 step=17
4113.5597,MEAS ms=127366 seq=4354 src=1 c9=1545 c10=1500 c11=1012 c12=1500 step=17
4113.5955,MEAS ms=127375 seq=4355 src=1 c9=1545 c10=1500 c11=1012 c12=1500 step=17
4113.5955,MEAS ms=127384 seq=4356 src=1 c9=1545 c10=1500 c11=1012 c12=1500 step=17
4113.5955,MEAS ms=127394 seq=4357 src=1 c9=1545 c10=1500 c11=1012 c12=1500 step=17
4113.5955,MEAS ms=127402 seq=4358 src=1 c9=1545 c10=1500 c11=1012 c12=1500 step=17
4113.6233,MEAS ms=127411 seq=4359 src=1 c9=1545 c10=1500 c11=1012 c12=1500 step=17
4113.6233,MEAS ms=127420 seq=4360 src=1 c9=1545 c10=1500 c11=1012 c12=1500 step=17
4113.6233,MEAS ms=127429 seq=4361 src=1 c9=1545 c10=1500 c11=1012 c12=1500 step=17
4113.6497,MEAS ms=127439 seq=4362 src=1 c9=1545 c10=1500 c11=1012 c12=1500 step=17
4113.6497,MEAS ms=127447 seq=4363 src=1 c9=1545 c10=1500 c11=1012 c12=1500 step=17
4113.6497,MEAS ms=127456 seq=4364 src=1 c9=1545 c10=1500 c11=1012 c12=1500 step=17
4113.6497,MEAS ms=127465 seq=4365 src=1 c9=1545 c10=1500 c11=1012 c12=1500 step=17
4113.6855,MEAS ms=127474 seq=4366 src=1 c9=1545 c10=1500 c11=1012 c12=1500 step=17
4113.6856,MEAS ms=127484 seq=4367 src=1 c9=1545 c10=1500 c11=1012 c12=1500 step=17
4113.6856,MEAS ms=127492 seq=4368 src=1 c9=1545 c10=1500 c11=1012 c12=1500 step=17
4113.7133,MEAS ms=127501 seq=4369 src=1 c9=1545 c10=1500 c11=1012 c12=1500 step=17
4113.7134,MEAS ms=127510 seq=4370 src=1 c9=1545 c10=1500 c11=1012 c12=1500 step=17
4113.7134,MEAS ms=127519 seq=4371 src=1 c9=1545 c10=1500 c11=1012 c12=1500 step=17
4113.7488,MEAS ms=127529 seq=4372 src=1 c9=1545 c10=1500 c11=1012 c12=1500 step=17
4113.7489,MEAS ms=127537 seq=4373 src=1 c9=1545 c10=1500 c11=1012 c12=1500 step=17
4113.7489,MEAS ms=127546 seq=4374 src=1 c9=1545 c10=1500 c11=1012 c12=1500 step=17
4113.7489,MEAS ms=127555 seq=4375 src=1 c9=1545 c10=1500 c11=1012 c12=1500 step=17
4113.8134,MEAS ms=127564 seq=4376 src=1 c9=1545 c10=1500 c11=1012 c12=1500 step=17
4113.8134,MEAS ms=127574 seq=4377 src=1 c9=1545 c10=1500 c11=1012 c12=1500 step=17
4113.8134,MEAS ms=127609 seq=4378 src=1 c9=1545 c10=1500 c11=1012 c12=1500 step=17
4113.8476,MEAS ms=127629 seq=4379 src=1 c9=1545 c10=1500 c11=1012 c12=1500 step=17
4113.8476,MEAS ms=127637 seq=4380 src=1 c9=1545 c10=1500 c11=1012 c12=1500 step=17
4113.8476,MEAS ms=127646 seq=4381 src=1 c9=1544 c10=1500 c11=1012 c12=1500 step=17
4113.8476,MEAS ms=127654 seq=4382 src=1 c9=1544 c10=1500 c11=1012 c12=1500 step=17
4113.8750,MEAS ms=127663 seq=4383 src=1 c9=1544 c10=1500 c11=1012 c12=1500 step=17
4113.8751,MEAS ms=127672 seq=4384 src=1 c9=1544 c10=1500 c11=1012 c12=1500 step=17
4113.8751,MEAS ms=127682 seq=4385 src=1 c9=1545 c10=1499 c11=1012 c12=1500 step=17
4113.9108,MEAS ms=127691 seq=4386 src=1 c9=1545 c10=1499 c11=1012 c12=1500 step=17
4113.9108,MEAS ms=127700 seq=4387 src=1 c9=1545 c10=1499 c11=1012 c12=1500 step=17
4113.9109,MEAS ms=127709 seq=4388 src=1 c9=1545 c10=1499 c11=1012 c12=1500 step=17
4113.9109,MEAS ms=127717 seq=4389 src=1 c9=1545 c10=1499 c11=1012 c12=1500 step=17
4113.9386,MEAS ms=127726 seq=4390 src=1 c9=1545 c10=1499 c11=1012 c12=1500 step=17
4113.9386,MEAS ms=127736 seq=4391 src=1 c9=1545 c10=1499 c11=1012 c12=1500 step=17
4113.9386,MEAS ms=127745 seq=4392 src=1 c9=1545 c10=1499 c11=1010 c12=1500 step=17
4113.9746,MEAS ms=127754 seq=4393 src=1 c9=1545 c10=1500 c11=1010 c12=1500 step=17
4113.9747,MEAS ms=127764 seq=4394 src=1 c9=1545 c10=1500 c11=1010 c12=1500 step=17
4113.9747,MEAS ms=127772 seq=4395 src=1 c9=1545 c10=1500 c11=1010 c12=1500 step=17
4113.9747,MEAS ms=127781 seq=4396 src=1 c9=1545 c10=1500 c11=1012 c12=1500 step=17
4114.0015,MEAS ms=127790 seq=4397 src=1 c9=1545 c10=1500 c11=1012 c12=1499 step=17
4114.0015,MEAS ms=127799 seq=4398 src=1 c9=1545 c10=1500 c11=1012 c12=1499 step=17
4114.0016,MEAS ms=127807 seq=4399 src=1 c9=1545 c10=1500 c11=1012 c12=1499 step=17
4114.0381,MEAS ms=127817 seq=4400 src=1 c9=1545 c10=1500 c11=1012 c12=1499 step=17
4114.0382,MEAS ms=127826 seq=4401 src=1 c9=1545 c10=1500 c11=1012 c12=1500 step=17
4114.0382,MEAS ms=127835 seq=4402 src=1 c9=1545 c10=1500 c11=1012 c12=1500 step=17
4114.0382,MEAS ms=127844 seq=4403 src=1 c9=1545 c10=1500 c11=1012 c12=1500 step=17
4114.0645,MEAS ms=127854 seq=4404 src=1 c9=1545 c10=1500 c11=1012 c12=1500 step=17
4114.0645,MEAS ms=127862 seq=4405 src=1 c9=1545 c10=1500 c11=1012 c12=1500 step=17
4114.0646,MEAS ms=127871 seq=4406 src=1 c9=1545 c10=1500 c11=1012 c12=1500 step=17
4114.0912,MEAS ms=127880 seq=4407 src=1 c9=1545 c10=1500 c11=1012 c12=1500 step=17
4114.0912,MEAS ms=127889 seq=4408 src=1 c9=1545 c10=1500 c11=1012 c12=1500 step=17
4114.0912,MEAS ms=127899 seq=4409 src=1 c9=1545 c10=1500 c11=1012 c12=1500 step=17
4114.1283,MEAS ms=127907 seq=4410 src=1 c9=1545 c10=1500 c11=1012 c12=1500 step=17
4114.1283,MEAS ms=127916 seq=4411 src=1 c9=1545 c10=1500 c11=1012 c12=1500 step=17
4114.1283,MEAS ms=127925 seq=4412 src=1 c9=1545 c10=1500 c11=1012 c12=1500 step=17
4114.1283,MEAS ms=127934 seq=4413 src=1 c9=1545 c10=1500 c11=1012 c12=1500 step=17
4114.1546,MEAS ms=127944 seq=4414 src=1 c9=1545 c10=1500 c11=1012 c12=1500 step=17
4114.1547,MEAS ms=127952 seq=4415 src=1 c9=1545 c10=1500 c11=1012 c12=1500 step=17
4114.1547,MEAS ms=127961 seq=4416 src=1 c9=1545 c10=1500 c11=1012 c12=1500 step=17
4114.1905,MEAS ms=127970 seq=4417 src=1 c9=1545 c10=1500 c11=1012 c12=1500 step=17
4114.1905,MEAS ms=127979 seq=4418 src=1 c9=1545 c10=1500 c11=1012 c12=1500 step=17
4114.1905,MEAS ms=127989 seq=4419 src=1 c9=1545 c10=1500 c11=1012 c12=1500 step=17
4114.1905,MEAS ms=127997 seq=4420 src=1 c9=1545 c10=1500 c11=1012 c12=1500 step=17
4114.2186,MEAS ms=128006 seq=4421 src=1 c9=1545 c10=1500 c11=1012 c12=1500 step=17
4114.2186,MEAS ms=128015 seq=4422 src=1 c9=1545 c10=1500 c11=1012 c12=1500 step=17
4114.2186,MEAS ms=128024 seq=4423 src=1 c9=1545 c10=1500 c11=1012 c12=1500 step=17
4114.2540,MEAS ms=128034 seq=4424 src=1 c9=1545 c10=1500 c11=1012 c12=1500 step=17
4114.2541,MEAS ms=128042 seq=4425 src=1 c9=1545 c10=1500 c11=1012 c12=1500 step=17
4114.2541,MEAS ms=128051 seq=4426 src=1 c9=1545 c10=1500 c11=1012 c12=1500 step=17
4114.2541,MEAS ms=128060 seq=4427 src=1 c9=1545 c10=1500 c11=1012 c12=1500 step=17
4114.2805,MEAS ms=128069 seq=4428 src=1 c9=1545 c10=1500 c11=1012 c12=1500 step=17
4114.2806,MEAS ms=128079 seq=4429 src=1 c9=1545 c10=1500 c11=1012 c12=1500 step=17
4114.2806,MEAS ms=128087 seq=4430 src=1 c9=1545 c10=1500 c11=1012 c12=1500 step=17
4114.3433,MEAS ms=128096 seq=4431 src=1 c9=1545 c10=1500 c11=1012 c12=1500 step=17
4114.3433,MEAS ms=128105 seq=4432 src=1 c9=1545 c10=1500 c11=1012 c12=1500 step=17
4114.3433,MEAS ms=128114 seq=4433 src=1 c9=1545 c10=1500 c11=1012 c12=1500 step=17
4114.3433,MEAS ms=128124 seq=4434 src=1 c9=1545 c10=1500 c11=1012 c12=1500 step=17
4114.3805,MEAS ms=128159 seq=4435 src=1 c9=1545 c10=1500 c11=1012 c12=1500 step=17
4114.3805,MEAS ms=128179 seq=4436 src=1 c9=1545 c10=1500 c11=1012 c12=1500 step=17
4114.3805,MEAS ms=128187 seq=4437 src=1 c9=1545 c10=1500 c11=1012 c12=1500 step=17
4114.4160,MEAS ms=128196 seq=4438 src=1 c9=1545 c10=1500 c11=1012 c12=1500 step=17
4114.4160,MEAS ms=128204 seq=4439 src=1 c9=1545 c10=1500 c11=1012 c12=1500 step=17
4114.4161,MEAS ms=128213 seq=4440 src=1 c9=1545 c10=1500 c11=1012 c12=1500 step=17
4114.4161,MEAS ms=128222 seq=4441 src=1 c9=1545 c10=1500 c11=1012 c12=1500 step=17
4114.4438,MEAS ms=128231 seq=4442 src=1 c9=1545 c10=1500 c11=1012 c12=1500 step=17
4114.4438,MEAS ms=128241 seq=4443 src=1 c9=1545 c10=1500 c11=1012 c12=1500 step=17
4114.4438,MEAS ms=128250 seq=4444 src=1 c9=1545 c10=1500 c11=1012 c12=1500 step=17
4114.4793,MEAS ms=128259 seq=4445 src=1 c9=1545 c10=1500 c11=1012 c12=1500 step=17
4114.4794,MEAS ms=128267 seq=4446 src=1 c9=1545 c10=1500 c11=1012 c12=1500 step=17
4114.4794,MEAS ms=128276 seq=4447 src=1 c9=1575 c10=1500 c11=1012 c12=1500 step=18
4114.4794,MEAS ms=128286 seq=4448 src=1 c9=1575 c10=1500 c11=1012 c12=1500 step=18
4114.5061,MEAS ms=128295 seq=4449 src=1 c9=1575 c10=1500 c11=1012 c12=1500 step=18
4114.5061,MEAS ms=128304 seq=4450 src=1 c9=1575 c10=1500 c11=1012 c12=1500 step=18
4114.5062,MEAS ms=128314 seq=4451 src=1 c9=1575 c10=1500 c11=1012 c12=1500 step=18
4114.5339,MEAS ms=128322 seq=4452 src=1 c9=1575 c10=1500 c11=1012 c12=1500 step=18
4114.5339,MEAS ms=128331 seq=4453 src=1 c9=1575 c10=1500 c11=1012 c12=1500 step=18
4114.5339,MEAS ms=128340 seq=4454 src=1 c9=1575 c10=1500 c11=1012 c12=1500 step=18
4114.5694,MEAS ms=128349 seq=4455 src=1 c9=1575 c10=1500 c11=1012 c12=1500 step=18
4114.5694,MEAS ms=128357 seq=4456 src=1 c9=1575 c10=1500 c11=1012 c12=1500 step=18
4114.5694,MEAS ms=128366 seq=4457 src=1 c9=1575 c10=1500 c11=1012 c12=1500 step=18
4114.5695,MEAS ms=128376 seq=4458 src=1 c9=1575 c10=1500 c11=1012 c12=1500 step=18
4114.5963,MEAS ms=128385 seq=4459 src=1 c9=1575 c10=1500 c11=1012 c12=1500 step=18
4114.5963,MEAS ms=128394 seq=4460 src=1 c9=1575 c10=1500 c11=1012 c12=1500 step=18
4114.5963,MEAS ms=128404 seq=4461 src=1 c9=1575 c10=1500 c11=1012 c12=1500 step=18
4114.6318,MEAS ms=128412 seq=4462 src=1 c9=1575 c10=1500 c11=1012 c12=1500 step=18
4114.6319,MEAS ms=128421 seq=4463 src=1 c9=1575 c10=1500 c11=1012 c12=1500 step=18
4114.6319,MEAS ms=128430 seq=4464 src=1 c9=1575 c10=1500 c11=1012 c12=1500 step=18
4114.6319,MEAS ms=128439 seq=4465 src=1 c9=1575 c10=1500 c11=1012 c12=1500 step=18
4114.6594,MEAS ms=128447 seq=4466 src=1 c9=1575 c10=1500 c11=1012 c12=1500 step=18
4114.6594,MEAS ms=128457 seq=4467 src=1 c9=1575 c10=1500 c11=1012 c12=1500 step=18
4114.6594,MEAS ms=128466 seq=4468 src=1 c9=1575 c10=1500 c11=1012 c12=1500 step=18
4114.6954,MEAS ms=128475 seq=4469 src=1 c9=1575 c10=1500 c11=1012 c12=1500 step=18
4114.6954,MEAS ms=128484 seq=4470 src=1 c9=1575 c10=1500 c11=1012 c12=1500 step=18
4114.6954,MEAS ms=128494 seq=4471 src=1 c9=1575 c10=1500 c11=1012 c12=1500 step=18
4114.6955,MEAS ms=128502 seq=4472 src=1 c9=1575 c10=1500 c11=1012 c12=1500 step=18
4114.7234,MEAS ms=128511 seq=4473 src=1 c9=1575 c10=1500 c11=1012 c12=1500 step=18
4114.7235,MEAS ms=128520 seq=4474 src=1 c9=1575 c10=1500 c11=1012 c12=1500 step=18
4114.7235,MEAS ms=128529 seq=4475 src=1 c9=1575 c10=1500 c11=1012 c12=1500 step=18
4114.7589,MEAS ms=128539 seq=4476 src=1 c9=1575 c10=1500 c11=1012 c12=1500 step=18
4114.7590,MEAS ms=128547 seq=4477 src=1 c9=1575 c10=1500 c11=1012 c12=1500 step=18
4114.7590,MEAS ms=128556 seq=4478 src=1 c9=1575 c10=1500 c11=1012 c12=1500 step=18
4114.7590,MEAS ms=128565 seq=4479 src=1 c9=1575 c10=1500 c11=1012 c12=1500 step=18
4114.7853,MEAS ms=128574 seq=4480 src=1 c9=1575 c10=1500 c11=1012 c12=1500 step=18
4114.7854,MEAS ms=128584 seq=4481 src=1 c9=1575 c10=1500 c11=1012 c12=1500 step=18
4114.7854,MEAS ms=128592 seq=4482 src=1 c9=1574 c10=1500 c11=1012 c12=1500 step=18
4114.8211,MEAS ms=128601 seq=4483 src=1 c9=1574 c10=1500 c11=1012 c12=1500 step=18
4114.8212,MEAS ms=128610 seq=4484 src=1 c9=1574 c10=1500 c11=1012 c12=1500 step=18
4114.8212,MEAS ms=128619 seq=4485 src=1 c9=1574 c10=1500 c11=1012 c12=1500 step=18
4114.8212,MEAS ms=128629 seq=4486 src=1 c9=1574 c10=1500 c11=1012 c12=1500 step=18
4114.8489,MEAS ms=128637 seq=4487 src=1 c9=1574 c10=1500 c11=1012 c12=1500 step=18
4114.8490,MEAS ms=128646 seq=4488 src=1 c9=1574 c10=1500 c11=1012 c12=1500 step=18
4114.8490,MEAS ms=128655 seq=4489 src=1 c9=1574 c10=1500 c11=1012 c12=1500 step=18
4114.9132,MEAS ms=128664 seq=4490 src=1 c9=1575 c10=1500 c11=1012 c12=1500 step=18
4114.9132,MEAS ms=128674 seq=4491 src=1 c9=1575 c10=1499 c11=1012 c12=1500 step=18
4114.9132,MEAS ms=128709 seq=4492 src=1 c9=1575 c10=1500 c11=1012 c12=1499 step=18
4114.9133,MEAS ms=128729 seq=4493 src=1 c9=1575 c10=1500 c11=1012 c12=1499 step=18
4114.9475,MEAS ms=128737 seq=4494 src=1 c9=1575 c10=1500 c11=1012 c12=1499 step=18
4114.9476,MEAS ms=128746 seq=4495 src=1 c9=1575 c10=1500 c11=1012 c12=1500 step=18
4114.9476,MEAS ms=128754 seq=4496 src=1 c9=1575 c10=1500 c11=1012 c12=1500 step=18
4114.9753,MEAS ms=128763 seq=4497 src=1 c9=1575 c10=1500 c11=1012 c12=1500 step=18
4114.9753,MEAS ms=128772 seq=4498 src=1 c9=1575 c10=1500 c11=1012 c12=1500 step=18
4114.9753,MEAS ms=128782 seq=4499 src=1 c9=1575 c10=1500 c11=1012 c12=1500 step=18
4115.0107,MEAS ms=128791 seq=4500 src=1 c9=1575 c10=1500 c11=1012 c12=1500 step=18
4115.0107,MEAS ms=128800 seq=4501 src=1 c9=1575 c10=1500 c11=1012 c12=1500 step=18
4115.0107,MEAS ms=128809 seq=4502 src=1 c9=1575 c10=1500 c11=1012 c12=1500 step=18
4115.0107,MEAS ms=128817 seq=4503 src=1 c9=1575 c10=1500 c11=1012 c12=1500 step=18
4115.0385,MEAS ms=128826 seq=4504 src=1 c9=1575 c10=1500 c11=1012 c12=1500 step=18
4115.0386,MEAS ms=128836 seq=4505 src=1 c9=1575 c10=1500 c11=1012 c12=1500 step=18
4115.0386,MEAS ms=128845 seq=4506 src=1 c9=1575 c10=1500 c11=1012 c12=1500 step=18
4115.0745,MEAS ms=128854 seq=4507 src=1 c9=1575 c10=1500 c11=1012 c12=1500 step=18
4115.0746,MEAS ms=128864 seq=4508 src=1 c9=1575 c10=1500 c11=1012 c12=1500 step=18
4115.0746,MEAS ms=128872 seq=4509 src=1 c9=1575 c10=1500 c11=1012 c12=1500 step=18
4115.0746,MEAS ms=128881 seq=4510 src=1 c9=1575 c10=1500 c11=1012 c12=1500 step=18
4115.1010,MEAS ms=128890 seq=4511 src=1 c9=1575 c10=1500 c11=1012 c12=1500 step=18
4115.1010,MEAS ms=128899 seq=4512 src=1 c9=1575 c10=1500 c11=1012 c12=1500 step=18
4115.1010,MEAS ms=128907 seq=4513 src=1 c9=1575 c10=1500 c11=1012 c12=1500 step=18
4115.1382,MEAS ms=128916 seq=4514 src=1 c9=1575 c10=1500 c11=1012 c12=1500 step=18
4115.1382,MEAS ms=128926 seq=4515 src=1 c9=1575 c10=1500 c11=1012 c12=1500 step=18
4115.1382,MEAS ms=128935 seq=4516 src=1 c9=1575 c10=1500 c11=1012 c12=1500 step=18
4115.1383,MEAS ms=128944 seq=4517 src=1 c9=1575 c10=1500 c11=1012 c12=1500 step=18
4115.1646,MEAS ms=128954 seq=4518 src=1 c9=1575 c10=1500 c11=1012 c12=1500 step=18
4115.1646,MEAS ms=128962 seq=4519 src=1 c9=1575 c10=1500 c11=1012 c12=1500 step=18
4115.1646,MEAS ms=128971 seq=4520 src=1 c9=1575 c10=1500 c11=1012 c12=1500 step=18
4115.2003,MEAS ms=128980 seq=4521 src=1 c9=1575 c10=1500 c11=1012 c12=1500 step=18
4115.2004,MEAS ms=128989 seq=4522 src=1 c9=1575 c10=1500 c11=1012 c12=1500 step=18
4115.2004,MEAS ms=128999 seq=4523 src=1 c9=1575 c10=1500 c11=1012 c12=1500 step=18
4115.2004,MEAS ms=129007 seq=4524 src=1 c9=1575 c10=1500 c11=1012 c12=1500 step=18
4115.2281,MEAS ms=129016 seq=4525 src=1 c9=1575 c10=1500 c11=1012 c12=1500 step=18
4115.2281,MEAS ms=129025 seq=4526 src=1 c9=1575 c10=1500 c11=1012 c12=1500 step=18
4115.2281,MEAS ms=129034 seq=4527 src=1 c9=1575 c10=1500 c11=1012 c12=1500 step=18
4115.2638,MEAS ms=129044 seq=4528 src=1 c9=1575 c10=1500 c11=1012 c12=1500 step=18
4115.2638,MEAS ms=129052 seq=4529 src=1 c9=1575 c10=1500 c11=1012 c12=1500 step=18
4115.2638,MEAS ms=129061 seq=4530 src=1 c9=1575 c10=1500 c11=1012 c12=1500 step=18
4115.2638,MEAS ms=129070 seq=4531 src=1 c9=1575 c10=1500 c11=1012 c12=1500 step=18
4115.2903,MEAS ms=129079 seq=4532 src=1 c9=1575 c10=1500 c11=1012 c12=1500 step=18
4115.2903,MEAS ms=129089 seq=4533 src=1 c9=1575 c10=1500 c11=1012 c12=1500 step=18
4115.2904,MEAS ms=129097 seq=4534 src=1 c9=1575 c10=1500 c11=1012 c12=1500 step=18
4115.3183,MEAS ms=129106 seq=4535 src=1 c9=1575 c10=1500 c11=1012 c12=1500 step=18
4115.3183,MEAS ms=129115 seq=4536 src=1 c9=1575 c10=1500 c11=1012 c12=1500 step=18
4115.3183,MEAS ms=129124 seq=4537 src=1 c9=1575 c10=1500 c11=1012 c12=1500 step=18
4115.3537,MEAS ms=129134 seq=4538 src=1 c9=1575 c10=1500 c11=1012 c12=1500 step=18
4115.3537,MEAS ms=129142 seq=4539 src=1 c9=1575 c10=1500 c11=1012 c12=1500 step=18
4115.3537,MEAS ms=129151 seq=4540 src=1 c9=1575 c10=1500 c11=1012 c12=1500 step=18
4115.3537,MEAS ms=129160 seq=4541 src=1 c9=1575 c10=1500 c11=1012 c12=1500 step=18
4115.3802,MEAS ms=129169 seq=4542 src=1 c9=1575 c10=1500 c11=1012 c12=1500 step=18
4115.3802,MEAS ms=129179 seq=4543 src=1 c9=1575 c10=1500 c11=1012 c12=1500 step=18
4115.3803,MEAS ms=129187 seq=4544 src=1 c9=1575 c10=1500 c11=1012 c12=1500 step=18
4115.4432,MEAS ms=129196 seq=4545 src=1 c9=1575 c10=1500 c11=1012 c12=1500 step=18
4115.4432,MEAS ms=129205 seq=4546 src=1 c9=1575 c10=1500 c11=1012 c12=1500 step=18
4115.4432,MEAS ms=129214 seq=4547 src=1 c9=1575 c10=1500 c11=1012 c12=1500 step=18
4115.4433,MEAS ms=129224 seq=4548 src=1 c9=1575 c10=1500 c11=1012 c12=1500 step=18
4115.4805,MEAS ms=129259 seq=4549 src=1 c9=1575 c10=1500 c11=1012 c12=1500 step=18
4115.4805,MEAS ms=129279 seq=4550 src=1 c9=1605 c10=1500 c11=1012 c12=1500 step=19
4115.4805,MEAS ms=129287 seq=4551 src=1 c9=1605 c10=1500 c11=1012 c12=1500 step=19
4115.5161,MEAS ms=129296 seq=4552 src=1 c9=1605 c10=1500 c11=1012 c12=1500 step=19
4115.5162,MEAS ms=129305 seq=4553 src=1 c9=1605 c10=1500 c11=1012 c12=1500 step=19
4115.5162,MEAS ms=129313 seq=4554 src=1 c9=1605 c10=1500 c11=1012 c12=1500 step=19
4115.5162,MEAS ms=129322 seq=4555 src=1 c9=1605 c10=1500 c11=1012 c12=1500 step=19
4115.5436,MEAS ms=129331 seq=4556 src=1 c9=1605 c10=1500 c11=1012 c12=1500 step=19
4115.5436,MEAS ms=129341 seq=4557 src=1 c9=1605 c10=1500 c11=1012 c12=1500 step=19
4115.5436,MEAS ms=129350 seq=4558 src=1 c9=1605 c10=1500 c11=1012 c12=1500 step=19
4115.5791,MEAS ms=129359 seq=4559 src=1 c9=1605 c10=1500 c11=1012 c12=1500 step=19
4115.5791,MEAS ms=129367 seq=4560 src=1 c9=1605 c10=1500 c11=1012 c12=1500 step=19
4115.5791,MEAS ms=129376 seq=4561 src=1 c9=1605 c10=1500 c11=1012 c12=1500 step=19
4115.5791,MEAS ms=129386 seq=4562 src=1 c9=1605 c10=1500 c11=1012 c12=1500 step=19
4115.6062,MEAS ms=129395 seq=4563 src=1 c9=1605 c10=1500 c11=1012 c12=1500 step=19
4115.6063,MEAS ms=129404 seq=4564 src=1 c9=1605 c10=1500 c11=1012 c12=1500 step=19
4115.6063,MEAS ms=129414 seq=4565 src=1 c9=1605 c10=1500 c11=1012 c12=1500 step=19
4115.6418,MEAS ms=129422 seq=4566 src=1 c9=1605 c10=1500 c11=1012 c12=1500 step=19
4115.6418,MEAS ms=129431 seq=4567 src=1 c9=1605 c10=1500 c11=1012 c12=1500 step=19
4115.6418,MEAS ms=129440 seq=4568 src=1 c9=1605 c10=1500 c11=1012 c12=1500 step=19
4115.6418,MEAS ms=129449 seq=4569 src=1 c9=1605 c10=1500 c11=1012 c12=1500 step=19
4115.6695,MEAS ms=129457 seq=4570 src=1 c9=1605 c10=1500 c11=1012 c12=1500 step=19
4115.6695,MEAS ms=129466 seq=4571 src=1 c9=1605 c10=1500 c11=1012 c12=1500 step=19
4115.6695,MEAS ms=129476 seq=4572 src=1 c9=1605 c10=1500 c11=1012 c12=1500 step=19
4115.7053,MEAS ms=129485 seq=4573 src=1 c9=1605 c10=1500 c11=1012 c12=1500 step=19
4115.7054,MEAS ms=129494 seq=4574 src=1 c9=1605 c10=1500 c11=1012 c12=1500 step=19
4115.7054,MEAS ms=129504 seq=4575 src=1 c9=1605 c10=1500 c11=1012 c12=1500 step=19
4115.7054,MEAS ms=129512 seq=4576 src=1 c9=1605 c10=1500 c11=1012 c12=1500 step=19
4115.7334,MEAS ms=129521 seq=4577 src=1 c9=1605 c10=1500 c11=1012 c12=1500 step=19
4115.7335,MEAS ms=129530 seq=4578 src=1 c9=1605 c10=1500 c11=1012 c12=1500 step=19
4115.7335,MEAS ms=129539 seq=4579 src=1 c9=1605 c10=1500 c11=1012 c12=1500 step=19
4115.7597,MEAS ms=129549 seq=4580 src=1 c9=1605 c10=1500 c11=1012 c12=1500 step=19
4115.7597,MEAS ms=129557 seq=4581 src=1 c9=1605 c10=1500 c11=1012 c12=1500 step=19
4115.7597,MEAS ms=129566 seq=4582 src=1 c9=1605 c10=1500 c11=1012 c12=1500 step=19
4115.7954,MEAS ms=129575 seq=4583 src=1 c9=1605 c10=1500 c11=1012 c12=1500 step=19
4115.7954,MEAS ms=129584 seq=4584 src=1 c9=1605 c10=1500 c11=1012 c12=1500 step=19
4115.7954,MEAS ms=129594 seq=4585 src=1 c9=1605 c10=1499 c11=1012 c12=1500 step=19
4115.7954,MEAS ms=129602 seq=4586 src=1 c9=1605 c10=1499 c11=1012 c12=1500 step=19
4115.8233,MEAS ms=129611 seq=4587 src=1 c9=1605 c10=1499 c11=1012 c12=1500 step=19
4115.8234,MEAS ms=129620 seq=4588 src=1 c9=1605 c10=1499 c11=1012 c12=1500 step=19
4115.8234,MEAS ms=129629 seq=4589 src=1 c9=1605 c10=1499 c11=1012 c12=1500 step=19
4115.8590,MEAS ms=129639 seq=4590 src=1 c9=1605 c10=1499 c11=1012 c12=1500 step=19
4115.8590,MEAS ms=129647 seq=4591 src=1 c9=1605 c10=1499 c11=1012 c12=1500 step=19
4115.8591,MEAS ms=129656 seq=4592 src=1 c9=1605 c10=1499 c11=1012 c12=1500 step=19
4115.8591,MEAS ms=129665 seq=4593 src=1 c9=1605 c10=1500 c11=1012 c12=1499 step=19
4115.8854,MEAS ms=129674 seq=4594 src=1 c9=1605 c10=1500 c11=1012 c12=1499 step=19
4115.8855,MEAS ms=129684 seq=4595 src=1 c9=1605 c10=1500 c11=1012 c12=1499 step=19
4115.8855,MEAS ms=129692 seq=4596 src=1 c9=1605 c10=1500 c11=1012 c12=1499 step=19
4115.9212,MEAS ms=129701 seq=4597 src=1 c9=1605 c10=1500 c11=1012 c12=1500 step=19
4115.9212,MEAS ms=129710 seq=4598 src=1 c9=1605 c10=1500 c11=1012 c12=1500 step=19
4115.9212,MEAS ms=129719 seq=4599 src=1 c9=1605 c10=1500 c11=1012 c12=1500 step=19
4115.9213,MEAS ms=129729 seq=4600 src=1 c9=1605 c10=1500 c11=1012 c12=1500 step=19
4115.9490,MEAS ms=129737 seq=4601 src=1 c9=1605 c10=1500 c11=1012 c12=1500 step=19
4115.9490,MEAS ms=129746 seq=4602 src=1 c9=1605 c10=1500 c11=1012 c12=1500 step=19
4115.9490,MEAS ms=129755 seq=4603 src=1 c9=1605 c10=1500 c11=1012 c12=1500 step=19
4116.0211,MEAS ms=129764 seq=4604 src=1 c9=1605 c10=1500 c11=1012 c12=1500 step=19
4116.0212,MEAS ms=129774 seq=4605 src=1 c9=1605 c10=1500 c11=1012 c12=1500 step=19
4116.0212,MEAS ms=129809 seq=4606 src=1 c9=1605 c10=1500 c11=1012 c12=1500 step=19
4116.0212,MEAS ms=129829 seq=4607 src=1 c9=1605 c10=1500 c11=1012 c12=1500 step=19
4116.0476,MEAS ms=129837 seq=4608 src=1 c9=1605 c10=1500 c11=1012 c12=1500 step=19
4116.0479,MEAS ms=129846 seq=4609 src=1 c9=1605 c10=1500 c11=1012 c12=1500 step=19
4116.0480,MEAS ms=129854 seq=4610 src=1 c9=1605 c10=1500 c11=1012 c12=1500 step=19
4116.0846,MEAS ms=129863 seq=4611 src=1 c9=1605 c10=1500 c11=1012 c12=1500 step=19
4116.0846,MEAS ms=129872 seq=4612 src=1 c9=1605 c10=1500 c11=1012 c12=1500 step=19
4116.0846,MEAS ms=129882 seq=4613 src=1 c9=1605 c10=1500 c11=1012 c12=1500 step=19
4116.0846,MEAS ms=129891 seq=4614 src=1 c9=1605 c10=1500 c11=1012 c12=1500 step=19
4116.1107,MEAS ms=129900 seq=4615 src=1 c9=1605 c10=1500 c11=1012 c12=1500 step=19
4116.1108,MEAS ms=129909 seq=4616 src=1 c9=1605 c10=1500 c11=1012 c12=1500 step=19
4116.1108,MEAS ms=129917 seq=4617 src=1 c9=1605 c10=1500 c11=1012 c12=1500 step=19
4116.1384,MEAS ms=129926 seq=4618 src=1 c9=1605 c10=1500 c11=1012 c12=1500 step=19
4116.1385,MEAS ms=129936 seq=4619 src=1 c9=1605 c10=1500 c11=1012 c12=1500 step=19
4116.1385,MEAS ms=129945 seq=4620 src=1 c9=1605 c10=1500 c11=1012 c12=1500 step=19
4116.1385,MEAS ms=129954 seq=4621 src=1 c9=1605 c10=1500 c11=1012 c12=1500 step=19
4116.1744,MEAS ms=129964 seq=4622 src=1 c9=1605 c10=1500 c11=1012 c12=1500 step=19
4116.1745,MEAS ms=129972 seq=4623 src=1 c9=1605 c10=1500 c11=1012 c12=1500 step=19
4116.1745,MEAS ms=129981 seq=4624 src=1 c9=1605 c10=1500 c11=1012 c12=1500 step=19
4116.2015,MEAS ms=129990 seq=4625 src=1 c9=1605 c10=1500 c11=1012 c12=1500 step=19
4116.2015,MEAS ms=129999 seq=4626 src=1 c9=1605 c10=1500 c11=1012 c12=1500 step=19
4116.2016,MEAS ms=130007 seq=4627 src=1 c9=1605 c10=1500 c11=1012 c12=1500 step=19
4116.2386,MEAS ms=130016 seq=4628 src=1 c9=1605 c10=1500 c11=1012 c12=1500 step=19
4116.2387,MEAS ms=130026 seq=4629 src=1 c9=1605 c10=1500 c11=1012 c12=1500 step=19
4116.2387,MEAS ms=130035 seq=4630 src=1 c9=1605 c10=1500 c11=1012 c12=1500 step=19
4116.2387,MEAS ms=130044 seq=4631 src=1 c9=1605 c10=1500 c11=1012 c12=1500 step=19
4116.2647,MEAS ms=130054 seq=4632 src=1 c9=1605 c10=1500 c11=1012 c12=1500 step=19
4116.2648,MEAS ms=130062 seq=4633 src=1 c9=1605 c10=1500 c11=1012 c12=1500 step=19
4116.2648,MEAS ms=130071 seq=4634 src=1 c9=1605 c10=1500 c11=1012 c12=1500 step=19
4116.3003,MEAS ms=130080 seq=4635 src=1 c9=1605 c10=1500 c11=1012 c12=1500 step=19
4116.3003,MEAS ms=130089 seq=4636 src=1 c9=1605 c10=1500 c11=1012 c12=1500 step=19
4116.3003,MEAS ms=130097 seq=4637 src=1 c9=1605 c10=1500 c11=1012 c12=1500 step=19
4116.3004,MEAS ms=130107 seq=4638 src=1 c9=1605 c10=1500 c11=1012 c12=1500 step=19
4116.3283,MEAS ms=130116 seq=4639 src=1 c9=1605 c10=1500 c11=1012 c12=1500 step=19
4116.3283,MEAS ms=130125 seq=4640 src=1 c9=1605 c10=1500 c11=1012 c12=1500 step=19
4116.3283,MEAS ms=130134 seq=4641 src=1 c9=1605 c10=1500 c11=1012 c12=1500 step=19
4116.3639,MEAS ms=130144 seq=4642 src=1 c9=1605 c10=1500 c11=1012 c12=1500 step=19
4116.3639,MEAS ms=130152 seq=4643 src=1 c9=1605 c10=1500 c11=1012 c12=1500 step=19
4116.3639,MEAS ms=130161 seq=4644 src=1 c9=1605 c10=1500 c11=1012 c12=1500 step=19
4116.3639,MEAS ms=130170 seq=4645 src=1 c9=1605 c10=1500 c11=1012 c12=1500 step=19
4116.3904,MEAS ms=130179 seq=4646 src=1 c9=1605 c10=1500 c11=1012 c12=1500 step=19
4116.3905,MEAS ms=130189 seq=4647 src=1 c9=1605 c10=1500 c11=1012 c12=1500 step=19
4116.3905,MEAS ms=130197 seq=4648 src=1 c9=1605 c10=1500 c11=1012 c12=1500 step=19
4116.4261,MEAS ms=130206 seq=4649 src=1 c9=1605 c10=1500 c11=1012 c12=1500 step=19
4116.4261,MEAS ms=130215 seq=4650 src=1 c9=1605 c10=1500 c11=1012 c12=1500 step=19
4116.4261,MEAS ms=130224 seq=4651 src=1 c9=1605 c10=1500 c11=1012 c12=1500 step=19
4116.4261,MEAS ms=130234 seq=4652 src=1 c9=1605 c10=1500 c11=1012 c12=1500 step=19
4116.4538,MEAS ms=130242 seq=4653 src=1 c9=1605 c10=1500 c11=1012 c12=1500 step=19
4116.4538,MEAS ms=130251 seq=4654 src=1 c9=1605 c10=1500 c11=1012 c12=1500 step=19
4116.4538,MEAS ms=130260 seq=4655 src=1 c9=1605 c10=1500 c11=1012 c12=1500 step=19
4116.4895,MEAS ms=130269 seq=4656 src=1 c9=1605 c10=1500 c11=1012 c12=1500 step=19
4116.4896,MEAS ms=130279 seq=4657 src=1 c9=1605 c10=1500 c11=1012 c12=1500 step=19
4116.4896,MEAS ms=130287 seq=4658 src=1 c9=1605 c10=1500 c11=1012 c12=1500 step=19
4116.4896,MEAS ms=130296 seq=4659 src=1 c9=1637 c10=1500 c11=1012 c12=1500 step=20
4116.5432,MEAS ms=130305 seq=4660 src=1 c9=1637 c10=1500 c11=1012 c12=1500 step=20
4116.5432,MEAS ms=130314 seq=4661 src=1 c9=1637 c10=1500 c11=1012 c12=1500 step=20
4116.5432,MEAS ms=130324 seq=4662 src=1 c9=1637 c10=1500 c11=1012 c12=1500 step=20
4116.5803,MEAS ms=130359 seq=4663 src=1 c9=1637 c10=1500 c11=1012 c12=1500 step=20
4116.5803,MEAS ms=130379 seq=4664 src=1 c9=1637 c10=1500 c11=1012 c12=1500 step=20
4116.5804,MEAS ms=130387 seq=4665 src=1 c9=1637 c10=1500 c11=1012 c12=1500 step=20
4116.6160,MEAS ms=130396 seq=4666 src=1 c9=1637 c10=1500 c11=1012 c12=1500 step=20
4116.6160,MEAS ms=130404 seq=4667 src=1 c9=1637 c10=1500 c11=1012 c12=1500 step=20
4116.6160,MEAS ms=130413 seq=4668 src=1 c9=1637 c10=1500 c11=1012 c12=1500 step=20
4116.6161,MEAS ms=130422 seq=4669 src=1 c9=1637 c10=1500 c11=1012 c12=1500 step=20
4116.6436,MEAS ms=130431 seq=4670 src=1 c9=1637 c10=1500 c11=1012 c12=1500 step=20
4116.6436,MEAS ms=130441 seq=4671 src=1 c9=1637 c10=1500 c11=1012 c12=1500 step=20
4116.6436,MEAS ms=130450 seq=4672 src=1 c9=1637 c10=1500 c11=1012 c12=1500 step=20
4116.6793,MEAS ms=130459 seq=4673 src=1 c9=1637 c10=1500 c11=1012 c12=1500 step=20
4116.6793,MEAS ms=130467 seq=4674 src=1 c9=1637 c10=1500 c11=1012 c12=1500 step=20
4116.6793,MEAS ms=130476 seq=4675 src=1 c9=1637 c10=1500 c11=1012 c12=1500 step=20
4116.6793,MEAS ms=130486 seq=4676 src=1 c9=1637 c10=1500 c11=1012 c12=1500 step=20
4116.7060,MEAS ms=130495 seq=4677 src=1 c9=1637 c10=1500 c11=1012 c12=1500 step=20
4116.7061,MEAS ms=130504 seq=4678 src=1 c9=1637 c10=1500 c11=1012 c12=1500 step=20
4116.7061,MEAS ms=130514 seq=4679 src=1 c9=1637 c10=1500 c11=1012 c12=1500 step=20
4116.7417,MEAS ms=130522 seq=4680 src=1 c9=1636 c10=1500 c11=1012 c12=1500 step=20
4116.7417,MEAS ms=130531 seq=4681 src=1 c9=1636 c10=1500 c11=1012 c12=1500 step=20
4116.7418,MEAS ms=130540 seq=4682 src=1 c9=1636 c10=1500 c11=1012 c12=1500 step=20
4116.7418,MEAS ms=130549 seq=4683 src=1 c9=1636 c10=1499 c11=1012 c12=1500 step=20
4116.7695,MEAS ms=130557 seq=4684 src=1 c9=1637 c10=1499 c11=1012 c12=1500 step=20
4116.7695,MEAS ms=130566 seq=4685 src=1 c9=1637 c10=1499 c11=1012 c12=1500 step=20
4116.7696,MEAS ms=130576 seq=4686 src=1 c9=1637 c10=1499 c11=1012 c12=1500 step=20
4116.8053,MEAS ms=130585 seq=4687 src=1 c9=1637 c10=1500 c11=1010 c12=1500 step=20
4116.8054,MEAS ms=130594 seq=4688 src=1 c9=1637 c10=1500 c11=1010 c12=1500 step=20
4116.8054,MEAS ms=130604 seq=4689 src=1 c9=1637 c10=1500 c11=1010 c12=1500 step=20
4116.8054,MEAS ms=130612 seq=4690 src=1 c9=1637 c10=1500 c11=1010 c12=1500 step=20
4116.8318,MEAS ms=130621 seq=4691 src=1 c9=1637 c10=1500 c11=1012 c12=1499 step=20
4116.8319,MEAS ms=130630 seq=4692 src=1 c9=1637 c10=1500 c11=1012 c12=1499 step=20
4116.8319,MEAS ms=130639 seq=4693 src=1 c9=1637 c10=1500 c11=1012 c12=1499 step=20
4116.8686,MEAS ms=130647 seq=4694 src=1 c9=1637 c10=1500 c11=1012 c12=1499 step=20
4116.8686,MEAS ms=130656 seq=4695 src=1 c9=1637 c10=1500 c11=1012 c12=1500 step=20
4116.8686,MEAS ms=130666 seq=4696 src=1 c9=1637 c10=1500 c11=1012 c12=1500 step=20
4116.8686,MEAS ms=130675 seq=4697 src=1 c9=1637 c10=1500 c11=1012 c12=1500 step=20
4116.8956,MEAS ms=130684 seq=4698 src=1 c9=1637 c10=1500 c11=1012 c12=1500 step=20
4116.8956,MEAS ms=130694 seq=4699 src=1 c9=1637 c10=1500 c11=1012 c12=1500 step=20
4116.8956,MEAS ms=130702 seq=4700 src=1 c9=1637 c10=1500 c11=1012 c12=1500 step=20
4116.9312,MEAS ms=130711 seq=4701 src=1 c9=1637 c10=1500 c11=1012 c12=1500 step=20
4116.9312,MEAS ms=130720 seq=4702 src=1 c9=1637 c10=1500 c11=1012 c12=1500 step=20
4116.9312,MEAS ms=130729 seq=4703 src=1 c9=1637 c10=1500 c11=1012 c12=1500 step=20
4116.9312,MEAS ms=130739 seq=4704 src=1 c9=1637 c10=1500 c11=1012 c12=1500 step=20
4116.9590,MEAS ms=130747 seq=4705 src=1 c9=1637 c10=1500 c11=1012 c12=1500 step=20
4116.9590,MEAS ms=130756 seq=4706 src=1 c9=1637 c10=1500 c11=1012 c12=1500 step=20
4116.9590,MEAS ms=130765 seq=4707 src=1 c9=1637 c10=1500 c11=1012 c12=1500 step=20
4116.9856,MEAS ms=130774 seq=4708 src=1 c9=1637 c10=1500 c11=1012 c12=1500 step=20
4116.9856,MEAS ms=130784 seq=4709 src=1 c9=1637 c10=1500 c11=1012 c12=1500 step=20
4116.9856,MEAS ms=130792 seq=4710 src=1 c9=1637 c10=1500 c11=1012 c12=1500 step=20
4117.0212,MEAS ms=130801 seq=4711 src=1 c9=1637 c10=1500 c11=1012 c12=1500 step=20
4117.0212,MEAS ms=130810 seq=4712 src=1 c9=1637 c10=1500 c11=1012 c12=1500 step=20
4117.0213,MEAS ms=130819 seq=4713 src=1 c9=1637 c10=1500 c11=1012 c12=1500 step=20
4117.0213,MEAS ms=130829 seq=4714 src=1 c9=1637 c10=1500 c11=1012 c12=1500 step=20
4117.0489,MEAS ms=130837 seq=4715 src=1 c9=1637 c10=1500 c11=1012 c12=1500 step=20
4117.0490,MEAS ms=130846 seq=4716 src=1 c9=1637 c10=1500 c11=1012 c12=1500 step=20
4117.0490,MEAS ms=130855 seq=4717 src=1 c9=1637 c10=1500 c11=1012 c12=1500 step=20
4117.0846,MEAS ms=130864 seq=4718 src=1 c9=1637 c10=1500 c11=1012 c12=1500 step=20
4117.0847,MEAS ms=130874 seq=4719 src=1 c9=1637 c10=1500 c11=1012 c12=1500 step=20
4117.0847,MEAS ms=130882 seq=4720 src=1 c9=1637 c10=1500 c11=1012 c12=1500 step=20
4117.0847,MEAS ms=130891 seq=4721 src=1 c9=1637 c10=1500 c11=1012 c12=1500 step=20
4117.1483,MEAS ms=130900 seq=4722 src=1 c9=1637 c10=1500 c11=1012 c12=1500 step=20
4117.1484,MEAS ms=130909 seq=4723 src=1 c9=1637 c10=1500 c11=1012 c12=1500 step=20
4117.1484,MEAS ms=130919 seq=4724 src=1 c9=1637 c10=1500 c11=1012 c12=1500 step=20
4117.3283,MEAS ms=130964 seq=4725 src=1 c9=1637 c10=1500 c11=1012 c12=1500 step=20
4117.3283,MEAS ms=131009 seq=4726 src=1 c9=1637 c10=1500 c11=1012 c12=1500 step=20
4117.3283,MEAS ms=131054 seq=4727 src=1 c9=1637 c10=1500 c11=1012 c12=1500 step=20
4117.3283,MEAS ms=131099 seq=4728 src=1 c9=1637 c10=1500 c11=1012 c12=1500 step=20
4117.4632,MEAS ms=131144 seq=4729 src=1 c9=1637 c10=1500 c11=1012 c12=1500 step=20
4117.4633,MEAS ms=131189 seq=4730 src=1 c9=1637 c10=1500 c11=1012 c12=1500 step=20
4117.4633,MEAS ms=131234 seq=4731 src=1 c9=1637 c10=1500 c11=1012 c12=1500 step=20
4117.6183,MEAS ms=131279 seq=4732 src=1 c9=1637 c10=1500 c11=1012 c12=1500 step=20
4117.6183,MEAS ms=131324 seq=4733 src=1 c9=1668 c10=1500 c11=1012 c12=1500 step=21
4117.6183,MEAS ms=131369 seq=4734 src=1 c9=1668 c10=1500 c11=1012 c12=1500 step=21
4117.6183,MEAS ms=131414 seq=4735 src=1 c9=1668 c10=1500 c11=1012 c12=1500 step=21
4117.6432,MEAS ms=131434 seq=4736 src=1 c9=1668 c10=1500 c11=1012 c12=1500 step=21
4117.6433,MEAS ms=131442 seq=4737 src=1 c9=1668 c10=1500 c11=1012 c12=1500 step=21
4117.6433,MEAS ms=131451 seq=4738 src=1 c9=1668 c10=1500 c11=1012 c12=1500 step=21
4117.6802,MEAS ms=131459 seq=4739 src=1 c9=1668 c10=1500 c11=1012 c12=1500 step=21
4117.6802,MEAS ms=131468 seq=4740 src=1 c9=1666 c10=1500 c11=1012 c12=1500 step=21
4117.6802,MEAS ms=131477 seq=4741 src=1 c9=1666 c10=1500 c11=1012 c12=1500 step=21
4117.6802,MEAS ms=131486 seq=4742 src=1 c9=1666 c10=1500 c11=1012 c12=1500 step=21
4117.7064,MEAS ms=131496 seq=4743 src=1 c9=1666 c10=1500 c11=1012 c12=1500 step=21
4117.7065,MEAS ms=131505 seq=4744 src=1 c9=1668 c10=1499 c11=1012 c12=1500 step=21
4117.7065,MEAS ms=131513 seq=4745 src=1 c9=1668 c10=1499 c11=1012 c12=1500 step=21
4117.7344,MEAS ms=131522 seq=4746 src=1 c9=1668 c10=1499 c11=1012 c12=1500 step=21
4117.7344,MEAS ms=131531 seq=4747 src=1 c9=1668 c10=1499 c11=1012 c12=1500 step=21
4117.7344,MEAS ms=131541 seq=4748 src=1 c9=1668 c10=1500 c11=1010 c12=1500 step=21
4117.7344,MEAS ms=131550 seq=4749 src=1 c9=1668 c10=1500 c11=1010 c12=1500 step=21
4117.7705,MEAS ms=131559 seq=4750 src=1 c9=1668 c10=1500 c11=1010 c12=1500 step=21
4117.7705,MEAS ms=131569 seq=4751 src=1 c9=1668 c10=1500 c11=1010 c12=1500 step=21
4117.7705,MEAS ms=131577 seq=4752 src=1 c9=1668 c10=1500 c11=1012 c12=1499 step=21
4117.7966,MEAS ms=131586 seq=4753 src=1 c9=1668 c10=1500 c11=1012 c12=1499 step=21
4117.7966,MEAS ms=131595 seq=4754 src=1 c9=1668 c10=1500 c11=1012 c12=1499 step=21
4117.7966,MEAS ms=131603 seq=4755 src=1 c9=1668 c10=1500 c11=1012 c12=1499 step=21
4117.8336,MEAS ms=131612 seq=4756 src=1 c9=1668 c10=1500 c11=1012 c12=1500 step=21
4117.8337,MEAS ms=131621 seq=4757 src=1 c9=1668 c10=1500 c11=1012 c12=1500 step=21
4117.8337,MEAS ms=131631 seq=4758 src=1 c9=1668 c10=1500 c11=1012 c12=1500 step=21
4117.8337,MEAS ms=131640 seq=4759 src=1 c9=1668 c10=1500 c11=1012 c12=1500 step=21
4117.8606,MEAS ms=131649 seq=4760 src=1 c9=1668 c10=1500 c11=1012 c12=1500 step=21
4117.8606,MEAS ms=131657 seq=4761 src=1 c9=1668 c10=1500 c11=1012 c12=1500 step=21
4117.8607,MEAS ms=131666 seq=4762 src=1 c9=1668 c10=1500 c11=1012 c12=1500 step=21
4117.8963,MEAS ms=131676 seq=4763 src=1 c9=1668 c10=1500 c11=1012 c12=1500 step=21
4117.8963,MEAS ms=131685 seq=4764 src=1 c9=1668 c10=1500 c11=1012 c12=1500 step=21
4117.8963,MEAS ms=131694 seq=4765 src=1 c9=1668 c10=1500 c11=1012 c12=1500 step=21
4117.8964,MEAS ms=131704 seq=4766 src=1 c9=1668 c10=1500 c11=1012 c12=1500 step=21
4117.9239,MEAS ms=131712 seq=4767 src=1 c9=1668 c10=1500 c11=1012 c12=1500 step=21
4117.9240,MEAS ms=131721 seq=4768 src=1 c9=1668 c10=1500 c11=1012 c12=1500 step=21
4117.9240,MEAS ms=131730 seq=4769 src=1 c9=1668 c10=1500 c11=1012 c12=1500 step=21
4117.9595,MEAS ms=131739 seq=4770 src=1 c9=1668 c10=1500 c11=1012 c12=1500 step=21
4117.9595,MEAS ms=131747 seq=4771 src=1 c9=1668 c10=1500 c11=1012 c12=1500 step=21
4117.9595,MEAS ms=131757 seq=4772 src=1 c9=1668 c10=1500 c11=1012 c12=1500 step=21
4117.9595,MEAS ms=131766 seq=4773 src=1 c9=1668 c10=1500 c11=1012 c12=1500 step=21
4117.9862,MEAS ms=131775 seq=4774 src=1 c9=1668 c10=1500 c11=1012 c12=1500 step=21
4117.9863,MEAS ms=131784 seq=4775 src=1 c9=1668 c10=1500 c11=1012 c12=1500 step=21
4117.9863,MEAS ms=131794 seq=4776 src=1 c9=1668 c10=1500 c11=1012 c12=1500 step=21
4118.0231,MEAS ms=131802 seq=4777 src=1 c9=1668 c10=1500 c11=1012 c12=1500 step=21
4118.0231,MEAS ms=131811 seq=4778 src=1 c9=1668 c10=1500 c11=1012 c12=1500 step=21
4118.0231,MEAS ms=131820 seq=4779 src=1 c9=1668 c10=1500 c11=1012 c12=1500 step=21
4118.0232,MEAS ms=131829 seq=4780 src=1 c9=1668 c10=1500 c11=1012 c12=1500 step=21
4118.0498,MEAS ms=131839 seq=4781 src=1 c9=1668 c10=1500 c11=1012 c12=1500 step=21
4118.0498,MEAS ms=131847 seq=4782 src=1 c9=1668 c10=1500 c11=1012 c12=1500 step=21
4118.0498,MEAS ms=131856 seq=4783 src=1 c9=1668 c10=1500 c11=1012 c12=1500 step=21
4118.0855,MEAS ms=131865 seq=4784 src=1 c9=1668 c10=1500 c11=1012 c12=1500 step=21
4118.0855,MEAS ms=131874 seq=4785 src=1 c9=1668 c10=1500 c11=1012 c12=1500 step=21
4118.0855,MEAS ms=131884 seq=4786 src=1 c9=1668 c10=1500 c11=1012 c12=1500 step=21
4118.0855,MEAS ms=131892 seq=4787 src=1 c9=1668 c10=1500 c11=1012 c12=1500 step=21
4118.1133,MEAS ms=131901 seq=4788 src=1 c9=1668 c10=1500 c11=1012 c12=1500 step=21
4118.1134,MEAS ms=131910 seq=4789 src=1 c9=1668 c10=1500 c11=1012 c12=1500 step=21
4118.1134,MEAS ms=131919 seq=4790 src=1 c9=1668 c10=1500 c11=1012 c12=1500 step=21
4118.1395,MEAS ms=131929 seq=4791 src=1 c9=1668 c10=1500 c11=1012 c12=1500 step=21
4118.1396,MEAS ms=131937 seq=4792 src=1 c9=1668 c10=1500 c11=1012 c12=1500 step=21
4118.1396,MEAS ms=131946 seq=4793 src=1 c9=1668 c10=1500 c11=1012 c12=1500 step=21
4118.1753,MEAS ms=131955 seq=4794 src=1 c9=1668 c10=1500 c11=1012 c12=1500 step=21
4118.1753,MEAS ms=131964 seq=4795 src=1 c9=1668 c10=1500 c11=1012 c12=1500 step=21
4118.1753,MEAS ms=131974 seq=4796 src=1 c9=1668 c10=1500 c11=1012 c12=1500 step=21
4118.1753,MEAS ms=131982 seq=4797 src=1 c9=1668 c10=1500 c11=1012 c12=1500 step=21
4118.2033,MEAS ms=131991 seq=4798 src=1 c9=1668 c10=1500 c11=1012 c12=1500 step=21
4118.2033,MEAS ms=132000 seq=4799 src=1 c9=1668 c10=1500 c11=1012 c12=1500 step=21
4118.2034,MEAS ms=132009 seq=4800 src=1 c9=1668 c10=1500 c11=1012 c12=1500 step=21
4118.3833,MEAS ms=132019 seq=4801 src=1 c9=1668 c10=1500 c11=1012 c12=1500 step=21
4118.3833,MEAS ms=132064 seq=4802 src=1 c9=1668 c10=1500 c11=1012 c12=1500 step=21
4118.3833,MEAS ms=132109 seq=4803 src=1 c9=1668 c10=1500 c11=1012 c12=1500 step=21
4118.3833,MEAS ms=132154 seq=4804 src=1 c9=1668 c10=1500 c11=1012 c12=1500 step=21
4118.5184,MEAS ms=132199 seq=4805 src=1 c9=1668 c10=1500 c11=1012 c12=1500 step=21
4118.5184,MEAS ms=132244 seq=4806 src=1 c9=1668 c10=1500 c11=1012 c12=1500 step=21
4118.5184,MEAS ms=132289 seq=4807 src=1 c9=1668 c10=1500 c11=1012 c12=1500 step=21
4118.6982,MEAS ms=132334 seq=4808 src=1 c9=1697 c10=1500 c11=1012 c12=1500 step=22
4118.6983,MEAS ms=132379 seq=4809 src=1 c9=1697 c10=1500 c11=1012 c12=1500 step=22
4118.6983,MEAS ms=132424 seq=4810 src=1 c9=1697 c10=1500 c11=1012 c12=1500 step=22
4118.6983,MEAS ms=132469 seq=4811 src=1 c9=1697 c10=1500 c11=1012 c12=1500 step=22
4118.7352,MEAS ms=132514 seq=4812 src=1 c9=1697 c10=1500 c11=1010 c12=1500 step=22
4118.7353,MEAS ms=132534 seq=4813 src=1 c9=1697 c10=1500 c11=1010 c12=1500 step=22
4118.7353,MEAS ms=132542 seq=4814 src=1 c9=1697 c10=1500 c11=1012 c12=1500 step=22
4118.7708,MEAS ms=132551 seq=4815 src=1 c9=1697 c10=1500 c11=1012 c12=1499 step=22
4118.7710,MEAS ms=132559 seq=4816 src=1 c9=1697 c10=1500 c11=1012 c12=1499 step=22
4118.7711,MEAS ms=132568 seq=4817 src=1 c9=1697 c10=1500 c11=1012 c12=1499 step=22
4118.7711,MEAS ms=132577 seq=4818 src=1 c9=1697 c10=1500 c11=1012 c12=1499 step=22
4118.7973,MEAS ms=132587 seq=4819 src=1 c9=1697 c10=1500 c11=1012 c12=1500 step=22
4118.7973,MEAS ms=132596 seq=4820 src=1 c9=1697 c10=1500 c11=1012 c12=1500 step=22
4118.7973,MEAS ms=132605 seq=4821 src=1 c9=1697 c10=1500 c11=1012 c12=1500 step=22
4118.8341,MEAS ms=132613 seq=4822 src=1 c9=1697 c10=1500 c11=1012 c12=1500 step=22
4118.8341,MEAS ms=132622 seq=4823 src=1 c9=1697 c10=1500 c11=1012 c12=1500 step=22
4118.8341,MEAS ms=132631 seq=4824 src=1 c9=1697 c10=1500 c11=1012 c12=1500 step=22
4118.8341,MEAS ms=132641 seq=4825 src=1 c9=1697 c10=1500 c11=1012 c12=1500 step=22
4118.8604,MEAS ms=132650 seq=4826 src=1 c9=1697 c10=1500 c11=1012 c12=1500 step=22
4118.8605,MEAS ms=132659 seq=4827 src=1 c9=1697 c10=1500 c11=1012 c12=1500 step=22
4118.8605,MEAS ms=132667 seq=4828 src=1 c9=1697 c10=1500 c11=1012 c12=1500 step=22
4118.9333,MEAS ms=132676 seq=4829 src=1 c9=1697 c10=1500 c11=1012 c12=1500 step=22
4118.9333,MEAS ms=132685 seq=4830 src=1 c9=1697 c10=1500 c11=1012 c12=1500 step=22
4118.9333,MEAS ms=132695 seq=4831 src=1 c9=1697 c10=1500 c11=1012 c12=1500 step=22
4118.9333,MEAS ms=132704 seq=4832 src=1 c9=1697 c10=1500 c11=1012 c12=1500 step=22
4119.0684,MEAS ms=132749 seq=4833 src=1 c9=1697 c10=1500 c11=1012 c12=1500 step=22
4119.0684,MEAS ms=132794 seq=4834 src=1 c9=1697 c10=1500 c11=1012 c12=1500 step=22
4119.0684,MEAS ms=132839 seq=4835 src=1 c9=1697 c10=1500 c11=1012 c12=1500 step=22
4119.2031,MEAS ms=132884 seq=4836 src=1 c9=1697 c10=1500 c11=1012 c12=1500 step=22
4119.2031,MEAS ms=132929 seq=4837 src=1 c9=1697 c10=1500 c11=1012 c12=1500 step=22
4119.2031,MEAS ms=132974 seq=4838 src=1 c9=1697 c10=1500 c11=1012 c12=1500 step=22
4119.3212,MEAS ms=133019 seq=4839 src=1 c9=1697 c10=1500 c11=1012 c12=1500 step=22
4119.3213,MEAS ms=133064 seq=4840 src=1 c9=1697 c10=1500 c11=1012 c12=1500 step=22
4119.3213,MEAS ms=133109 seq=4841 src=1 c9=1697 c10=1500 c11=1012 c12=1500 step=22
4119.3213,MEAS ms=133129 seq=4842 src=1 c9=1697 c10=1500 c11=1012 c12=1500 step=22
4119.3477,MEAS ms=133137 seq=4843 src=1 c9=1697 c10=1500 c11=1012 c12=1500 step=22
4119.3477,MEAS ms=133146 seq=4844 src=1 c9=1697 c10=1500 c11=1012 c12=1500 step=22
4119.3478,MEAS ms=133154 seq=4845 src=1 c9=1697 c10=1500 c11=1012 c12=1500 step=22
4119.3846,MEAS ms=133163 seq=4846 src=1 c9=1697 c10=1500 c11=1012 c12=1500 step=22
4119.3846,MEAS ms=133172 seq=4847 src=1 c9=1697 c10=1500 c11=1012 c12=1500 step=22
4119.3846,MEAS ms=133182 seq=4848 src=1 c9=1697 c10=1500 c11=1012 c12=1500 step=22
4119.3846,MEAS ms=133191 seq=4849 src=1 c9=1697 c10=1500 c11=1012 c12=1500 step=22
4119.4109,MEAS ms=133200 seq=4850 src=1 c9=1697 c10=1500 c11=1012 c12=1500 step=22
4119.4110,MEAS ms=133209 seq=4851 src=1 c9=1697 c10=1500 c11=1012 c12=1500 step=22
4119.4110,MEAS ms=133217 seq=4852 src=1 c9=1697 c10=1500 c11=1012 c12=1500 step=22
4119.4483,MEAS ms=133226 seq=4853 src=1 c9=1697 c10=1500 c11=1012 c12=1500 step=22
4119.4483,MEAS ms=133236 seq=4854 src=1 c9=1697 c10=1500 c11=1012 c12=1500 step=22
4119.4483,MEAS ms=133245 seq=4855 src=1 c9=1697 c10=1500 c11=1012 c12=1500 step=22
4119.4483,MEAS ms=133254 seq=4856 src=1 c9=1697 c10=1500 c11=1012 c12=1500 step=22
4119.4746,MEAS ms=133264 seq=4857 src=1 c9=1697 c10=1500 c11=1012 c12=1500 step=22
4119.4747,MEAS ms=133272 seq=4858 src=1 c9=1697 c10=1500 c11=1012 c12=1500 step=22
4119.4747,MEAS ms=133281 seq=4859 src=1 c9=1697 c10=1500 c11=1012 c12=1500 step=22
4119.5102,MEAS ms=133290 seq=4860 src=1 c9=1697 c10=1500 c11=1012 c12=1500 step=22
4119.5102,MEAS ms=133298 seq=4861 src=1 c9=1697 c10=1500 c11=1012 c12=1500 step=22
4119.5102,MEAS ms=133307 seq=4862 src=1 c9=1697 c10=1500 c11=1012 c12=1500 step=22
4119.5102,MEAS ms=133317 seq=4863 src=1 c9=1728 c10=1500 c11=1012 c12=1500 step=23
4119.5384,MEAS ms=133326 seq=4864 src=1 c9=1728 c10=1500 c11=1012 c12=1500 step=23
4119.5384,MEAS ms=133335 seq=4865 src=1 c9=1728 c10=1500 c11=1012 c12=1500 step=23
4119.5384,MEAS ms=133344 seq=4866 src=1 c9=1728 c10=1500 c11=1012 c12=1500 step=23
4119.5738,MEAS ms=133354 seq=4867 src=1 c9=1728 c10=1500 c11=1012 c12=1500 step=23
4119.5738,MEAS ms=133362 seq=4868 src=1 c9=1728 c10=1500 c11=1012 c12=1500 step=23
4119.5738,MEAS ms=133371 seq=4869 src=1 c9=1728 c10=1500 c11=1012 c12=1500 step=23
4119.5738,MEAS ms=133380 seq=4870 src=1 c9=1728 c10=1500 c11=1012 c12=1500 step=23
4119.6004,MEAS ms=133389 seq=4871 src=1 c9=1727 c10=1500 c11=1012 c12=1500 step=23
4119.6004,MEAS ms=133397 seq=4872 src=1 c9=1727 c10=1500 c11=1012 c12=1500 step=23
4119.6004,MEAS ms=133406 seq=4873 src=1 c9=1727 c10=1500 c11=1012 c12=1500 step=23
4119.6282,MEAS ms=133416 seq=4874 src=1 c9=1727 c10=1500 c11=1012 c12=1500 step=23
4119.6282,MEAS ms=133425 seq=4875 src=1 c9=1727 c10=1500 c11=1012 c12=1500 step=23
4119.6282,MEAS ms=133434 seq=4876 src=1 c9=1727 c10=1500 c11=1012 c12=1500 step=23
4119.6282,MEAS ms=133444 seq=4877 src=1 c9=1727 c10=1500 c11=1012 c12=1500 step=23
4119.6637,MEAS ms=133452 seq=4878 src=1 c9=1728 c10=1499 c11=1012 c12=1500 step=23
4119.6638,MEAS ms=133461 seq=4879 src=1 c9=1728 c10=1499 c11=1010 c12=1500 step=23
4119.6638,MEAS ms=133470 seq=4880 src=1 c9=1728 c10=1500 c11=1010 c12=1500 step=23
4119.6903,MEAS ms=133479 seq=4881 src=1 c9=1728 c10=1500 c11=1010 c12=1500 step=23
4119.6904,MEAS ms=133489 seq=4882 src=1 c9=1728 c10=1500 c11=1010 c12=1500 step=23
4119.6904,MEAS ms=133497 seq=4883 src=1 c9=1728 c10=1500 c11=1012 c12=1500 step=23
4119.7263,MEAS ms=133506 seq=4884 src=1 c9=1728 c10=1500 c11=1012 c12=1499 step=23
4119.7263,MEAS ms=133515 seq=4885 src=1 c9=1728 c10=1500 c11=1012 c12=1499 step=23
4119.7264,MEAS ms=133524 seq=4886 src=1 c9=1728 c10=1500 c11=1012 c12=1499 step=23
4119.7264,MEAS ms=133534 seq=4887 src=1 c9=1728 c10=1500 c11=1012 c12=1499 step=23
4119.7540,MEAS ms=133542 seq=4888 src=1 c9=1728 c10=1500 c11=1012 c12=1500 step=23
4119.7541,MEAS ms=133551 seq=4889 src=1 c9=1728 c10=1500 c11=1012 c12=1500 step=23
4119.7541,MEAS ms=133560 seq=4890 src=1 c9=1728 c10=1500 c11=1012 c12=1500 step=23
4119.7896,MEAS ms=133569 seq=4891 src=1 c9=1728 c10=1500 c11=1012 c12=1500 step=23
4119.7896,MEAS ms=133579 seq=4892 src=1 c9=1728 c10=1500 c11=1012 c12=1500 step=23
4119.7897,MEAS ms=133587 seq=4893 src=1 c9=1728 c10=1500 c11=1012 c12=1500 step=23
4119.7897,MEAS ms=133596 seq=4894 src=1 c9=1728 c10=1500 c11=1012 c12=1500 step=23
4119.8162,MEAS ms=133605 seq=4895 src=1 c9=1728 c10=1500 c11=1012 c12=1500 step=23
4119.8162,MEAS ms=133614 seq=4896 src=1 c9=1728 c10=1500 c11=1012 c12=1500 step=23
4119.8163,MEAS ms=133624 seq=4897 src=1 c9=1728 c10=1500 c11=1012 c12=1500 step=23
4119.8533,MEAS ms=133632 seq=4898 src=1 c9=1728 c10=1500 c11=1012 c12=1500 step=23
4119.8533,MEAS ms=133641 seq=4899 src=1 c9=1728 c10=1500 c11=1012 c12=1500 step=23
4119.8534,MEAS ms=133650 seq=4900 src=1 c9=1728 c10=1500 c11=1012 c12=1500 step=23
4119.8534,MEAS ms=133659 seq=4901 src=1 c9=1728 c10=1500 c11=1012 c12=1500 step=23
4119.9161,MEAS ms=133669 seq=4902 src=1 c9=1728 c10=1500 c11=1012 c12=1500 step=23
4119.9162,MEAS ms=133704 seq=4903 src=1 c9=1728 c10=1500 c11=1012 c12=1500 step=23
4119.9162,MEAS ms=133724 seq=4904 src=1 c9=1728 c10=1500 c11=1012 c12=1500 step=23
4119.9516,MEAS ms=133732 seq=4905 src=1 c9=1728 c10=1500 c11=1012 c12=1500 step=23
4119.9517,MEAS ms=133741 seq=4906 src=1 c9=1728 c10=1500 c11=1012 c12=1500 step=23
4119.9517,MEAS ms=133750 seq=4907 src=1 c9=1728 c10=1500 c11=1012 c12=1500 step=23
4119.9517,MEAS ms=133758 seq=4908 src=1 c9=1728 c10=1500 c11=1012 c12=1500 step=23
4119.9793,MEAS ms=133767 seq=4909 src=1 c9=1728 c10=1500 c11=1012 c12=1500 step=23
4119.9793,MEAS ms=133777 seq=4910 src=1 c9=1728 c10=1500 c11=1012 c12=1500 step=23
4119.9793,MEAS ms=133786 seq=4911 src=1 c9=1728 c10=1500 c11=1012 c12=1500 step=23
4120.0149,MEAS ms=133795 seq=4912 src=1 c9=1728 c10=1500 c11=1012 c12=1500 step=23
4120.0149,MEAS ms=133804 seq=4913 src=1 c9=1728 c10=1500 c11=1012 c12=1500 step=23
4120.0149,MEAS ms=133812 seq=4914 src=1 c9=1728 c10=1500 c11=1012 c12=1500 step=23
4120.0149,MEAS ms=133821 seq=4915 src=1 c9=1728 c10=1500 c11=1012 c12=1500 step=23
4120.0431,MEAS ms=133831 seq=4916 src=1 c9=1728 c10=1500 c11=1012 c12=1500 step=23
4120.0431,MEAS ms=133840 seq=4917 src=1 c9=1728 c10=1500 c11=1012 c12=1500 step=23
4120.0432,MEAS ms=133849 seq=4918 src=1 c9=1728 c10=1500 c11=1012 c12=1500 step=23
4120.0694,MEAS ms=133859 seq=4919 src=1 c9=1728 c10=1500 c11=1012 c12=1500 step=23
4120.0695,MEAS ms=133867 seq=4920 src=1 c9=1728 c10=1500 c11=1012 c12=1500 step=23
4120.0695,MEAS ms=133876 seq=4921 src=1 c9=1728 c10=1500 c11=1012 c12=1500 step=23
4120.1051,MEAS ms=133885 seq=4922 src=1 c9=1728 c10=1500 c11=1012 c12=1500 step=23
4120.1051,MEAS ms=133894 seq=4923 src=1 c9=1728 c10=1500 c11=1012 c12=1500 step=23
4120.1051,MEAS ms=133902 seq=4924 src=1 c9=1728 c10=1500 c11=1012 c12=1500 step=23
4120.1051,MEAS ms=133912 seq=4925 src=1 c9=1728 c10=1500 c11=1012 c12=1500 step=23
4120.1332,MEAS ms=133921 seq=4926 src=1 c9=1728 c10=1500 c11=1012 c12=1500 step=23
4120.1332,MEAS ms=133930 seq=4927 src=1 c9=1728 c10=1500 c11=1012 c12=1500 step=23
4120.1332,MEAS ms=133939 seq=4928 src=1 c9=1728 c10=1500 c11=1012 c12=1500 step=23
4120.1689,MEAS ms=133949 seq=4929 src=1 c9=1728 c10=1500 c11=1012 c12=1500 step=23
4120.1689,MEAS ms=133957 seq=4930 src=1 c9=1728 c10=1500 c11=1012 c12=1500 step=23
4120.1689,MEAS ms=133966 seq=4931 src=1 c9=1728 c10=1500 c11=1012 c12=1500 step=23
4120.1689,MEAS ms=133975 seq=4932 src=1 c9=1728 c10=1500 c11=1012 c12=1500 step=23
4120.1955,MEAS ms=133984 seq=4933 src=1 c9=1728 c10=1500 c11=1012 c12=1500 step=23
4120.1955,MEAS ms=133994 seq=4934 src=1 c9=1728 c10=1500 c11=1012 c12=1500 step=23
4120.1955,MEAS ms=134002 seq=4935 src=1 c9=1728 c10=1500 c11=1012 c12=1500 step=23
4120.2313,MEAS ms=134011 seq=4936 src=1 c9=1728 c10=1500 c11=1012 c12=1500 step=23
4120.2313,MEAS ms=134020 seq=4937 src=1 c9=1728 c10=1500 c11=1012 c12=1500 step=23
4120.2313,MEAS ms=134029 seq=4938 src=1 c9=1728 c10=1500 c11=1012 c12=1500 step=23
4120.2314,MEAS ms=134039 seq=4939 src=1 c9=1728 c10=1500 c11=1012 c12=1500 step=23
4120.2588,MEAS ms=134047 seq=4940 src=1 c9=1728 c10=1500 c11=1012 c12=1500 step=23
4120.2588,MEAS ms=134056 seq=4941 src=1 c9=1728 c10=1500 c11=1012 c12=1500 step=23
4120.2588,MEAS ms=134065 seq=4942 src=1 c9=1728 c10=1500 c11=1012 c12=1500 step=23
4120.2946,MEAS ms=134074 seq=4943 src=1 c9=1728 c10=1500 c11=1012 c12=1500 step=23
4120.2947,MEAS ms=134084 seq=4944 src=1 c9=1728 c10=1500 c11=1012 c12=1500 step=23
4120.2947,MEAS ms=134092 seq=4945 src=1 c9=1728 c10=1500 c11=1012 c12=1500 step=23
4120.2947,MEAS ms=134101 seq=4946 src=1 c9=1728 c10=1500 c11=1012 c12=1500 step=23
4120.3212,MEAS ms=134110 seq=4947 src=1 c9=1728 c10=1500 c11=1012 c12=1500 step=23
4120.3212,MEAS ms=134119 seq=4948 src=1 c9=1728 c10=1500 c11=1012 c12=1500 step=23
4120.3212,MEAS ms=134129 seq=4949 src=1 c9=1728 c10=1500 c11=1012 c12=1500 step=23
4120.3582,MEAS ms=134137 seq=4950 src=1 c9=1728 c10=1500 c11=1012 c12=1500 step=23
4120.3583,MEAS ms=134146 seq=4951 src=1 c9=1728 c10=1500 c11=1012 c12=1500 step=23
4120.3583,MEAS ms=134155 seq=4952 src=1 c9=1728 c10=1500 c11=1012 c12=1500 step=23
4120.3583,MEAS ms=134164 seq=4953 src=1 c9=1728 c10=1500 c11=1012 c12=1500 step=23
4120.3846,MEAS ms=134174 seq=4954 src=1 c9=1728 c10=1500 c11=1012 c12=1500 step=23
4120.3846,MEAS ms=134182 seq=4955 src=1 c9=1728 c10=1500 c11=1012 c12=1500 step=23
4120.3846,MEAS ms=134191 seq=4956 src=1 c9=1728 c10=1500 c11=1012 c12=1500 step=23
4120.4582,MEAS ms=134200 seq=4957 src=1 c9=1728 c10=1500 c11=1012 c12=1500 step=23
4120.4582,MEAS ms=134209 seq=4958 src=1 c9=1728 c10=1500 c11=1012 c12=1500 step=23
4120.4582,MEAS ms=134219 seq=4959 src=1 c9=1728 c10=1500 c11=1012 c12=1500 step=23
4120.4582,MEAS ms=134254 seq=4960 src=1 c9=1728 c10=1500 c11=1012 c12=1500 step=23
4120.4845,MEAS ms=134274 seq=4961 src=1 c9=1728 c10=1500 c11=1012 c12=1500 step=23
4120.4846,MEAS ms=134282 seq=4962 src=1 c9=1728 c10=1500 c11=1012 c12=1500 step=23
4120.4846,MEAS ms=134291 seq=4963 src=1 c9=1728 c10=1500 c11=1012 c12=1500 step=23
4120.5111,MEAS ms=134300 seq=4964 src=1 c9=1728 c10=1500 c11=1012 c12=1500 step=23
4120.5111,MEAS ms=134308 seq=4965 src=1 c9=1758 c10=1500 c11=1012 c12=1500 step=24
4120.5111,MEAS ms=134317 seq=4966 src=1 c9=1758 c10=1500 c11=1012 c12=1500 step=24
4120.5466,MEAS ms=134326 seq=4967 src=1 c9=1758 c10=1500 c11=1012 c12=1500 step=24
4120.5466,MEAS ms=134336 seq=4968 src=1 c9=1758 c10=1500 c11=1012 c12=1500 step=24
4120.5466,MEAS ms=134345 seq=4969 src=1 c9=1758 c10=1500 c11=1012 c12=1500 step=24
4120.5466,MEAS ms=134354 seq=4970 src=1 c9=1758 c10=1500 c11=1012 c12=1500 step=24
4120.5741,MEAS ms=134362 seq=4971 src=1 c9=1758 c10=1500 c11=1012 c12=1500 step=24
4120.5741,MEAS ms=134371 seq=4972 src=1 c9=1758 c10=1500 c11=1012 c12=1500 step=24
4120.5741,MEAS ms=134381 seq=4973 src=1 c9=1758 c10=1500 c11=1012 c12=1500 step=24
4120.6104,MEAS ms=134390 seq=4974 src=1 c9=1759 c10=1499 c11=1012 c12=1500 step=24
4120.6104,MEAS ms=134399 seq=4975 src=1 c9=1759 c10=1499 c11=1012 c12=1500 step=24
4120.6104,MEAS ms=134409 seq=4976 src=1 c9=1759 c10=1499 c11=1012 c12=1500 step=24
4120.6104,MEAS ms=134417 seq=4977 src=1 c9=1759 c10=1499 c11=1010 c12=1500 step=24
4120.6369,MEAS ms=134426 seq=4978 src=1 c9=1759 c10=1500 c11=1010 c12=1500 step=24
4120.6369,MEAS ms=134435 seq=4979 src=1 c9=1759 c10=1500 c11=1010 c12=1500 step=24
4120.6369,MEAS ms=134444 seq=4980 src=1 c9=1759 c10=1500 c11=1010 c12=1500 step=24
4120.6737,MEAS ms=134452 seq=4981 src=1 c9=1759 c10=1500 c11=1012 c12=1500 step=24
4120.6738,MEAS ms=134461 seq=4982 src=1 c9=1759 c10=1500 c11=1012 c12=1499 step=24
4120.6738,MEAS ms=134471 seq=4983 src=1 c9=1759 c10=1500 c11=1012 c12=1499 step=24
4120.6738,MEAS ms=134480 seq=4984 src=1 c9=1759 c10=1500 c11=1012 c12=1499 step=24
4120.7004,MEAS ms=134489 seq=4985 src=1 c9=1759 c10=1500 c11=1012 c12=1499 step=24
4120.7005,MEAS ms=134499 seq=4986 src=1 c9=1759 c10=1500 c11=1012 c12=1500 step=24
4120.7005,MEAS ms=134507 seq=4987 src=1 c9=1759 c10=1500 c11=1012 c12=1500 step=24
4120.7362,MEAS ms=134516 seq=4988 src=1 c9=1759 c10=1500 c11=1012 c12=1500 step=24
4120.7362,MEAS ms=134525 seq=4989 src=1 c9=1759 c10=1500 c11=1012 c12=1500 step=24
4120.7363,MEAS ms=134534 seq=4990 src=1 c9=1759 c10=1500 c11=1012 c12=1500 step=24
4120.7363,MEAS ms=134544 seq=4991 src=1 c9=1759 c10=1500 c11=1012 c12=1500 step=24
4120.7640,MEAS ms=134552 seq=4992 src=1 c9=1759 c10=1500 c11=1012 c12=1500 step=24
4120.7640,MEAS ms=134561 seq=4993 src=1 c9=1759 c10=1500 c11=1012 c12=1500 step=24
4120.7640,MEAS ms=134570 seq=4994 src=1 c9=1759 c10=1500 c11=1012 c12=1500 step=24
4120.7997,MEAS ms=134579 seq=4995 src=1 c9=1759 c10=1500 c11=1012 c12=1500 step=24
4120.7998,MEAS ms=134589 seq=4996 src=1 c9=1759 c10=1500 c11=1012 c12=1500 step=24
4120.7998,MEAS ms=134597 seq=4997 src=1 c9=1759 c10=1500 c11=1012 c12=1500 step=24
4120.7998,MEAS ms=134606 seq=4998 src=1 c9=1759 c10=1500 c11=1012 c12=1500 step=24
4120.8261,MEAS ms=134615 seq=4999 src=1 c9=1759 c10=1500 c11=1012 c12=1500 step=24
4120.8262,MEAS ms=134624 seq=5000 src=1 c9=1759 c10=1500 c11=1012 c12=1500 step=24
4120.8262,MEAS ms=134634 seq=5001 src=1 c9=1759 c10=1500 c11=1012 c12=1500 step=24
4120.8539,MEAS ms=134642 seq=5002 src=1 c9=1759 c10=1500 c11=1012 c12=1500 step=24
4120.8540,MEAS ms=134651 seq=5003 src=1 c9=1759 c10=1500 c11=1012 c12=1500 step=24
4120.8540,MEAS ms=134660 seq=5004 src=1 c9=1759 c10=1500 c11=1012 c12=1500 step=24
4120.8540,MEAS ms=134669 seq=5005 src=1 c9=1759 c10=1500 c11=1012 c12=1500 step=24
4120.8897,MEAS ms=134679 seq=5006 src=1 c9=1759 c10=1500 c11=1012 c12=1500 step=24
4120.8897,MEAS ms=134687 seq=5007 src=1 c9=1759 c10=1500 c11=1012 c12=1500 step=24
4120.8897,MEAS ms=134696 seq=5008 src=1 c9=1759 c10=1500 c11=1012 c12=1500 step=24
4120.9163,MEAS ms=134705 seq=5009 src=1 c9=1759 c10=1500 c11=1012 c12=1500 step=24
4120.9164,MEAS ms=134714 seq=5010 src=1 c9=1759 c10=1500 c11=1012 c12=1500 step=24
4120.9164,MEAS ms=134724 seq=5011 src=1 c9=1759 c10=1500 c11=1012 c12=1500 step=24
4120.9536,MEAS ms=134732 seq=5012 src=1 c9=1759 c10=1500 c11=1012 c12=1500 step=24
4120.9536,MEAS ms=134741 seq=5013 src=1 c9=1759 c10=1500 c11=1012 c12=1500 step=24
4120.9536,MEAS ms=134750 seq=5014 src=1 c9=1759 c10=1500 c11=1012 c12=1500 step=24
4120.9536,MEAS ms=134759 seq=5015 src=1 c9=1759 c10=1500 c11=1012 c12=1500 step=24
4121.0163,MEAS ms=134769 seq=5016 src=1 c9=1759 c10=1500 c11=1012 c12=1500 step=24
4121.0163,MEAS ms=134804 seq=5017 src=1 c9=1759 c10=1500 c11=1012 c12=1500 step=24
4121.0163,MEAS ms=134824 seq=5018 src=1 c9=1759 c10=1500 c11=1012 c12=1500 step=24
4121.0518,MEAS ms=134832 seq=5019 src=1 c9=1759 c10=1500 c11=1012 c12=1500 step=24
4121.0518,MEAS ms=134841 seq=5020 src=1 c9=1759 c10=1500 c11=1012 c12=1500 step=24
4121.0519,MEAS ms=134849 seq=5021 src=1 c9=1759 c10=1500 c11=1012 c12=1500 step=24
4121.0519,MEAS ms=134858 seq=5022 src=1 c9=1759 c10=1500 c11=1012 c12=1500 step=24
4121.0794,MEAS ms=134867 seq=5023 src=1 c9=1759 c10=1500 c11=1012 c12=1500 step=24
4121.0794,MEAS ms=134877 seq=5024 src=1 c9=1759 c10=1500 c11=1012 c12=1500 step=24
4121.0795,MEAS ms=134886 seq=5025 src=1 c9=1759 c10=1500 c11=1012 c12=1500 step=24
4121.1150,MEAS ms=134895 seq=5026 src=1 c9=1759 c10=1500 c11=1012 c12=1500 step=24
4121.1151,MEAS ms=134904 seq=5027 src=1 c9=1759 c10=1500 c11=1012 c12=1500 step=24
4121.1151,MEAS ms=134912 seq=5028 src=1 c9=1759 c10=1500 c11=1012 c12=1500 step=24
4121.1151,MEAS ms=134921 seq=5029 src=1 c9=1759 c10=1500 c11=1012 c12=1500 step=24
4121.1432,MEAS ms=134931 seq=5030 src=1 c9=1759 c10=1500 c11=1012 c12=1500 step=24
4121.1432,MEAS ms=134940 seq=5031 src=1 c9=1759 c10=1500 c11=1012 c12=1500 step=24
4121.1432,MEAS ms=134949 seq=5032 src=1 c9=1759 c10=1500 c11=1012 c12=1500 step=24
4121.1788,MEAS ms=134959 seq=5033 src=1 c9=1759 c10=1500 c11=1012 c12=1500 step=24
4121.1789,MEAS ms=134967 seq=5034 src=1 c9=1759 c10=1500 c11=1012 c12=1500 step=24
4121.1789,MEAS ms=134976 seq=5035 src=1 c9=1759 c10=1500 c11=1012 c12=1500 step=24
4121.1789,MEAS ms=134985 seq=5036 src=1 c9=1759 c10=1500 c11=1012 c12=1500 step=24
4121.2053,MEAS ms=134994 seq=5037 src=1 c9=1759 c10=1500 c11=1012 c12=1500 step=24
4121.2053,MEAS ms=135002 seq=5038 src=1 c9=1759 c10=1500 c11=1012 c12=1500 step=24
4121.2053,MEAS ms=135012 seq=5039 src=1 c9=1759 c10=1500 c11=1012 c12=1500 step=24
4121.2413,MEAS ms=135021 seq=5040 src=1 c9=1759 c10=1500 c11=1012 c12=1500 step=24
4121.2413,MEAS ms=135030 seq=5041 src=1 c9=1759 c10=1500 c11=1012 c12=1500 step=24
4121.2413,MEAS ms=135039 seq=5042 src=1 c9=1759 c10=1500 c11=1012 c12=1500 step=24
4121.2413,MEAS ms=135049 seq=5043 src=1 c9=1759 c10=1500 c11=1012 c12=1500 step=24
4121.2687,MEAS ms=135057 seq=5044 src=1 c9=1759 c10=1500 c11=1012 c12=1500 step=24
4121.2688,MEAS ms=135066 seq=5045 src=1 c9=1759 c10=1500 c11=1012 c12=1500 step=24
4121.2688,MEAS ms=135075 seq=5046 src=1 c9=1759 c10=1500 c11=1012 c12=1500 step=24
4121.2952,MEAS ms=135084 seq=5047 src=1 c9=1759 c10=1500 c11=1012 c12=1500 step=24
4121.2953,MEAS ms=135094 seq=5048 src=1 c9=1759 c10=1500 c11=1012 c12=1500 step=24
4121.2953,MEAS ms=135102 seq=5049 src=1 c9=1759 c10=1500 c11=1012 c12=1500 step=24
4121.3312,MEAS ms=135111 seq=5050 src=1 c9=1759 c10=1500 c11=1012 c12=1500 step=24
4121.3313,MEAS ms=135120 seq=5051 src=1 c9=1759 c10=1500 c11=1012 c12=1500 step=24
4121.3313,MEAS ms=135129 seq=5052 src=1 c9=1759 c10=1500 c11=1012 c12=1500 step=24
4121.3313,MEAS ms=135139 seq=5053 src=1 c9=1759 c10=1500 c11=1012 c12=1500 step=24
4121.3589,MEAS ms=135147 seq=5054 src=1 c9=1759 c10=1500 c11=1012 c12=1500 step=24
4121.3589,MEAS ms=135156 seq=5055 src=1 c9=1759 c10=1500 c11=1012 c12=1500 step=24
4121.3589,MEAS ms=135165 seq=5056 src=1 c9=1759 c10=1500 c11=1012 c12=1500 step=24
4121.3946,MEAS ms=135174 seq=5057 src=1 c9=1759 c10=1500 c11=1012 c12=1500 step=24
4121.3947,MEAS ms=135184 seq=5058 src=1 c9=1759 c10=1500 c11=1012 c12=1500 step=24
4121.3947,MEAS ms=135192 seq=5059 src=1 c9=1759 c10=1500 c11=1012 c12=1500 step=24
4121.3947,MEAS ms=135201 seq=5060 src=1 c9=1759 c10=1500 c11=1012 c12=1500 step=24
4121.4211,MEAS ms=135210 seq=5061 src=1 c9=1759 c10=1500 c11=1012 c12=1500 step=24
4121.4212,MEAS ms=135219 seq=5062 src=1 c9=1759 c10=1500 c11=1012 c12=1500 step=24
4121.4212,MEAS ms=135229 seq=5063 src=1 c9=1759 c10=1500 c11=1012 c12=1500 step=24
4121.4583,MEAS ms=135237 seq=5064 src=1 c9=1759 c10=1500 c11=1012 c12=1500 step=24
4121.4584,MEAS ms=135246 seq=5065 src=1 c9=1759 c10=1500 c11=1012 c12=1500 step=24
4121.4584,MEAS ms=135255 seq=5066 src=1 c9=1759 c10=1500 c11=1012 c12=1500 step=24
4121.4584,MEAS ms=135264 seq=5067 src=1 c9=1759 c10=1500 c11=1012 c12=1500 step=24
4121.4846,MEAS ms=135274 seq=5068 src=1 c9=1759 c10=1500 c11=1012 c12=1500 step=24
4121.4847,MEAS ms=135282 seq=5069 src=1 c9=1759 c10=1500 c11=1012 c12=1500 step=24
4121.4847,MEAS ms=135291 seq=5070 src=1 c9=1759 c10=1500 c11=1012 c12=1500 step=24
4121.5582,MEAS ms=135300 seq=5071 src=1 c9=1759 c10=1500 c11=1012 c12=1500 step=24
4121.5582,MEAS ms=135309 seq=5072 src=1 c9=1759 c10=1500 c11=1012 c12=1500 step=24
4121.5582,MEAS ms=135319 seq=5073 src=1 c9=1758 c10=1500 c11=1012 c12=1500 step=24
4121.5582,MEAS ms=135354 seq=5074 src=1 c9=1789 c10=1499 c11=1012 c12=1500 step=25
4121.5845,MEAS ms=135374 seq=5075 src=1 c9=1789 c10=1499 c11=1012 c12=1500 step=25
4121.5846,MEAS ms=135382 seq=5076 src=1 c9=1789 c10=1500 c11=1010 c12=1500 step=25
4121.5846,MEAS ms=135391 seq=5077 src=1 c9=1789 c10=1500 c11=1010 c12=1500 step=25
4121.6202,MEAS ms=135400 seq=5078 src=1 c9=1789 c10=1500 c11=1010 c12=1500 step=25
4121.6203,MEAS ms=135408 seq=5079 src=1 c9=1789 c10=1500 c11=1012 c12=1500 step=25
4121.6203,MEAS ms=135417 seq=5080 src=1 c9=1789 c10=1500 c11=1012 c12=1499 step=25
4121.6203,MEAS ms=135426 seq=5081 src=1 c9=1789 c10=1500 c11=1012 c12=1499 step=25
4121.6465,MEAS ms=135436 seq=5082 src=1 c9=1789 c10=1500 c11=1012 c12=1499 step=25
4121.6465,MEAS ms=135445 seq=5083 src=1 c9=1789 c10=1500 c11=1012 c12=1499 step=25
4121.6465,MEAS ms=135454 seq=5084 src=1 c9=1789 c10=1500 c11=1012 c12=1500 step=25
4121.6836,MEAS ms=135462 seq=5085 src=1 c9=1789 c10=1500 c11=1012 c12=1500 step=25
4121.6836,MEAS ms=135471 seq=5086 src=1 c9=1789 c10=1500 c11=1012 c12=1500 step=25
4121.6837,MEAS ms=135481 seq=5087 src=1 c9=1789 c10=1500 c11=1012 c12=1500 step=25
4121.6837,MEAS ms=135490 seq=5088 src=1 c9=1789 c10=1500 c11=1012 c12=1500 step=25
4121.7103,MEAS ms=135499 seq=5089 src=1 c9=1789 c10=1500 c11=1012 c12=1500 step=25
4121.7104,MEAS ms=135509 seq=5090 src=1 c9=1789 c10=1500 c11=1012 c12=1500 step=25
4121.7104,MEAS ms=135517 seq=5091 src=1 c9=1789 c10=1500 c11=1012 c12=1500 step=25
4121.7367,MEAS ms=135526 seq=5092 src=1 c9=1789 c10=1500 c11=1012 c12=1500 step=25
4121.7368,MEAS ms=135535 seq=5093 src=1 c9=1789 c10=1500 c11=1012 c12=1500 step=25
4121.7368,MEAS ms=135544 seq=5094 src=1 c9=1789 c10=1500 c11=1012 c12=1500 step=25
4121.7736,MEAS ms=135552 seq=5095 src=1 c9=1789 c10=1500 c11=1012 c12=1500 step=25
4121.7736,MEAS ms=135561 seq=5096 src=1 c9=1789 c10=1500 c11=1012 c12=1500 step=25
4121.7736,MEAS ms=135571 seq=5097 src=1 c9=1789 c10=1500 c11=1012 c12=1500 step=25
4121.7736,MEAS ms=135580 seq=5098 src=1 c9=1789 c10=1500 c11=1012 c12=1500 step=25
4121.8003,MEAS ms=135589 seq=5099 src=1 c9=1789 c10=1500 c11=1012 c12=1500 step=25
4121.8004,MEAS ms=135599 seq=5100 src=1 c9=1789 c10=1500 c11=1012 c12=1500 step=25
4121.8004,MEAS ms=135607 seq=5101 src=1 c9=1789 c10=1500 c11=1012 c12=1500 step=25
4121.8361,MEAS ms=135616 seq=5102 src=1 c9=1789 c10=1500 c11=1012 c12=1500 step=25
4121.8362,MEAS ms=135625 seq=5103 src=1 c9=1789 c10=1500 c11=1012 c12=1500 step=25
4121.8362,MEAS ms=135634 seq=5104 src=1 c9=1789 c10=1500 c11=1012 c12=1500 step=25
4121.8362,MEAS ms=135644 seq=5105 src=1 c9=1789 c10=1500 c11=1012 c12=1500 step=25
4121.8639,MEAS ms=135652 seq=5106 src=1 c9=1789 c10=1500 c11=1012 c12=1500 step=25
4121.8640,MEAS ms=135661 seq=5107 src=1 c9=1789 c10=1500 c11=1012 c12=1500 step=25
4121.8640,MEAS ms=135670 seq=5108 src=1 c9=1789 c10=1500 c11=1012 c12=1500 step=25
4121.8996,MEAS ms=135679 seq=5109 src=1 c9=1789 c10=1500 c11=1012 c12=1500 step=25
4121.8996,MEAS ms=135689 seq=5110 src=1 c9=1789 c10=1500 c11=1012 c12=1500 step=25
4121.8996,MEAS ms=135697 seq=5111 src=1 c9=1789 c10=1500 c11=1012 c12=1500 step=25
4121.8996,MEAS ms=135706 seq=5112 src=1 c9=1789 c10=1500 c11=1012 c12=1500 step=25
4121.9263,MEAS ms=135715 seq=5113 src=1 c9=1789 c10=1500 c11=1012 c12=1500 step=25
4121.9264,MEAS ms=135724 seq=5114 src=1 c9=1789 c10=1500 c11=1012 c12=1500 step=25
4121.9264,MEAS ms=135734 seq=5115 src=1 c9=1789 c10=1500 c11=1012 c12=1500 step=25
4121.9632,MEAS ms=135742 seq=5116 src=1 c9=1789 c10=1500 c11=1012 c12=1500 step=25
4121.9632,MEAS ms=135751 seq=5117 src=1 c9=1789 c10=1500 c11=1012 c12=1500 step=25
4121.9632,MEAS ms=135760 seq=5118 src=1 c9=1789 c10=1500 c11=1012 c12=1500 step=25
4121.9632,MEAS ms=135769 seq=5119 src=1 c9=1789 c10=1500 c11=1012 c12=1500 step=25
4121.9895,MEAS ms=135779 seq=5120 src=1 c9=1789 c10=1500 c11=1012 c12=1500 step=25
4121.9896,MEAS ms=135787 seq=5121 src=1 c9=1789 c10=1500 c11=1012 c12=1500 step=25
4121.9896,MEAS ms=135796 seq=5122 src=1 c9=1789 c10=1500 c11=1012 c12=1500 step=25
4122.0252,MEAS ms=135805 seq=5123 src=1 c9=1789 c10=1500 c11=1012 c12=1500 step=25
4122.0253,MEAS ms=135814 seq=5124 src=1 c9=1789 c10=1500 c11=1012 c12=1500 step=25
4122.0257,MEAS ms=135824 seq=5125 src=1 c9=1789 c10=1500 c11=1012 c12=1500 step=25
4122.0258,MEAS ms=135832 seq=5126 src=1 c9=1789 c10=1500 c11=1012 c12=1500 step=25
4122.0532,MEAS ms=135841 seq=5127 src=1 c9=1789 c10=1500 c11=1012 c12=1500 step=25
4122.0532,MEAS ms=135850 seq=5128 src=1 c9=1789 c10=1500 c11=1012 c12=1500 step=25
4122.0532,MEAS ms=135859 seq=5129 src=1 c9=1789 c10=1500 c11=1012 c12=1500 step=25
4122.1162,MEAS ms=135869 seq=5130 src=1 c9=1789 c10=1500 c11=1012 c12=1500 step=25
4122.1163,MEAS ms=135904 seq=5131 src=1 c9=1789 c10=1500 c11=1012 c12=1500 step=25
4122.1163,MEAS ms=135924 seq=5132 src=1 c9=1789 c10=1500 c11=1012 c12=1500 step=25
4122.1163,MEAS ms=135932 seq=5133 src=1 c9=1789 c10=1500 c11=1012 c12=1500 step=25
4122.1515,MEAS ms=135941 seq=5134 src=1 c9=1789 c10=1500 c11=1012 c12=1500 step=25
4122.1516,MEAS ms=135949 seq=5135 src=1 c9=1789 c10=1500 c11=1012 c12=1500 step=25
4122.1516,MEAS ms=135958 seq=5136 src=1 c9=1789 c10=1500 c11=1012 c12=1500 step=25
4122.1793,MEAS ms=135967 seq=5137 src=1 c9=1789 c10=1500 c11=1012 c12=1500 step=25
4122.1793,MEAS ms=135977 seq=5138 src=1 c9=1789 c10=1500 c11=1012 c12=1500 step=25
4122.1793,MEAS ms=135986 seq=5139 src=1 c9=1789 c10=1500 c11=1012 c12=1500 step=25
4122.2149,MEAS ms=135995 seq=5140 src=1 c9=1789 c10=1500 c11=1012 c12=1500 step=25
4122.2150,MEAS ms=136004 seq=5141 src=1 c9=1789 c10=1500 c11=1012 c12=1500 step=25
4122.2150,MEAS ms=136012 seq=5142 src=1 c9=1789 c10=1500 c11=1012 c12=1500 step=25
4122.2150,MEAS ms=136021 seq=5143 src=1 c9=1789 c10=1500 c11=1012 c12=1500 step=25
4122.2431,MEAS ms=136031 seq=5144 src=1 c9=1789 c10=1500 c11=1012 c12=1500 step=25
4122.2431,MEAS ms=136040 seq=5145 src=1 c9=1789 c10=1500 c11=1012 c12=1500 step=25
4122.2431,MEAS ms=136049 seq=5146 src=1 c9=1789 c10=1500 c11=1012 c12=1500 step=25
4122.2787,MEAS ms=136059 seq=5147 src=1 c9=1789 c10=1500 c11=1012 c12=1500 step=25
4122.2787,MEAS ms=136067 seq=5148 src=1 c9=1789 c10=1500 c11=1012 c12=1500 step=25
4122.2787,MEAS ms=136076 seq=5149 src=1 c9=1789 c10=1500 c11=1012 c12=1500 step=25
4122.2788,MEAS ms=136085 seq=5150 src=1 c9=1789 c10=1500 c11=1012 c12=1500 step=25
4122.3050,MEAS ms=136094 seq=5151 src=1 c9=1789 c10=1500 c11=1012 c12=1500 step=25
4122.3051,MEAS ms=136102 seq=5152 src=1 c9=1789 c10=1500 c11=1012 c12=1500 step=25
4122.3051,MEAS ms=136111 seq=5153 src=1 c9=1789 c10=1500 c11=1012 c12=1500 step=25
4122.3410,MEAS ms=136121 seq=5154 src=1 c9=1789 c10=1500 c11=1012 c12=1500 step=25
4122.3410,MEAS ms=136130 seq=5155 src=1 c9=1789 c10=1500 c11=1012 c12=1500 step=25
4122.3410,MEAS ms=136139 seq=5156 src=1 c9=1789 c10=1500 c11=1012 c12=1500 step=25
4122.3410,MEAS ms=136149 seq=5157 src=1 c9=1789 c10=1500 c11=1012 c12=1500 step=25
4122.3686,MEAS ms=136157 seq=5158 src=1 c9=1789 c10=1500 c11=1012 c12=1500 step=25
4122.3686,MEAS ms=136166 seq=5159 src=1 c9=1789 c10=1500 c11=1012 c12=1500 step=25
4122.3686,MEAS ms=136175 seq=5160 src=1 c9=1789 c10=1500 c11=1012 c12=1500 step=25
4122.4044,MEAS ms=136184 seq=5161 src=1 c9=1789 c10=1500 c11=1012 c12=1500 step=25
4122.4045,MEAS ms=136192 seq=5162 src=1 c9=1789 c10=1500 c11=1012 c12=1500 step=25
4122.4045,MEAS ms=136201 seq=5163 src=1 c9=1789 c10=1500 c11=1012 c12=1500 step=25
4122.4045,MEAS ms=136211 seq=5164 src=1 c9=1789 c10=1500 c11=1012 c12=1500 step=25
4122.4312,MEAS ms=136220 seq=5165 src=1 c9=1789 c10=1500 c11=1012 c12=1500 step=25
4122.4313,MEAS ms=136229 seq=5166 src=1 c9=1789 c10=1500 c11=1012 c12=1500 step=25
4122.4313,MEAS ms=136239 seq=5167 src=1 c9=1789 c10=1500 c11=1012 c12=1500 step=25
4122.4682,MEAS ms=136247 seq=5168 src=1 c9=1789 c10=1500 c11=1012 c12=1500 step=25
4122.4682,MEAS ms=136256 seq=5169 src=1 c9=1789 c10=1500 c11=1012 c12=1500 step=25
4122.4682,MEAS ms=136265 seq=5170 src=1 c9=1789 c10=1500 c11=1012 c12=1500 step=25
4122.4682,MEAS ms=136274 seq=5171 src=1 c9=1788 c10=1500 c11=1012 c12=1500 step=25
4122.4948,MEAS ms=136284 seq=5172 src=1 c9=1788 c10=1500 c11=1012 c12=1500 step=25
4122.4948,MEAS ms=136292 seq=5173 src=1 c9=1788 c10=1500 c11=1012 c12=1500 step=25
4122.4948,MEAS ms=136301 seq=5174 src=1 c9=1789 c10=1499 c11=1012 c12=1500 step=25
4122.5213,MEAS ms=136310 seq=5175 src=1 c9=1789 c10=1499 c11=1012 c12=1500 step=25
4122.5213,MEAS ms=136319 seq=5176 src=1 c9=1789 c10=1499 c11=1012 c12=1500 step=25
4122.5213,MEAS ms=136329 seq=5177 src=1 c9=1789 c10=1499 c11=1012 c12=1500 step=25
4122.5583,MEAS ms=136337 seq=5178 src=1 c9=1820 c10=1500 c11=1010 c12=1500 step=26
4122.5584,MEAS ms=136346 seq=5179 src=1 c9=1820 c10=1500 c11=1010 c12=1500 step=26
4122.5584,MEAS ms=136355 seq=5180 src=1 c9=1820 c10=1500 c11=1010 c12=1500 step=26
4122.5584,MEAS ms=136364 seq=5181 src=1 c9=1820 c10=1500 c11=1010 c12=1500 step=26
4122.5846,MEAS ms=136374 seq=5182 src=1 c9=1820 c10=1500 c11=1012 c12=1499 step=26
4122.5846,MEAS ms=136382 seq=5183 src=1 c9=1820 c10=1500 c11=1012 c12=1499 step=26
4122.5846,MEAS ms=136391 seq=5184 src=1 c9=1820 c10=1500 c11=1012 c12=1499 step=26
4122.6582,MEAS ms=136400 seq=5185 src=1 c9=1820 c10=1500 c11=1012 c12=1499 step=26
4122.6583,MEAS ms=136409 seq=5186 src=1 c9=1820 c10=1500 c11=1012 c12=1500 step=26
4122.6583,MEAS ms=136419 seq=5187 src=1 c9=1820 c10=1500 c11=1012 c12=1500 step=26
4122.6583,MEAS ms=136454 seq=5188 src=1 c9=1820 c10=1500 c11=1012 c12=1500 step=26
4122.6832,MEAS ms=136474 seq=5189 src=1 c9=1820 c10=1500 c11=1012 c12=1500 step=26
4122.6832,MEAS ms=136482 seq=5190 src=1 c9=1820 c10=1500 c11=1012 c12=1500 step=26
4122.6832,MEAS ms=136491 seq=5191 src=1 c9=1820 c10=1500 c11=1012 c12=1500 step=26
4122.7203,MEAS ms=136499 seq=5192 src=1 c9=1820 c10=1500 c11=1012 c12=1500 step=26
4122.7203,MEAS ms=136508 seq=5193 src=1 c9=1820 c10=1500 c11=1012 c12=1500 step=26
4122.7203,MEAS ms=136517 seq=5194 src=1 c9=1820 c10=1500 c11=1012 c12=1500 step=26
4122.7203,MEAS ms=136526 seq=5195 src=1 c9=1820 c10=1500 c11=1012 c12=1500 step=26
4122.7467,MEAS ms=136536 seq=5196 src=1 c9=1820 c10=1500 c11=1012 c12=1500 step=26
4122.7467,MEAS ms=136545 seq=5197 src=1 c9=1820 c10=1500 c11=1012 c12=1500 step=26
4122.7467,MEAS ms=136554 seq=5198 src=1 c9=1820 c10=1500 c11=1012 c12=1500 step=26
4122.7837,MEAS ms=136562 seq=5199 src=1 c9=1820 c10=1500 c11=1012 c12=1500 step=26
4122.7837,MEAS ms=136571 seq=5200 src=1 c9=1820 c10=1500 c11=1012 c12=1500 step=26
4122.7837,MEAS ms=136581 seq=5201 src=1 c9=1820 c10=1500 c11=1012 c12=1500 step=26
4122.7837,MEAS ms=136590 seq=5202 src=1 c9=1820 c10=1500 c11=1012 c12=1500 step=26
4122.8105,MEAS ms=136599 seq=5203 src=1 c9=1820 c10=1500 c11=1012 c12=1500 step=26
4122.8105,MEAS ms=136609 seq=5204 src=1 c9=1820 c10=1500 c11=1012 c12=1500 step=26
4122.8105,MEAS ms=136617 seq=5205 src=1 c9=1820 c10=1500 c11=1012 c12=1500 step=26
4122.8460,MEAS ms=136626 seq=5206 src=1 c9=1820 c10=1500 c11=1012 c12=1500 step=26
4122.8461,MEAS ms=136635 seq=5207 src=1 c9=1820 c10=1500 c11=1012 c12=1500 step=26
4122.8461,MEAS ms=136644 seq=5208 src=1 c9=1820 c10=1500 c11=1012 c12=1500 step=26
4122.8461,MEAS ms=136652 seq=5209 src=1 c9=1820 c10=1500 c11=1012 c12=1500 step=26
4122.8736,MEAS ms=136661 seq=5210 src=1 c9=1820 c10=1500 c11=1012 c12=1500 step=26
4122.8736,MEAS ms=136671 seq=5211 src=1 c9=1820 c10=1500 c11=1012 c12=1500 step=26
4122.8736,MEAS ms=136680 seq=5212 src=1 c9=1820 c10=1500 c11=1012 c12=1500 step=26
4122.9097,MEAS ms=136689 seq=5213 src=1 c9=1820 c10=1500 c11=1012 c12=1500 step=26
4122.9098,MEAS ms=136699 seq=5214 src=1 c9=1820 c10=1500 c11=1012 c12=1500 step=26
4122.9098,MEAS ms=136707 seq=5215 src=1 c9=1820 c10=1500 c11=1012 c12=1500 step=26
4122.9098,MEAS ms=136716 seq=5216 src=1 c9=1820 c10=1500 c11=1012 c12=1500 step=26
4122.9359,MEAS ms=136725 seq=5217 src=1 c9=1820 c10=1500 c11=1012 c12=1500 step=26
4122.9359,MEAS ms=136734 seq=5218 src=1 c9=1820 c10=1500 c11=1012 c12=1500 step=26
4122.9360,MEAS ms=136742 seq=5219 src=1 c9=1820 c10=1500 c11=1012 c12=1500 step=26
4122.9635,MEAS ms=136752 seq=5220 src=1 c9=1820 c10=1500 c11=1012 c12=1500 step=26
4122.9635,MEAS ms=136761 seq=5221 src=1 c9=1820 c10=1500 c11=1012 c12=1500 step=26
4122.9636,MEAS ms=136770 seq=5222 src=1 c9=1820 c10=1500 c11=1012 c12=1500 step=26
4122.9996,MEAS ms=136779 seq=5223 src=1 c9=1820 c10=1500 c11=1012 c12=1500 step=26
4122.9996,MEAS ms=136789 seq=5224 src=1 c9=1820 c10=1500 c11=1012 c12=1500 step=26
4122.9997,MEAS ms=136797 seq=5225 src=1 c9=1820 c10=1500 c11=1012 c12=1500 step=26
4122.9997,MEAS ms=136806 seq=5226 src=1 c9=1820 c10=1500 c11=1012 c12=1500 step=26
4123.0262,MEAS ms=136815 seq=5227 src=1 c9=1820 c10=1500 c11=1012 c12=1500 step=26
4123.0263,MEAS ms=136824 seq=5228 src=1 c9=1820 c10=1500 c11=1012 c12=1500 step=26
4123.0263,MEAS ms=136834 seq=5229 src=1 c9=1820 c10=1500 c11=1012 c12=1500 step=26
4123.0632,MEAS ms=136842 seq=5230 src=1 c9=1820 c10=1500 c11=1012 c12=1500 step=26
4123.0633,MEAS ms=136851 seq=5231 src=1 c9=1820 c10=1500 c11=1012 c12=1500 step=26
4123.0633,MEAS ms=136860 seq=5232 src=1 c9=1820 c10=1500 c11=1012 c12=1500 step=26
4123.0633,MEAS ms=136869 seq=5233 src=1 c9=1820 c10=1500 c11=1012 c12=1500 step=26
4123.0897,MEAS ms=136879 seq=5234 src=1 c9=1820 c10=1500 c11=1012 c12=1500 step=26
4123.0897,MEAS ms=136887 seq=5235 src=1 c9=1820 c10=1500 c11=1012 c12=1500 step=26
4123.0897,MEAS ms=136896 seq=5236 src=1 c9=1820 c10=1500 c11=1012 c12=1500 step=26
4123.1254,MEAS ms=136905 seq=5237 src=1 c9=1820 c10=1500 c11=1012 c12=1500 step=26
4123.1254,MEAS ms=136914 seq=5238 src=1 c9=1820 c10=1500 c11=1012 c12=1500 step=26
4123.1254,MEAS ms=136924 seq=5239 src=1 c9=1820 c10=1500 c11=1012 c12=1500 step=26
4123.1254,MEAS ms=136932 seq=5240 src=1 c9=1820 c10=1500 c11=1012 c12=1500 step=26
4123.1533,MEAS ms=136941 seq=5241 src=1 c9=1820 c10=1500 c11=1012 c12=1500 step=26
4123.1533,MEAS ms=136950 seq=5242 src=1 c9=1820 c10=1500 c11=1012 c12=1500 step=26
4123.1533,MEAS ms=136959 seq=5243 src=1 c9=1820 c10=1500 c11=1012 c12=1500 step=26
4123.1887,MEAS ms=136969 seq=5244 src=1 c9=1820 c10=1500 c11=1012 c12=1500 step=26
4123.1888,MEAS ms=136977 seq=5245 src=1 c9=1820 c10=1500 c11=1012 c12=1500 step=26
4123.1888,MEAS ms=136986 seq=5246 src=1 c9=1820 c10=1500 c11=1012 c12=1500 step=26
4123.1888,MEAS ms=136995 seq=5247 src=1 c9=1820 c10=1500 c11=1012 c12=1500 step=26
4123.2882,MEAS ms=137004 seq=5248 src=1 c9=1820 c10=1500 c11=1012 c12=1500 step=26
4123.2883,MEAS ms=137014 seq=5249 src=1 c9=1820 c10=1500 c11=1012 c12=1500 step=26
4123.2883,MEAS ms=137059 seq=5250 src=1 c9=1820 c10=1500 c11=1012 c12=1500 step=26
4123.4682,MEAS ms=137104 seq=5251 src=1 c9=1820 c10=1500 c11=1012 c12=1500 step=26
4123.4682,MEAS ms=137149 seq=5252 src=1 c9=1820 c10=1500 c11=1012 c12=1500 step=26
4123.4682,MEAS ms=137194 seq=5253 src=1 c9=1820 c10=1500 c11=1012 c12=1500 step=26
4123.4682,MEAS ms=137239 seq=5254 src=1 c9=1818 c10=1500 c11=1012 c12=1500 step=26
4123.6030,MEAS ms=137284 seq=5255 src=1 c9=1820 c10=1499 c11=1012 c12=1500 step=26
4123.6031,MEAS ms=137329 seq=5256 src=1 c9=1850 c10=1500 c11=1012 c12=1499 step=27
4123.6031,MEAS ms=137374 seq=5257 src=1 c9=1850 c10=1500 c11=1012 c12=1500 step=27
4123.7132,MEAS ms=137419 seq=5258 src=1 c9=1850 c10=1500 c11=1012 c12=1500 step=27
4123.7132,MEAS ms=137464 seq=5259 src=1 c9=1850 c10=1500 c11=1012 c12=1500 step=27
4123.7132,MEAS ms=137509 seq=5260 src=1 c9=1850 c10=1500 c11=1012 c12=1500 step=27
4123.7132,MEAS ms=137529 seq=5261 src=1 c9=1850 c10=1500 c11=1012 c12=1500 step=27
4123.7476,MEAS ms=137537 seq=5262 src=1 c9=1850 c10=1500 c11=1012 c12=1500 step=27
4123.7477,MEAS ms=137546 seq=5263 src=1 c9=1850 c10=1500 c11=1012 c12=1500 step=27
4123.7477,MEAS ms=137554 seq=5264 src=1 c9=1850 c10=1500 c11=1012 c12=1500 step=27
4123.7753,MEAS ms=137563 seq=5265 src=1 c9=1850 c10=1500 c11=1012 c12=1500 step=27
4123.7753,MEAS ms=137572 seq=5266 src=1 c9=1850 c10=1500 c11=1012 c12=1500 step=27
4123.7753,MEAS ms=137581 seq=5267 src=1 c9=1850 c10=1500 c11=1012 c12=1500 step=27
4123.8108,MEAS ms=137591 seq=5268 src=1 c9=1850 c10=1500 c11=1012 c12=1500 step=27
4123.8108,MEAS ms=137600 seq=5269 src=1 c9=1850 c10=1500 c11=1012 c12=1500 step=27
4123.8109,MEAS ms=137608 seq=5270 src=1 c9=1850 c10=1500 c11=1012 c12=1500 step=27
4123.8109,MEAS ms=137617 seq=5271 src=1 c9=1850 c10=1500 c11=1012 c12=1500 step=27
4123.8384,MEAS ms=137626 seq=5272 src=1 c9=1850 c10=1500 c11=1012 c12=1500 step=27
4123.8384,MEAS ms=137636 seq=5273 src=1 c9=1850 c10=1500 c11=1012 c12=1500 step=27
4123.8385,MEAS ms=137645 seq=5274 src=1 c9=1850 c10=1500 c11=1012 c12=1500 step=27
4123.8746,MEAS ms=137654 seq=5275 src=1 c9=1850 c10=1500 c11=1012 c12=1500 step=27
4123.8746,MEAS ms=137664 seq=5276 src=1 c9=1850 c10=1500 c11=1012 c12=1500 step=27
4123.8746,MEAS ms=137672 seq=5277 src=1 c9=1850 c10=1500 c11=1012 c12=1500 step=27
4123.8747,MEAS ms=137681 seq=5278 src=1 c9=1850 c10=1500 c11=1012 c12=1500 step=27
4123.9011,MEAS ms=137690 seq=5279 src=1 c9=1850 c10=1500 c11=1012 c12=1500 step=27
4123.9011,MEAS ms=137698 seq=5280 src=1 c9=1850 c10=1500 c11=1012 c12=1500 step=27
4123.9012,MEAS ms=137707 seq=5281 src=1 c9=1850 c10=1500 c11=1012 c12=1500 step=27
4123.9366,MEAS ms=137717 seq=5282 src=1 c9=1850 c10=1500 c11=1012 c12=1500 step=27
4123.9366,MEAS ms=137726 seq=5283 src=1 c9=1850 c10=1500 c11=1012 c12=1500 step=27
4123.9366,MEAS ms=137735 seq=5284 src=1 c9=1850 c10=1500 c11=1012 c12=1500 step=27
4123.9366,MEAS ms=137744 seq=5285 src=1 c9=1850 c10=1500 c11=1012 c12=1500 step=27
4123.9642,MEAS ms=137752 seq=5286 src=1 c9=1850 c10=1500 c11=1012 c12=1500 step=27
4123.9642,MEAS ms=137761 seq=5287 src=1 c9=1850 c10=1500 c11=1012 c12=1500 step=27
4123.9642,MEAS ms=137771 seq=5288 src=1 c9=1850 c10=1500 c11=1012 c12=1500 step=27
4124.0002,MEAS ms=137780 seq=5289 src=1 c9=1850 c10=1500 c11=1012 c12=1500 step=27
4124.0003,MEAS ms=137789 seq=5290 src=1 c9=1850 c10=1500 c11=1012 c12=1500 step=27
4124.0003,MEAS ms=137799 seq=5291 src=1 c9=1850 c10=1500 c11=1012 c12=1500 step=27
4124.0003,MEAS ms=137807 seq=5292 src=1 c9=1850 c10=1500 c11=1012 c12=1500 step=27
4124.0269,MEAS ms=137816 seq=5293 src=1 c9=1850 c10=1500 c11=1012 c12=1500 step=27
4124.0270,MEAS ms=137825 seq=5294 src=1 c9=1850 c10=1500 c11=1012 c12=1500 step=27
4124.0270,MEAS ms=137834 seq=5295 src=1 c9=1850 c10=1500 c11=1012 c12=1500 step=27
4124.0639,MEAS ms=137842 seq=5296 src=1 c9=1850 c10=1500 c11=1012 c12=1500 step=27
4124.0639,MEAS ms=137852 seq=5297 src=1 c9=1850 c10=1500 c11=1012 c12=1500 step=27
4124.0639,MEAS ms=137861 seq=5298 src=1 c9=1850 c10=1500 c11=1012 c12=1500 step=27
4124.0639,MEAS ms=137870 seq=5299 src=1 c9=1850 c10=1500 c11=1012 c12=1500 step=27
4124.0904,MEAS ms=137879 seq=5300 src=1 c9=1850 c10=1500 c11=1012 c12=1500 step=27
4124.0905,MEAS ms=137889 seq=5301 src=1 c9=1850 c10=1500 c11=1012 c12=1500 step=27
4124.0905,MEAS ms=137897 seq=5302 src=1 c9=1850 c10=1500 c11=1012 c12=1500 step=27
4124.1182,MEAS ms=137906 seq=5303 src=1 c9=1850 c10=1500 c11=1012 c12=1500 step=27
4124.1183,MEAS ms=137915 seq=5304 src=1 c9=1850 c10=1500 c11=1012 c12=1500 step=27
4124.1183,MEAS ms=137924 seq=5305 src=1 c9=1850 c10=1500 c11=1012 c12=1500 step=27
4124.1539,MEAS ms=137934 seq=5306 src=1 c9=1850 c10=1500 c11=1012 c12=1500 step=27
4124.1539,MEAS ms=137942 seq=5307 src=1 c9=1850 c10=1500 c11=1012 c12=1500 step=27
4124.1539,MEAS ms=137951 seq=5308 src=1 c9=1850 c10=1500 c11=1012 c12=1500 step=27
4124.1539,MEAS ms=137960 seq=5309 src=1 c9=1850 c10=1500 c11=1012 c12=1500 step=27
4124.1803,MEAS ms=137969 seq=5310 src=1 c9=1850 c10=1500 c11=1012 c12=1500 step=27
4124.1803,MEAS ms=137979 seq=5311 src=1 c9=1850 c10=1500 c11=1012 c12=1500 step=27
4124.1803,MEAS ms=137987 seq=5312 src=1 c9=1850 c10=1500 c11=1012 c12=1500 step=27
4124.2160,MEAS ms=137996 seq=5313 src=1 c9=1850 c10=1500 c11=1012 c12=1500 step=27
4124.2160,MEAS ms=138005 seq=5314 src=1 c9=1850 c10=1500 c11=1012 c12=1500 step=27
4124.2160,MEAS ms=138014 seq=5315 src=1 c9=1850 c10=1500 c11=1012 c12=1500 step=27
4124.2160,MEAS ms=138024 seq=5316 src=1 c9=1850 c10=1500 c11=1012 c12=1500 step=27
4124.2436,MEAS ms=138032 seq=5317 src=1 c9=1850 c10=1500 c11=1012 c12=1500 step=27
4124.2436,MEAS ms=138041 seq=5318 src=1 c9=1850 c10=1500 c11=1012 c12=1500 step=27
4124.2436,MEAS ms=138050 seq=5319 src=1 c9=1850 c10=1500 c11=1012 c12=1500 step=27
4124.2794,MEAS ms=138059 seq=5320 src=1 c9=1850 c10=1500 c11=1012 c12=1500 step=27
4124.2794,MEAS ms=138069 seq=5321 src=1 c9=1850 c10=1500 c11=1012 c12=1500 step=27
4124.2794,MEAS ms=138077 seq=5322 src=1 c9=1850 c10=1500 c11=1012 c12=1500 step=27
4124.2794,MEAS ms=138086 seq=5323 src=1 c9=1850 c10=1500 c11=1012 c12=1500 step=27
4124.3432,MEAS ms=138095 seq=5324 src=1 c9=1850 c10=1500 c11=1012 c12=1500 step=27
4124.3433,MEAS ms=138104 seq=5325 src=1 c9=1850 c10=1500 c11=1012 c12=1500 step=27
4124.3433,MEAS ms=138114 seq=5326 src=1 c9=1850 c10=1500 c11=1012 c12=1500 step=27
4124.5230,MEAS ms=138159 seq=5327 src=1 c9=1850 c10=1500 c11=1012 c12=1500 step=27
4124.5231,MEAS ms=138204 seq=5328 src=1 c9=1849 c10=1500 c11=1012 c12=1500 step=27
4124.5231,MEAS ms=138249 seq=5329 src=1 c9=1850 c10=1500 c11=1010 c12=1500 step=27
4124.5231,MEAS ms=138294 seq=5330 src=1 c9=1850 c10=1500 c11=1012 c12=1500 step=27
4124.6581,MEAS ms=138339 seq=5331 src=1 c9=1850 c10=1500 c11=1012 c12=1500 step=27
4124.6581,MEAS ms=138384 seq=5332 src=1 c9=1882 c10=1500 c11=1012 c12=1500 step=28
4124.6582,MEAS ms=138429 seq=5333 src=1 c9=1882 c10=1500 c11=1012 c12=1500 step=28
4124.8133,MEAS ms=138474 seq=5334 src=1 c9=1882 c10=1500 c11=1012 c12=1500 step=28
4124.8134,MEAS ms=138519 seq=5335 src=1 c9=1882 c10=1500 c11=1012 c12=1500 step=28
4124.8134,MEAS ms=138564 seq=5336 src=1 c9=1882 c10=1500 c11=1012 c12=1500 step=28
4124.8134,MEAS ms=138609 seq=5337 src=1 c9=1882 c10=1500 c11=1012 c12=1500 step=28
4124.8383,MEAS ms=138629 seq=5338 src=1 c9=1882 c10=1500 c11=1012 c12=1500 step=28
4124.8383,MEAS ms=138637 seq=5339 src=1 c9=1882 c10=1500 c11=1012 c12=1500 step=28
4124.8383,MEAS ms=138646 seq=5340 src=1 c9=1882 c10=1500 c11=1012 c12=1500 step=28
4124.8752,MEAS ms=138654 seq=5341 src=1 c9=1882 c10=1500 c11=1012 c12=1500 step=28
4124.8752,MEAS ms=138663 seq=5342 src=1 c9=1882 c10=1500 c11=1012 c12=1500 step=28
4124.8752,MEAS ms=138672 seq=5343 src=1 c9=1882 c10=1500 c11=1012 c12=1500 step=28
4124.8752,MEAS ms=138682 seq=5344 src=1 c9=1882 c10=1500 c11=1012 c12=1500 step=28
4124.9016,MEAS ms=138691 seq=5345 src=1 c9=1882 c10=1500 c11=1012 c12=1500 step=28
4124.9017,MEAS ms=138700 seq=5346 src=1 c9=1882 c10=1500 c11=1012 c12=1500 step=28
4124.9017,MEAS ms=138708 seq=5347 src=1 c9=1882 c10=1500 c11=1012 c12=1500 step=28
4124.9292,MEAS ms=138717 seq=5348 src=1 c9=1882 c10=1500 c11=1012 c12=1500 step=28
4124.9293,MEAS ms=138726 seq=5349 src=1 c9=1882 c10=1500 c11=1012 c12=1500 step=28
4124.9293,MEAS ms=138736 seq=5350 src=1 c9=1882 c10=1500 c11=1012 c12=1500 step=28
4124.9648,MEAS ms=138745 seq=5351 src=1 c9=1882 c10=1500 c11=1012 c12=1500 step=28
4124.9649,MEAS ms=138754 seq=5352 src=1 c9=1882 c10=1500 c11=1012 c12=1500 step=28
4124.9649,MEAS ms=138762 seq=5353 src=1 c9=1882 c10=1500 c11=1012 c12=1500 step=28
4124.9649,MEAS ms=138771 seq=5354 src=1 c9=1882 c10=1500 c11=1012 c12=1500 step=28
4125.0282,MEAS ms=138780 seq=5355 src=1 c9=1882 c10=1500 c11=1012 c12=1500 step=28
4125.0283,MEAS ms=138790 seq=5356 src=1 c9=1882 c10=1500 c11=1012 c12=1500 step=28
4125.0283,MEAS ms=138799 seq=5357 src=1 c9=1882 c10=1500 c11=1012 c12=1500 step=28
4125.2082,MEAS ms=138844 seq=5358 src=1 c9=1882 c10=1500 c11=1012 c12=1500 step=28
4125.2082,MEAS ms=138889 seq=5359 src=1 c9=1882 c10=1500 c11=1012 c12=1500 step=28
4125.2082,MEAS ms=138934 seq=5360 src=1 c9=1882 c10=1500 c11=1012 c12=1500 step=28
4125.2082,MEAS ms=138979 seq=5361 src=1 c9=1882 c10=1500 c11=1012 c12=1500 step=28
4125.3432,MEAS ms=139024 seq=5362 src=1 c9=1882 c10=1500 c11=1012 c12=1500 step=28
4125.3433,MEAS ms=139069 seq=5363 src=1 c9=1882 c10=1500 c11=1012 c12=1500 step=28
4125.3433,MEAS ms=139114 seq=5364 src=1 c9=1882 c10=1500 c11=1012 c12=1500 step=28
4125.3882,MEAS ms=139159 seq=5365 src=1 c9=1881 c10=1500 c11=1012 c12=1500 step=28
4125.3882,MEAS ms=139179 seq=5366 src=1 c9=1882 c10=1500 c11=1012 c12=1500 step=28
4125.3882,MEAS ms=139187 seq=5367 src=1 c9=1882 c10=1499 c11=1012 c12=1500 step=28
4125.3885,MEAS ms=139196 seq=5368 src=1 c9=1882 c10=1499 c11=1012 c12=1500 step=28
4125.4158,MEAS ms=139204 seq=5369 src=1 c9=1882 c10=1499 c11=1012 c12=1500 step=28
4125.4158,MEAS ms=139213 seq=5370 src=1 c9=1882 c10=1499 c11=1010 c12=1500 step=28
4125.4158,MEAS ms=139222 seq=5371 src=1 c9=1882 c10=1500 c11=1010 c12=1500 step=28
4125.4517,MEAS ms=139232 seq=5372 src=1 c9=1882 c10=1500 c11=1010 c12=1500 step=28
4125.4517,MEAS ms=139241 seq=5373 src=1 c9=1882 c10=1500 c11=1010 c12=1500 step=28
4125.4517,MEAS ms=139250 seq=5374 src=1 c9=1882 c10=1500 c11=1012 c12=1500 step=28
4125.4517,MEAS ms=139258 seq=5375 src=1 c9=1882 c10=1500 c11=1012 c12=1499 step=28
4125.4792,MEAS ms=139267 seq=5376 src=1 c9=1882 c10=1500 c11=1012 c12=1499 step=28
4125.4793,MEAS ms=139276 seq=5377 src=1 c9=1882 c10=1500 c11=1012 c12=1499 step=28
4125.4793,MEAS ms=139286 seq=5378 src=1 c9=1882 c10=1500 c11=1012 c12=1499 step=28
4125.5148,MEAS ms=139295 seq=5379 src=1 c9=1882 c10=1500 c11=1012 c12=1500 step=28
4125.5148,MEAS ms=139304 seq=5380 src=1 c9=1882 c10=1500 c11=1012 c12=1500 step=28
4125.5148,MEAS ms=139312 seq=5381 src=1 c9=1882 c10=1500 c11=1012 c12=1500 step=28
4125.5148,MEAS ms=139321 seq=5382 src=1 c9=1882 c10=1500 c11=1012 c12=1500 step=28
4125.5781,MEAS ms=139330 seq=5383 src=1 c9=1882 c10=1500 c11=1012 c12=1500 step=28
4125.5782,MEAS ms=139340 seq=5384 src=1 c9=1882 c10=1500 c11=1012 c12=1500 step=28
4125.5782,MEAS ms=139349 seq=5385 src=1 c9=1912 c10=1500 c11=1012 c12=1500 step=29
4125.7132,MEAS ms=139394 seq=5386 src=1 c9=1912 c10=1500 c11=1012 c12=1500 step=29
4125.7132,MEAS ms=139439 seq=5387 src=1 c9=1912 c10=1500 c11=1012 c12=1500 step=29
4125.7132,MEAS ms=139484 seq=5388 src=1 c9=1912 c10=1500 c11=1012 c12=1500 step=29
4125.7132,MEAS ms=139529 seq=5389 src=1 c9=1912 c10=1500 c11=1012 c12=1500 step=29
4125.8933,MEAS ms=139574 seq=5390 src=1 c9=1912 c10=1500 c11=1012 c12=1500 step=29
4125.8933,MEAS ms=139619 seq=5391 src=1 c9=1912 c10=1500 c11=1012 c12=1500 step=29
4125.8933,MEAS ms=139664 seq=5392 src=1 c9=1912 c10=1500 c11=1012 c12=1500 step=29
4125.9306,MEAS ms=139709 seq=5393 src=1 c9=1912 c10=1500 c11=1012 c12=1500 step=29
4125.9306,MEAS ms=139729 seq=5394 src=1 c9=1912 c10=1500 c11=1012 c12=1500 step=29
4125.9306,MEAS ms=139737 seq=5395 src=1 c9=1912 c10=1500 c11=1012 c12=1500 step=29
4125.9658,MEAS ms=139746 seq=5396 src=1 c9=1912 c10=1500 c11=1012 c12=1500 step=29
4125.9658,MEAS ms=139754 seq=5397 src=1 c9=1912 c10=1500 c11=1012 c12=1500 step=29
4125.9658,MEAS ms=139763 seq=5398 src=1 c9=1912 c10=1500 c11=1012 c12=1500 step=29
4125.9658,MEAS ms=139772 seq=5399 src=1 c9=1912 c10=1500 c11=1012 c12=1500 step=29
4125.9923,MEAS ms=139781 seq=5400 src=1 c9=1912 c10=1500 c11=1012 c12=1500 step=29
4125.9924,MEAS ms=139791 seq=5401 src=1 c9=1912 c10=1500 c11=1012 c12=1500 step=29
4125.9924,MEAS ms=139800 seq=5402 src=1 c9=1912 c10=1500 c11=1012 c12=1500 step=29
4126.0290,MEAS ms=139808 seq=5403 src=1 c9=1912 c10=1500 c11=1012 c12=1500 step=29
4126.0291,MEAS ms=139817 seq=5404 src=1 c9=1912 c10=1500 c11=1012 c12=1500 step=29
4126.0291,MEAS ms=139826 seq=5405 src=1 c9=1912 c10=1500 c11=1012 c12=1500 step=29
4126.0291,MEAS ms=139836 seq=5406 src=1 c9=1912 c10=1500 c11=1012 c12=1500 step=29
4126.0556,MEAS ms=139845 seq=5407 src=1 c9=1912 c10=1500 c11=1012 c12=1500 step=29
4126.0557,MEAS ms=139854 seq=5408 src=1 c9=1912 c10=1500 c11=1012 c12=1500 step=29
4126.0557,MEAS ms=139862 seq=5409 src=1 c9=1912 c10=1500 c11=1012 c12=1500 step=29
4126.1283,MEAS ms=139871 seq=5410 src=1 c9=1912 c10=1500 c11=1012 c12=1500 step=29
4126.1283,MEAS ms=139880 seq=5411 src=1 c9=1912 c10=1500 c11=1012 c12=1500 step=29
4126.1283,MEAS ms=139890 seq=5412 src=1 c9=1912 c10=1500 c11=1012 c12=1500 step=29
4126.1283,MEAS ms=139899 seq=5413 src=1 c9=1912 c10=1500 c11=1012 c12=1500 step=29
4126.2633,MEAS ms=139944 seq=5414 src=1 c9=1912 c10=1500 c11=1012 c12=1500 step=29
4126.2634,MEAS ms=139989 seq=5415 src=1 c9=1912 c10=1500 c11=1012 c12=1500 step=29
4126.2634,MEAS ms=140034 seq=5416 src=1 c9=1912 c10=1500 c11=1012 c12=1500 step=29
4126.4433,MEAS ms=140079 seq=5417 src=1 c9=1912 c10=1500 c11=1012 c12=1500 step=29
4126.4434,MEAS ms=140124 seq=5418 src=1 c9=1911 c10=1500 c11=1012 c12=1500 step=29
4126.4434,MEAS ms=140169 seq=5419 src=1 c9=1912 c10=1499 c11=1010 c12=1500 step=29
4126.4434,MEAS ms=140214 seq=5420 src=1 c9=1912 c10=1500 c11=1012 c12=1499 step=29
4126.5162,MEAS ms=140259 seq=5421 src=1 c9=1912 c10=1500 c11=1012 c12=1500 step=29
4126.5163,MEAS ms=140304 seq=5422 src=1 c9=1912 c10=1500 c11=1012 c12=1500 step=29
4126.5163,MEAS ms=140324 seq=5423 src=1 c9=1912 c10=1500 c11=1012 c12=1500 step=29
4126.5517,MEAS ms=140332 seq=5424 src=1 c9=1912 c10=1500 c11=1012 c12=1500 step=29
4126.5517,MEAS ms=140341 seq=5425 src=1 c9=1912 c10=1500 c11=1012 c12=1500 step=29
4126.5517,MEAS ms=140349 seq=5426 src=1 c9=1942 c10=1500 c11=1012 c12=1500 step=30
4126.5517,MEAS ms=140358 seq=5427 src=1 c9=1942 c10=1500 c11=1012 c12=1500 step=30
4126.5793,MEAS ms=140367 seq=5428 src=1 c9=1942 c10=1500 c11=1012 c12=1500 step=30
4126.5794,MEAS ms=140376 seq=5429 src=1 c9=1942 c10=1500 c11=1012 c12=1500 step=30
4126.5794,MEAS ms=140386 seq=5430 src=1 c9=1942 c10=1500 c11=1012 c12=1500 step=30
4126.6057,MEAS ms=140395 seq=5431 src=1 c9=1942 c10=1500 c11=1012 c12=1500 step=30
4126.6057,MEAS ms=140404 seq=5432 src=1 c9=1942 c10=1500 c11=1012 c12=1500 step=30
4126.6057,MEAS ms=140412 seq=5433 src=1 c9=1942 c10=1500 c11=1012 c12=1500 step=30
4126.6431,MEAS ms=140421 seq=5434 src=1 c9=1942 c10=1500 c11=1012 c12=1500 step=30
4126.6431,MEAS ms=140431 seq=5435 src=1 c9=1942 c10=1500 c11=1012 c12=1500 step=30
4126.6431,MEAS ms=140440 seq=5436 src=1 c9=1942 c10=1500 c11=1012 c12=1500 step=30
4126.6431,MEAS ms=140449 seq=5437 src=1 c9=1942 c10=1500 c11=1012 c12=1500 step=30
4126.6694,MEAS ms=140459 seq=5438 src=1 c9=1942 c10=1500 c11=1012 c12=1500 step=30
4126.6694,MEAS ms=140467 seq=5439 src=1 c9=1942 c10=1500 c11=1012 c12=1500 step=30
4126.6695,MEAS ms=140476 seq=5440 src=1 c9=1942 c10=1500 c11=1012 c12=1500 step=30
4126.7051,MEAS ms=140485 seq=5441 src=1 c9=1942 c10=1500 c11=1012 c12=1500 step=30
4126.7052,MEAS ms=140493 seq=5442 src=1 c9=1942 c10=1500 c11=1012 c12=1500 step=30
4126.7052,MEAS ms=140502 seq=5443 src=1 c9=1942 c10=1500 c11=1012 c12=1500 step=30
4126.7052,MEAS ms=140511 seq=5444 src=1 c9=1942 c10=1500 c11=1012 c12=1500 step=30
4126.7332,MEAS ms=140521 seq=5445 src=1 c9=1942 c10=1500 c11=1012 c12=1500 step=30
4126.7332,MEAS ms=140530 seq=5446 src=1 c9=1942 c10=1500 c11=1012 c12=1500 step=30
4126.7332,MEAS ms=140539 seq=5447 src=1 c9=1942 c10=1500 c11=1012 c12=1500 step=30
4126.7686,MEAS ms=140549 seq=5448 src=1 c9=1942 c10=1500 c11=1012 c12=1500 step=30
4126.7687,MEAS ms=140557 seq=5449 src=1 c9=1942 c10=1500 c11=1012 c12=1500 step=30
4126.7687,MEAS ms=140566 seq=5450 src=1 c9=1942 c10=1500 c11=1012 c12=1500 step=30
4126.7687,MEAS ms=140575 seq=5451 src=1 c9=1942 c10=1500 c11=1012 c12=1500 step=30
4126.7950,MEAS ms=140584 seq=5452 src=1 c9=1942 c10=1500 c11=1012 c12=1500 step=30
4126.7950,MEAS ms=140592 seq=5453 src=1 c9=1942 c10=1500 c11=1012 c12=1500 step=30
4126.7950,MEAS ms=140601 seq=5454 src=1 c9=1942 c10=1500 c11=1012 c12=1500 step=30
4126.8311,MEAS ms=140611 seq=5455 src=1 c9=1942 c10=1500 c11=1012 c12=1500 step=30
4126.8311,MEAS ms=140620 seq=5456 src=1 c9=1942 c10=1500 c11=1012 c12=1500 step=30
4126.8311,MEAS ms=140629 seq=5457 src=1 c9=1942 c10=1500 c11=1012 c12=1500 step=30
4126.8311,MEAS ms=140639 seq=5458 src=1 c9=1942 c10=1500 c11=1012 c12=1500 step=30
4126.8587,MEAS ms=140647 seq=5459 src=1 c9=1942 c10=1500 c11=1012 c12=1500 step=30
4126.8588,MEAS ms=140656 seq=5460 src=1 c9=1942 c10=1500 c11=1012 c12=1500 step=30
4126.8588,MEAS ms=140665 seq=5461 src=1 c9=1942 c10=1500 c11=1012 c12=1500 step=30
4126.8945,MEAS ms=140674 seq=5462 src=1 c9=1942 c10=1500 c11=1012 c12=1500 step=30
4126.8946,MEAS ms=140684 seq=5463 src=1 c9=1942 c10=1500 c11=1012 c12=1500 step=30
4126.8946,MEAS ms=140692 seq=5464 src=1 c9=1942 c10=1500 c11=1012 c12=1500 step=30
4126.8946,MEAS ms=140701 seq=5465 src=1 c9=1942 c10=1500 c11=1012 c12=1500 step=30
4126.9209,MEAS ms=140710 seq=5466 src=1 c9=1942 c10=1500 c11=1012 c12=1500 step=30
4126.9209,MEAS ms=140719 seq=5467 src=1 c9=1942 c10=1500 c11=1012 c12=1500 step=30
4126.9210,MEAS ms=140729 seq=5468 src=1 c9=1942 c10=1500 c11=1012 c12=1500 step=30
4126.9581,MEAS ms=140737 seq=5469 src=1 c9=1942 c10=1500 c11=1012 c12=1500 step=30
4126.9581,MEAS ms=140746 seq=5470 src=1 c9=1942 c10=1500 c11=1012 c12=1500 step=30
4126.9581,MEAS ms=140755 seq=5471 src=1 c9=1942 c10=1500 c11=1012 c12=1500 step=30
4126.9581,MEAS ms=140764 seq=5472 src=1 c9=1942 c10=1500 c11=1012 c12=1500 step=30
4126.9844,MEAS ms=140774 seq=5473 src=1 c9=1942 c10=1500 c11=1012 c12=1500 step=30
4126.9845,MEAS ms=140782 seq=5474 src=1 c9=1942 c10=1500 c11=1012 c12=1500 step=30
4126.9845,MEAS ms=140791 seq=5475 src=1 c9=1942 c10=1500 c11=1012 c12=1500 step=30
4127.0109,MEAS ms=140800 seq=5476 src=1 c9=1942 c10=1500 c11=1012 c12=1500 step=30
4127.0110,MEAS ms=140809 seq=5477 src=1 c9=1942 c10=1500 c11=1012 c12=1500 step=30
4127.0110,MEAS ms=140819 seq=5478 src=1 c9=1942 c10=1500 c11=1012 c12=1500 step=30
4127.0481,MEAS ms=140827 seq=5479 src=1 c9=1942 c10=1500 c11=1012 c12=1500 step=30
4127.0481,MEAS ms=140836 seq=5480 src=1 c9=1942 c10=1500 c11=1012 c12=1500 step=30
4127.0481,MEAS ms=140845 seq=5481 src=1 c9=1942 c10=1500 c11=1012 c12=1500 step=30
4127.0481,MEAS ms=140854 seq=5482 src=1 c9=1942 c10=1500 c11=1012 c12=1500 step=30
4127.1110,MEAS ms=140864 seq=5483 src=1 c9=1942 c10=1500 c11=1012 c12=1500 step=30
4127.1110,MEAS ms=140899 seq=5484 src=1 c9=1942 c10=1500 c11=1012 c12=1500 step=30
4127.1110,MEAS ms=140919 seq=5485 src=1 c9=1942 c10=1500 c11=1012 c12=1500 step=30
4127.1468,MEAS ms=140927 seq=5486 src=1 c9=1942 c10=1500 c11=1012 c12=1500 step=30
4127.1469,MEAS ms=140936 seq=5487 src=1 c9=1942 c10=1500 c11=1012 c12=1500 step=30
4127.1469,MEAS ms=140945 seq=5488 src=1 c9=1942 c10=1500 c11=1012 c12=1500 step=30
4127.1469,MEAS ms=140953 seq=5489 src=1 c9=1942 c10=1500 c11=1012 c12=1500 step=30
4127.1745,MEAS ms=140962 seq=5490 src=1 c9=1942 c10=1500 c11=1012 c12=1500 step=30
4127.1745,MEAS ms=140972 seq=5491 src=1 c9=1942 c10=1500 c11=1012 c12=1500 step=30
4127.1745,MEAS ms=140981 seq=5492 src=1 c9=1942 c10=1500 c11=1012 c12=1500 step=30
4127.2099,MEAS ms=140990 seq=5493 src=1 c9=1942 c10=1500 c11=1012 c12=1500 step=30
4127.2100,MEAS ms=140999 seq=5494 src=1 c9=1942 c10=1500 c11=1012 c12=1500 step=30
4127.2100,MEAS ms=141007 seq=5495 src=1 c9=1942 c10=1500 c11=1012 c12=1500 step=30
4127.2100,MEAS ms=141016 seq=5496 src=1 c9=1941 c10=1500 c11=1012 c12=1500 step=30
4127.2382,MEAS ms=141026 seq=5497 src=1 c9=1941 c10=1500 c11=1012 c12=1500 step=30
4127.2382,MEAS ms=141035 seq=5498 src=1 c9=1941 c10=1500 c11=1012 c12=1500 step=30
4127.2382,MEAS ms=141044 seq=5499 src=1 c9=1941 c10=1500 c11=1012 c12=1500 step=30
4127.2736,MEAS ms=141054 seq=5500 src=1 c9=1941 c10=1500 c11=1012 c12=1500 step=30
4127.2737,MEAS ms=141062 seq=5501 src=1 c9=1941 c10=1500 c11=1012 c12=1500 step=30
4127.2737,MEAS ms=141071 seq=5502 src=1 c9=1941 c10=1500 c11=1012 c12=1500 step=30
4127.2737,MEAS ms=141080 seq=5503 src=1 c9=1941 c10=1500 c11=1012 c12=1500 step=30
4127.3002,MEAS ms=141089 seq=5504 src=1 c9=1942 c10=1500 c11=1012 c12=1500 step=30
4127.3002,MEAS ms=141097 seq=5505 src=1 c9=1942 c10=1499 c11=1012 c12=1500 step=30
4127.3002,MEAS ms=141107 seq=5506 src=1 c9=1942 c10=1499 c11=1012 c12=1500 step=30
4127.3362,MEAS ms=141116 seq=5507 src=1 c9=1942 c10=1499 c11=1012 c12=1500 step=30
4127.3363,MEAS ms=141125 seq=5508 src=1 c9=1942 c10=1499 c11=1010 c12=1500 step=30
4127.3363,MEAS ms=141134 seq=5509 src=1 c9=1942 c10=1500 c11=1010 c12=1500 step=30
4127.3363,MEAS ms=141144 seq=5510 src=1 c9=1942 c10=1500 c11=1010 c12=1500 step=30
4127.3638,MEAS ms=141152 seq=5511 src=1 c9=1942 c10=1500 c11=1010 c12=1500 step=30
4127.3638,MEAS ms=141161 seq=5512 src=1 c9=1942 c10=1500 c11=1012 c12=1500 step=30
4127.3638,MEAS ms=141170 seq=5513 src=1 c9=1942 c10=1500 c11=1012 c12=1499 step=30
4127.3904,MEAS ms=141179 seq=5514 src=1 c9=1942 c10=1500 c11=1012 c12=1499 step=30
4127.3904,MEAS ms=141189 seq=5515 src=1 c9=1942 c10=1500 c11=1012 c12=1499 step=30
4127.3904,MEAS ms=141197 seq=5516 src=1 c9=1942 c10=1500 c11=1012 c12=1499 step=30
4127.3904,MEAS ms=141206 seq=5517 src=1 c9=1942 c10=1500 c11=1012 c12=1500 step=30
4127.4262,MEAS ms=141215 seq=5518 src=1 c9=1942 c10=1500 c11=1012 c12=1500 step=30
4127.4263,MEAS ms=141224 seq=5519 src=1 c9=1942 c10=1500 c11=1012 c12=1500 step=30
4127.4263,MEAS ms=141234 seq=5520 src=1 c9=1942 c10=1500 c11=1012 c12=1500 step=30
4127.4539,MEAS ms=141242 seq=5521 src=1 c9=1942 c10=1500 c11=1012 c12=1500 step=30
4127.4540,MEAS ms=141251 seq=5522 src=1 c9=1942 c10=1500 c11=1012 c12=1500 step=30
4127.4540,MEAS ms=141260 seq=5523 src=1 c9=1942 c10=1500 c11=1012 c12=1500 step=30
4127.4896,MEAS ms=141269 seq=5524 src=1 c9=1942 c10=1500 c11=1012 c12=1500 step=30
4127.4896,MEAS ms=141279 seq=5525 src=1 c9=1942 c10=1500 c11=1012 c12=1500 step=30
4127.4896,MEAS ms=141287 seq=5526 src=1 c9=1942 c10=1500 c11=1012 c12=1500 step=30
4127.4896,MEAS ms=141296 seq=5527 src=1 c9=1942 c10=1500 c11=1012 c12=1500 step=30
4127.5163,MEAS ms=141305 seq=5528 src=1 c9=1942 c10=1500 c11=1012 c12=1500 step=30
4127.5163,MEAS ms=141314 seq=5529 src=1 c9=1942 c10=1500 c11=1012 c12=1500 step=30
4127.5163,MEAS ms=141324 seq=5530 src=1 c9=1942 c10=1500 c11=1012 c12=1500 step=30
4127.5533,MEAS ms=141332 seq=5531 src=1 c9=1942 c10=1500 c11=1012 c12=1500 step=30
4127.5533,MEAS ms=141341 seq=5532 src=1 c9=1942 c10=1500 c11=1012 c12=1500 step=30
4127.5534,MEAS ms=141350 seq=5533 src=1 c9=1942 c10=1500 c11=1012 c12=1500 step=30
4127.5534,MEAS ms=141359 seq=5534 src=1 c9=1942 c10=1500 c11=1012 c12=1500 step=30
4127.5795,MEAS ms=141369 seq=5535 src=1 c9=1942 c10=1500 c11=1012 c12=1500 step=30
4127.5795,MEAS ms=141377 seq=5536 src=1 c9=1972 c10=1500 c11=1012 c12=1500 step=31
4127.5795,MEAS ms=141386 seq=5537 src=1 c9=1972 c10=1500 c11=1012 c12=1500 step=31
4127.6532,MEAS ms=141395 seq=5538 src=1 c9=1972 c10=1500 c11=1012 c12=1500 step=31
4127.6532,MEAS ms=141404 seq=5539 src=1 c9=1972 c10=1500 c11=1012 c12=1500 step=31
4127.6532,MEAS ms=141414 seq=5540 src=1 c9=1972 c10=1500 c11=1012 c12=1500 step=31
4127.6532,MEAS ms=141449 seq=5541 src=1 c9=1972 c10=1500 c11=1012 c12=1500 step=31
4127.6797,MEAS ms=141469 seq=5542 src=1 c9=1972 c10=1500 c11=1012 c12=1500 step=31
4127.6798,MEAS ms=141477 seq=5543 src=1 c9=1972 c10=1500 c11=1012 c12=1500 step=31
4127.6798,MEAS ms=141486 seq=5544 src=1 c9=1972 c10=1500 c11=1012 c12=1500 step=31
4127.7152,MEAS ms=141495 seq=5545 src=1 c9=1972 c10=1500 c11=1012 c12=1500 step=31
4127.7152,MEAS ms=141503 seq=5546 src=1 c9=1972 c10=1500 c11=1012 c12=1500 step=31
4127.7152,MEAS ms=141512 seq=5547 src=1 c9=1972 c10=1500 c11=1012 c12=1500 step=31
4127.7152,MEAS ms=141522 seq=5548 src=1 c9=1972 c10=1500 c11=1012 c12=1500 step=31
4127.7415,MEAS ms=141531 seq=5549 src=1 c9=1972 c10=1500 c11=1012 c12=1500 step=31
4127.7416,MEAS ms=141540 seq=5550 src=1 c9=1972 c10=1500 c11=1012 c12=1500 step=31
4127.7416,MEAS ms=141549 seq=5551 src=1 c9=1972 c10=1500 c11=1012 c12=1500 step=31
4127.7783,MEAS ms=141557 seq=5552 src=1 c9=1972 c10=1500 c11=1012 c12=1500 step=31
4127.7783,MEAS ms=141566 seq=5553 src=1 c9=1972 c10=1500 c11=1012 c12=1500 step=31
4127.7783,MEAS ms=141576 seq=5554 src=1 c9=1972 c10=1500 c11=1012 c12=1500 step=31
4127.7784,MEAS ms=141585 seq=5555 src=1 c9=1972 c10=1500 c11=1012 c12=1500 step=31
4127.8053,MEAS ms=141594 seq=5556 src=1 c9=1972 c10=1500 c11=1012 c12=1500 step=31
4127.8054,MEAS ms=141604 seq=5557 src=1 c9=1972 c10=1500 c11=1012 c12=1500 step=31
4127.8054,MEAS ms=141612 seq=5558 src=1 c9=1972 c10=1500 c11=1012 c12=1500 step=31
4127.8316,MEAS ms=141621 seq=5559 src=1 c9=1972 c10=1500 c11=1012 c12=1500 step=31
4127.8317,MEAS ms=141630 seq=5560 src=1 c9=1972 c10=1500 c11=1012 c12=1500 step=31
4127.8317,MEAS ms=141639 seq=5561 src=1 c9=1972 c10=1500 c11=1012 c12=1500 step=31
4127.8687,MEAS ms=141647 seq=5562 src=1 c9=1972 c10=1500 c11=1012 c12=1500 step=31
4127.8687,MEAS ms=141656 seq=5563 src=1 c9=1972 c10=1500 c11=1012 c12=1500 step=31
4127.8688,MEAS ms=141666 seq=5564 src=1 c9=1972 c10=1500 c11=1012 c12=1500 step=31
4127.8688,MEAS ms=141675 seq=5565 src=1 c9=1972 c10=1500 c11=1012 c12=1500 step=31
4127.8954,MEAS ms=141684 seq=5566 src=1 c9=1972 c10=1500 c11=1012 c12=1500 step=31
4127.8955,MEAS ms=141694 seq=5567 src=1 c9=1972 c10=1500 c11=1012 c12=1500 step=31
4127.8955,MEAS ms=141702 seq=5568 src=1 c9=1972 c10=1500 c11=1012 c12=1500 step=31
4127.9312,MEAS ms=141711 seq=5569 src=1 c9=1972 c10=1500 c11=1012 c12=1500 step=31
4127.9312,MEAS ms=141720 seq=5570 src=1 c9=1972 c10=1500 c11=1012 c12=1500 step=31
4127.9312,MEAS ms=141729 seq=5571 src=1 c9=1972 c10=1500 c11=1012 c12=1500 step=31
4127.9313,MEAS ms=141739 seq=5572 src=1 c9=1972 c10=1500 c11=1012 c12=1500 step=31
4127.9589,MEAS ms=141747 seq=5573 src=1 c9=1972 c10=1500 c11=1012 c12=1500 step=31
4127.9589,MEAS ms=141756 seq=5574 src=1 c9=1972 c10=1500 c11=1012 c12=1500 step=31
4127.9589,MEAS ms=141765 seq=5575 src=1 c9=1972 c10=1500 c11=1012 c12=1500 step=31
4127.9947,MEAS ms=141774 seq=5576 src=1 c9=1972 c10=1500 c11=1012 c12=1500 step=31
4127.9947,MEAS ms=141784 seq=5577 src=1 c9=1972 c10=1500 c11=1012 c12=1500 step=31
4127.9947,MEAS ms=141792 seq=5578 src=1 c9=1972 c10=1500 c11=1012 c12=1500 step=31
4127.9947,MEAS ms=141801 seq=5579 src=1 c9=1972 c10=1500 c11=1012 c12=1500 step=31
4128.0212,MEAS ms=141810 seq=5580 src=1 c9=1972 c10=1500 c11=1012 c12=1500 step=31
4128.0213,MEAS ms=141819 seq=5581 src=1 c9=1972 c10=1500 c11=1012 c12=1500 step=31
4128.0213,MEAS ms=141829 seq=5582 src=1 c9=1972 c10=1500 c11=1012 c12=1500 step=31
4128.0583,MEAS ms=141837 seq=5583 src=1 c9=1972 c10=1500 c11=1012 c12=1500 step=31
4128.0583,MEAS ms=141846 seq=5584 src=1 c9=1972 c10=1500 c11=1012 c12=1500 step=31
4128.0584,MEAS ms=141855 seq=5585 src=1 c9=1972 c10=1500 c11=1012 c12=1500 step=31
4128.0584,MEAS ms=141864 seq=5586 src=1 c9=1972 c10=1500 c11=1012 c12=1500 step=31
4128.0846,MEAS ms=141874 seq=5587 src=1 c9=1972 c10=1500 c11=1012 c12=1500 step=31
4128.0846,MEAS ms=141882 seq=5588 src=1 c9=1972 c10=1500 c11=1012 c12=1500 step=31
4128.0846,MEAS ms=141891 seq=5589 src=1 c9=1972 c10=1500 c11=1012 c12=1500 step=31
4128.1204,MEAS ms=141900 seq=5590 src=1 c9=1972 c10=1500 c11=1012 c12=1500 step=31
4128.1204,MEAS ms=141909 seq=5591 src=1 c9=1972 c10=1500 c11=1012 c12=1500 step=31
4128.1204,MEAS ms=141919 seq=5592 src=1 c9=1972 c10=1500 c11=1012 c12=1500 step=31
4128.1204,MEAS ms=141927 seq=5593 src=1 c9=1972 c10=1500 c11=1012 c12=1500 step=31
4128.1481,MEAS ms=141936 seq=5594 src=1 c9=1972 c10=1500 c11=1012 c12=1500 step=31
4128.1481,MEAS ms=141945 seq=5595 src=1 c9=1972 c10=1500 c11=1012 c12=1500 step=31
4128.1482,MEAS ms=141954 seq=5596 src=1 c9=1972 c10=1500 c11=1012 c12=1500 step=31
4128.2203,MEAS ms=141964 seq=5597 src=1 c9=1972 c10=1500 c11=1012 c12=1500 step=31
4128.2203,MEAS ms=141999 seq=5598 src=1 c9=1971 c10=1500 c11=1012 c12=1500 step=31
4128.2203,MEAS ms=142019 seq=5599 src=1 c9=1971 c10=1500 c11=1012 c12=1500 step=31
4128.2203,MEAS ms=142027 seq=5600 src=1 c9=1971 c10=1500 c11=1012 c12=1500 step=31
4128.2467,MEAS ms=142036 seq=5601 src=1 c9=1971 c10=1500 c11=1012 c12=1500 step=31
4128.2467,MEAS ms=142045 seq=5602 src=1 c9=1971 c10=1500 c11=1012 c12=1500 step=31
4128.2468,MEAS ms=142053 seq=5603 src=1 c9=1972 c10=1499 c11=1012 c12=1500 step=31
4128.2748,MEAS ms=142062 seq=5604 src=1 c9=1972 c10=1499 c11=1012 c12=1500 step=31
4128.2748,MEAS ms=142072 seq=5605 src=1 c9=1972 c10=1499 c11=1012 c12=1500 step=31
4128.2748,MEAS ms=142081 seq=5606 src=1 c9=1972 c10=1499 c11=1012 c12=1500 step=31
4128.3101,MEAS ms=142090 seq=5607 src=1 c9=1972 c10=1500 c11=1012 c12=1499 step=31
4128.3102,MEAS ms=142099 seq=5608 src=1 c9=1972 c10=1500 c11=1012 c12=1499 step=31
4128.3102,MEAS ms=142107 seq=5609 src=1 c9=1972 c10=1500 c11=1012 c12=1499 step=31
4128.3102,MEAS ms=142116 seq=5610 src=1 c9=1972 c10=1500 c11=1012 c12=1499 step=31
4128.3381,MEAS ms=142126 seq=5611 src=1 c9=1972 c10=1500 c11=1012 c12=1499 step=31
4128.3382,MEAS ms=142135 seq=5612 src=1 c9=1972 c10=1500 c11=1012 c12=1499 step=31
4128.3382,MEAS ms=142144 seq=5613 src=1 c9=1972 c10=1500 c11=1012 c12=1499 step=31
4128.3738,MEAS ms=142154 seq=5614 src=1 c9=1972 c10=1500 c11=1012 c12=1499 step=31
4128.3739,MEAS ms=142162 seq=5615 src=1 c9=1972 c10=1500 c11=1012 c12=1500 step=31
4128.3739,MEAS ms=142171 seq=5616 src=1 c9=1972 c10=1500 c11=1012 c12=1500 step=31
4128.3739,MEAS ms=142180 seq=5617 src=1 c9=1972 c10=1500 c11=1012 c12=1500 step=31
4128.4003,MEAS ms=142189 seq=5618 src=1 c9=1972 c10=1500 c11=1012 c12=1500 step=31
4128.4003,MEAS ms=142197 seq=5619 src=1 c9=1972 c10=1500 c11=1012 c12=1500 step=31
4128.4003,MEAS ms=142206 seq=5620 src=1 c9=1972 c10=1500 c11=1012 c12=1500 step=31
4128.4362,MEAS ms=142216 seq=5621 src=1 c9=1972 c10=1500 c11=1012 c12=1500 step=31
4128.4362,MEAS ms=142225 seq=5622 src=1 c9=1972 c10=1500 c11=1012 c12=1500 step=31
4128.4362,MEAS ms=142234 seq=5623 src=1 c9=1972 c10=1500 c11=1012 c12=1500 step=31
4128.4363,MEAS ms=142244 seq=5624 src=1 c9=1972 c10=1500 c11=1012 c12=1500 step=31
4128.4639,MEAS ms=142252 seq=5625 src=1 c9=1972 c10=1500 c11=1012 c12=1500 step=31
4128.4639,MEAS ms=142261 seq=5626 src=1 c9=1972 c10=1500 c11=1012 c12=1500 step=31
4128.4639,MEAS ms=142270 seq=5627 src=1 c9=1972 c10=1500 c11=1012 c12=1500 step=31
4128.4998,MEAS ms=142279 seq=5628 src=1 c9=1972 c10=1500 c11=1012 c12=1500 step=31
4128.4998,MEAS ms=142289 seq=5629 src=1 c9=1972 c10=1500 c11=1012 c12=1500 step=31
4128.4998,MEAS ms=142297 seq=5630 src=1 c9=1972 c10=1500 c11=1012 c12=1500 step=31
4128.4998,MEAS ms=142306 seq=5631 src=1 c9=1972 c10=1500 c11=1012 c12=1500 step=31
4128.5262,MEAS ms=142315 seq=5632 src=1 c9=1972 c10=1500 c11=1012 c12=1500 step=31
4128.5262,MEAS ms=142324 seq=5633 src=1 c9=1972 c10=1500 c11=1012 c12=1500 step=31
4128.5262,MEAS ms=142334 seq=5634 src=1 c9=1972 c10=1500 c11=1012 c12=1500 step=31
4128.5632,MEAS ms=142342 seq=5635 src=1 c9=1972 c10=1500 c11=1012 c12=1500 step=31
4128.5633,MEAS ms=142351 seq=5636 src=1 c9=1972 c10=1500 c11=1012 c12=1500 step=31
4128.5633,MEAS ms=142360 seq=5637 src=1 c9=1972 c10=1500 c11=1012 c12=1500 step=31
4128.5633,MEAS ms=142369 seq=5638 src=1 c9=1012 c10=1012 c11=1012 c12=1500 step=0
4128.5890,MEAS ms=142379 seq=5639 src=1 c9=1012 c10=1012 c11=1012 c12=1500 step=0
4128.5890,MEAS ms=142387 seq=5640 src=1 c9=1012 c10=1012 c11=1012 c12=1500 step=0
4128.5890,MEAS ms=142396 seq=5641 src=1 c9=1012 c10=1012 c11=1012 c12=1500 step=0
4128.7082,MEAS ms=142405 seq=5642 src=1 c9=1012 c10=1012 c11=1012 c12=1500 step=0
4128.7083,MEAS ms=142414 seq=5643 src=1 c9=1012 c10=1012 c11=1012 c12=1500 step=0
4128.7083,MEAS ms=142459 seq=5644 src=1 c9=1012 c10=1012 c11=1012 c12=1500 step=0
4128.7083,MEAS ms=142504 seq=5645 src=1 c9=1012 c10=1012 c11=1012 c12=1500 step=0
4128.7341,MEAS ms=142524 seq=5646 src=1 c9=1012 c10=1012 c11=1012 c12=1500 step=0
4128.7342,MEAS ms=142532 seq=5647 src=1 c9=1012 c10=1012 c11=1012 c12=1500 step=0
4128.7342,MEAS ms=142541 seq=5648 src=1 c9=1012 c10=1012 c11=1012 c12=1500 step=0
4128.8780,MEAS ms=142550 seq=5649 src=1 c9=1012 c10=1012 c11=1012 c12=1500 step=0
4128.8781,MEAS ms=142559 seq=5650 src=1 c9=1012 c10=1012 c11=1012 c12=1500 step=0
4128.8781,MEAS ms=142604 seq=5651 src=1 c9=1012 c10=1012 c11=1012 c12=1500 step=0
4128.8781,MEAS ms=142649 seq=5652 src=1 c9=1012 c10=1012 c11=1012 c12=1500 step=0
4129.0131,MEAS ms=142694 seq=5653 src=1 c9=1012 c10=1012 c11=1012 c12=1500 step=0
4129.0132,MEAS ms=142739 seq=5654 src=1 c9=1012 c10=1012 c11=1012 c12=1500 step=0
4129.0132,MEAS ms=142784 seq=5655 src=1 c9=1012 c10=1012 c11=1012 c12=1500 step=0
4129.1932,MEAS ms=142829 seq=5656 src=1 c9=1012 c10=1012 c11=1012 c12=1500 step=0
4129.1933,MEAS ms=142874 seq=5657 src=1 c9=1012 c10=1012 c11=1012 c12=1500 step=0
4129.1933,MEAS ms=142919 seq=5658 src=1 c9=1012 c10=1012 c11=1012 c12=1500 step=0
4129.1933,MEAS ms=142964 seq=5659 src=1 c9=1010 c10=1012 c11=1012 c12=1500 step=0
4129.2658,MEAS ms=143009 seq=5660 src=1 c9=1012 c10=1012 c11=1012 c12=1499 step=0
4129.2658,MEAS ms=143054 seq=5661 src=1 c9=1012 c10=1012 c11=1012 c12=1500 step=0
4129.2658,MEAS ms=143074 seq=5662 src=1 c9=1012 c10=1012 c11=1012 c12=1500 step=0
4129.3378,MEAS ms=143082 seq=5663 src=1 c9=1012 c10=1012 c11=1012 c12=1500 step=0
4129.3379,MEAS ms=143091 seq=5664 src=1 c9=1012 c10=1012 c11=1012 c12=1500 step=0
4129.3379,MEAS ms=143100 seq=5665 src=1 c9=1012 c10=1012 c11=1012 c12=1500 step=0
4129.3379,MEAS ms=143109 seq=5666 src=1 c9=1012 c10=1012 c11=1012 c12=1500 step=0
4129.4730,MEAS ms=143154 seq=5667 src=1 c9=1012 c10=1012 c11=1012 c12=1500 step=0
4129.4731,MEAS ms=143199 seq=5668 src=1 c9=1012 c10=1012 c11=1012 c12=1500 step=0
4129.4731,MEAS ms=143244 seq=5669 src=1 c9=1012 c10=1012 c11=1012 c12=1500 step=0
4129.6531,MEAS ms=143289 seq=5670 src=1 c9=1012 c10=1012 c11=1012 c12=1500 step=0
4129.6532,MEAS ms=143334 seq=5671 src=1 c9=1012 c10=1012 c11=1012 c12=1500 step=0
4129.6532,MEAS ms=143379 seq=5672 src=1 c9=1012 c10=1021 c11=1012 c12=1500 step=0
4129.6532,MEAS ms=143424 seq=5673 src=1 c9=1012 c10=1021 c11=1012 c12=1500 step=0
4129.7880,MEAS ms=143469 seq=5674 src=1 c9=1012 c10=1021 c11=1012 c12=1500 step=0
4129.7881,MEAS ms=143514 seq=5675 src=1 c9=1012 c10=1021 c11=1012 c12=1500 step=0
4129.7883,MEAS ms=143559 seq=5676 src=1 c9=1012 c10=1021 c11=1012 c12=1500 step=0
4129.8343,MEAS ms=143604 seq=5677 src=1 c9=1012 c10=1021 c11=1012 c12=1500 step=0
4129.8343,MEAS ms=143624 seq=5678 src=1 c9=1012 c10=1021 c11=1012 c12=1500 step=0
4129.8343,MEAS ms=143632 seq=5679 src=1 c9=1012 c10=1021 c11=1012 c12=1500 step=0
4129.8343,MEAS ms=143641 seq=5680 src=1 c9=1012 c10=1021 c11=1012 c12=1500 step=0
4129.9332,MEAS ms=143650 seq=5681 src=1 c9=1012 c10=1021 c11=1012 c12=1500 step=0
4129.9332,MEAS ms=143659 seq=5682 src=1 c9=1012 c10=1021 c11=1012 c12=1500 step=0
4129.9332,MEAS ms=143704 seq=5683 src=1 c9=1012 c10=1021 c11=1012 c12=1500 step=0
4130.1131,MEAS ms=143749 seq=5684 src=1 c9=1012 c10=1021 c11=1012 c12=1500 step=0
4130.1132,MEAS ms=143794 seq=5685 src=1 c9=1012 c10=1021 c11=1012 c12=1500 step=0
4130.1132,MEAS ms=143839 seq=5686 src=1 c9=1012 c10=1021 c11=1012 c12=1500 step=0
4130.1132,MEAS ms=143884 seq=5687 src=1 c9=1012 c10=1021 c11=1012 c12=1500 step=0
4130.2482,MEAS ms=143929 seq=5688 src=1 c9=1010 c10=1021 c11=1010 c12=1500 step=0
4130.2482,MEAS ms=143974 seq=5689 src=1 c9=1012 c10=1021 c11=1012 c12=1499 step=0
4130.2482,MEAS ms=144019 seq=5690 src=1 c9=1012 c10=1021 c11=1012 c12=1500 step=0
4130.3659,MEAS ms=144064 seq=5691 src=1 c9=1012 c10=1021 c11=1012 c12=1500 step=0
4130.3659,MEAS ms=144109 seq=5692 src=1 c9=1012 c10=1021 c11=1012 c12=1500 step=0
4130.3659,MEAS ms=144154 seq=5693 src=1 c9=1012 c10=1021 c11=1012 c12=1500 step=0
4130.3659,MEAS ms=144174 seq=5694 src=1 c9=1012 c10=1021 c11=1012 c12=1500 step=0
4130.3933,MEAS ms=144182 seq=5695 src=1 c9=1012 c10=1021 c11=1012 c12=1500 step=0
4130.3934,MEAS ms=144191 seq=5696 src=1 c9=1012 c10=1021 c11=1012 c12=1500 step=0
4130.3934,MEAS ms=144200 seq=5697 src=1 c9=1012 c10=1021 c11=1012 c12=1500 step=0
4130.5729,MEAS ms=144209 seq=5698 src=1 c9=1012 c10=1021 c11=1012 c12=1500 step=0
4130.5730,MEAS ms=144254 seq=5699 src=1 c9=1012 c10=1021 c11=1012 c12=1500 step=0
4130.5730,MEAS ms=144299 seq=5700 src=1 c9=1012 c10=1021 c11=1012 c12=1500 step=0
4130.5730,MEAS ms=144344 seq=5701 src=1 c9=1012 c10=1021 c11=1012 c12=1500 step=0
4130.7082,MEAS ms=144389 seq=5702 src=1 c9=1012 c10=1031 c11=1012 c12=1500 step=0
4130.7082,MEAS ms=144434 seq=5703 src=1 c9=1012 c10=1031 c11=1012 c12=1500 step=0
4130.7082,MEAS ms=144479 seq=5704 src=1 c9=1012 c10=1031 c11=1012 c12=1500 step=0
4130.8881,MEAS ms=144524 seq=5705 src=1 c9=1012 c10=1031 c11=1012 c12=1500 step=0
4130.8881,MEAS ms=144569 seq=5706 src=1 c9=1012 c10=1031 c11=1012 c12=1500 step=0
4130.8881,MEAS ms=144614 seq=5707 src=1 c9=1012 c10=1031 c11=1012 c12=1500 step=0
4130.8881,MEAS ms=144659 seq=5708 src=1 c9=1012 c10=1031 c11=1012 c12=1500 step=0
4130.9249,MEAS ms=144704 seq=5709 src=1 c9=1012 c10=1031 c11=1012 c12=1500 step=0
4130.9249,MEAS ms=144724 seq=5710 src=1 c9=1012 c10=1031 c11=1012 c12=1500 step=0
4130.9249,MEAS ms=144732 seq=5711 src=1 c9=1012 c10=1031 c11=1012 c12=1500 step=0
4131.0330,MEAS ms=144741 seq=5712 src=1 c9=1012 c10=1031 c11=1012 c12=1500 step=0
4131.0331,MEAS ms=144750 seq=5713 src=1 c9=1012 c10=1031 c11=1012 c12=1500 step=0
4131.0331,MEAS ms=144759 seq=5714 src=1 c9=1012 c10=1031 c11=1012 c12=1500 step=0
4131.0331,MEAS ms=144804 seq=5715 src=1 c9=1012 c10=1031 c11=1012 c12=1500 step=0
4131.1681,MEAS ms=144849 seq=5716 src=1 c9=1012 c10=1031 c11=1012 c12=1500 step=0
4131.1681,MEAS ms=144894 seq=5717 src=1 c9=1012 c10=1031 c11=1010 c12=1500 step=0
4131.1682,MEAS ms=144939 seq=5718 src=1 c9=1012 c10=1031 c11=1012 c12=1499 step=0
4131.3480,MEAS ms=144984 seq=5719 src=1 c9=1012 c10=1031 c11=1012 c12=1500 step=0
4131.3481,MEAS ms=145029 seq=5720 src=1 c9=1012 c10=1031 c11=1012 c12=1500 step=0
4131.3481,MEAS ms=145074 seq=5721 src=1 c9=1012 c10=1031 c11=1012 c12=1500 step=0
4131.3481,MEAS ms=145119 seq=5722 src=1 c9=1012 c10=1031 c11=1012 c12=1500 step=0
4131.4580,MEAS ms=145164 seq=5723 src=1 c9=1012 c10=1031 c11=1012 c12=1500 step=0
4131.4580,MEAS ms=145209 seq=5724 src=1 c9=1012 c10=1031 c11=1012 c12=1500 step=0
4131.4581,MEAS ms=145254 seq=5725 src=1 c9=1012 c10=1031 c11=1012 c12=1500 step=0
4131.4933,MEAS ms=145274 seq=5726 src=1 c9=1012 c10=1031 c11=1012 c12=1500 step=0
4131.4933,MEAS ms=145282 seq=5727 src=1 c9=1012 c10=1031 c11=1012 c12=1500 step=0
4131.4934,MEAS ms=145291 seq=5728 src=1 c9=1012 c10=1031 c11=1012 c12=1500 step=0
4131.4934,MEAS ms=145300 seq=5729 src=1 c9=1012 c10=1031 c11=1012 c12=1500 step=0
4131.6281,MEAS ms=145309 seq=5730 src=1 c9=1012 c10=1031 c11=1012 c12=1500 step=0
4131.6281,MEAS ms=145354 seq=5731 src=1 c9=1012 c10=1031 c11=1012 c12=1500 step=0
4131.6281,MEAS ms=145399 seq=5732 src=1 c9=1012 c10=1041 c11=1012 c12=1500 step=0
4131.8079,MEAS ms=145444 seq=5733 src=1 c9=1012 c10=1041 c11=1012 c12=1500 step=0
4131.8080,MEAS ms=145489 seq=5734 src=1 c9=1012 c10=1041 c11=1012 c12=1500 step=0
4131.8080,MEAS ms=145534 seq=5735 src=1 c9=1012 c10=1041 c11=1012 c12=1500 step=0
4131.8080,MEAS ms=145579 seq=5736 src=1 c9=1012 c10=1041 c11=1012 c12=1500 step=0
4131.9430,MEAS ms=145624 seq=5737 src=1 c9=1012 c10=1041 c11=1012 c12=1500 step=0
4131.9431,MEAS ms=145669 seq=5738 src=1 c9=1012 c10=1041 c11=1012 c12=1500 step=0
4131.9431,MEAS ms=145714 seq=5739 src=1 c9=1012 c10=1041 c11=1012 c12=1500 step=0
4132.0250,MEAS ms=145759 seq=5740 src=1 c9=1012 c10=1041 c11=1012 c12=1500 step=0
4132.0250,MEAS ms=145804 seq=5741 src=1 c9=1012 c10=1041 c11=1012 c12=1500 step=0
4132.0250,MEAS ms=145824 seq=5742 src=1 c9=1012 c10=1039 c11=1012 c12=1500 step=0
4132.0250,MEAS ms=145832 seq=5743 src=1 c9=1012 c10=1039 c11=1012 c12=1500 step=0
4132.0880,MEAS ms=145841 seq=5744 src=1 c9=1012 c10=1039 c11=1012 c12=1500 step=0
4132.0881,MEAS ms=145850 seq=5745 src=1 c9=1012 c10=1041 c11=1010 c12=1500 step=0
4132.0881,MEAS ms=145859 seq=5746 src=1 c9=1012 c10=1041 c11=1010 c12=1500 step=0
4132.2682,MEAS ms=145904 seq=5747 src=1 c9=1012 c10=1041 c11=1012 c12=1499 step=0
4132.2682,MEAS ms=145949 seq=5748 src=1 c9=1012 c10=1041 c11=1012 c12=1500 step=0
4132.2682,MEAS ms=145994 seq=5749 src=1 c9=1012 c10=1041 c11=1012 c12=1500 step=0
4132.2682,MEAS ms=146039 seq=5750 src=1 c9=1012 c10=1041 c11=1012 c12=1500 step=0
4132.4031,MEAS ms=146084 seq=5751 src=1 c9=1012 c10=1041 c11=1012 c12=1500 step=0
4132.4032,MEAS ms=146129 seq=5752 src=1 c9=1012 c10=1041 c11=1012 c12=1500 step=0
4132.4032,MEAS ms=146174 seq=5753 src=1 c9=1012 c10=1041 c11=1012 c12=1500 step=0
4132.5580,MEAS ms=146219 seq=5754 src=1 c9=1012 c10=1041 c11=1012 c12=1500 step=0
4132.5580,MEAS ms=146264 seq=5755 src=1 c9=1012 c10=1041 c11=1012 c12=1500 step=0
4132.5580,MEAS ms=146309 seq=5756 src=1 c9=1012 c10=1041 c11=1012 c12=1500 step=0
4132.5581,MEAS ms=146354 seq=5757 src=1 c9=1012 c10=1041 c11=1012 c12=1500 step=0
4132.5839,MEAS ms=146374 seq=5758 src=1 c9=1012 c10=1041 c11=1012 c12=1500 step=0
4132.5840,MEAS ms=146382 seq=5759 src=1 c9=1012 c10=1051 c11=1012 c12=1500 step=0
4132.5840,MEAS ms=146391 seq=5760 src=1 c9=1012 c10=1051 c11=1012 c12=1500 step=0
4132.7279,MEAS ms=146400 seq=5761 src=1 c9=1012 c10=1051 c11=1012 c12=1500 step=0
4132.7280,MEAS ms=146409 seq=5762 src=1 c9=1012 c10=1051 c11=1012 c12=1500 step=0
4132.7280,MEAS ms=146454 seq=5763 src=1 c9=1012 c10=1051 c11=1012 c12=1500 step=0
4132.7280,MEAS ms=146499 seq=5764 src=1 c9=1012 c10=1051 c11=1012 c12=1500 step=0
4132.8630,MEAS ms=146544 seq=5765 src=1 c9=1012 c10=1051 c11=1012 c12=1500 step=0
4132.8631,MEAS ms=146589 seq=5766 src=1 c9=1012 c10=1051 c11=1012 c12=1500 step=0
4132.8631,MEAS ms=146634 seq=5767 src=1 c9=1012 c10=1051 c11=1012 c12=1500 step=0
4133.0430,MEAS ms=146679 seq=5768 src=1 c9=1012 c10=1051 c11=1012 c12=1500 step=0
4133.0431,MEAS ms=146724 seq=5769 src=1 c9=1012 c10=1051 c11=1012 c12=1500 step=0
4133.0431,MEAS ms=146769 seq=5770 src=1 c9=1012 c10=1049 c11=1012 c12=1500 step=0
4133.0431,MEAS ms=146814 seq=5771 src=1 c9=1012 c10=1051 c11=1010 c12=1500 step=0
4133.1159,MEAS ms=146859 seq=5772 src=1 c9=1012 c10=1051 c11=1012 c12=1499 step=0
4133.1160,MEAS ms=146904 seq=5773 src=1 c9=1012 c10=1051 c11=1012 c12=1500 step=0
4133.1160,MEAS ms=146924 seq=5774 src=1 c9=1012 c10=1051 c11=1012 c12=1500 step=0
4133.1880,MEAS ms=146932 seq=5775 src=1 c9=1012 c10=1051 c11=1012 c12=1500 step=0
4133.1880,MEAS ms=146941 seq=5776 src=1 c9=1012 c10=1051 c11=1012 c12=1500 step=0
4133.1881,MEAS ms=146950 seq=5777 src=1 c9=1012 c10=1051 c11=1012 c12=1500 step=0
4133.1881,MEAS ms=146959 seq=5778 src=1 c9=1012 c10=1051 c11=1012 c12=1500 step=0
4133.3229,MEAS ms=147004 seq=5779 src=1 c9=1012 c10=1051 c11=1012 c12=1500 step=0
4133.3229,MEAS ms=147049 seq=5780 src=1 c9=1012 c10=1051 c11=1012 c12=1500 step=0
4133.3229,MEAS ms=147094 seq=5781 src=1 c9=1012 c10=1051 c11=1012 c12=1500 step=0
4133.5031,MEAS ms=147139 seq=5782 src=1 c9=1012 c10=1051 c11=1012 c12=1500 step=0
4133.5032,MEAS ms=147184 seq=5783 src=1 c9=1012 c10=1051 c11=1012 c12=1500 step=0
4133.5032,MEAS ms=147229 seq=5784 src=1 c9=1012 c10=1051 c11=1012 c12=1500 step=0
4133.5032,MEAS ms=147274 seq=5785 src=1 c9=1012 c10=1051 c11=1012 c12=1500 step=0
4133.6381,MEAS ms=147319 seq=5786 src=1 c9=1012 c10=1051 c11=1012 c12=1500 step=0
4133.6382,MEAS ms=147364 seq=5787 src=1 c9=1012 c10=1051 c11=1012 c12=1500 step=0
4133.6382,MEAS ms=147409 seq=5788 src=1 c9=1012 c10=1061 c11=1012 c12=1500 step=0
4133.6841,MEAS ms=147454 seq=5789 src=1 c9=1012 c10=1061 c11=1012 c12=1500 step=0
4133.6842,MEAS ms=147474 seq=5790 src=1 c9=1012 c10=1061 c11=1012 c12=1500 step=0
4133.6842,MEAS ms=147482 seq=5791 src=1 c9=1012 c10=1061 c11=1012 c12=1500 step=0
4133.6842,MEAS ms=147491 seq=5792 src=1 c9=1012 c10=1061 c11=1012 c12=1500 step=0
4133.7832,MEAS ms=147500 seq=5793 src=1 c9=1012 c10=1061 c11=1012 c12=1500 step=0
4133.7832,MEAS ms=147509 seq=5794 src=1 c9=1012 c10=1061 c11=1012 c12=1500 step=0
4133.7832,MEAS ms=147554 seq=5795 src=1 c9=1012 c10=1061 c11=1012 c12=1500 step=0
4133.9631,MEAS ms=147599 seq=5796 src=1 c9=1012 c10=1061 c11=1012 c12=1500 step=0
4133.9631,MEAS ms=147644 seq=5797 src=1 c9=1012 c10=1061 c11=1012 c12=1500 step=0
4133.9631,MEAS ms=147689 seq=5798 src=1 c9=1012 c10=1061 c11=1012 c12=1500 step=0
4133.9631,MEAS ms=147734 seq=5799 src=1 c9=1012 c10=1059 c11=1012 c12=1500 step=0
4134.0978,MEAS ms=147779 seq=5800 src=1 c9=1012 c10=1061 c11=1010 c12=1500 step=0
4134.0978,MEAS ms=147824 seq=5801 src=1 c9=1012 c10=1061 c11=1012 c12=1499 step=0
4134.0979,MEAS ms=147869 seq=5802 src=1 c9=1012 c10=1061 c11=1012 c12=1500 step=0
4134.2160,MEAS ms=147914 seq=5803 src=1 c9=1012 c10=1061 c11=1012 c12=1500 step=0
4134.2161,MEAS ms=147959 seq=5804 src=1 c9=1012 c10=1061 c11=1012 c12=1500 step=0
4134.2161,MEAS ms=148004 seq=5805 src=1 c9=1012 c10=1061 c11=1012 c12=1500 step=0
4134.2161,MEAS ms=148024 seq=5806 src=1 c9=1012 c10=1061 c11=1012 c12=1500 step=0
4134.2434,MEAS ms=148032 seq=5807 src=1 c9=1012 c10=1061 c11=1012 c12=1500 step=0
4134.2434,MEAS ms=148041 seq=5808 src=1 c9=1012 c10=1061 c11=1012 c12=1500 step=0
4134.2435,MEAS ms=148050 seq=5809 src=1 c9=1012 c10=1061 c11=1012 c12=1500 step=0
4134.4229,MEAS ms=148059 seq=5810 src=1 c9=1012 c10=1061 c11=1012 c12=1500 step=0
4134.4229,MEAS ms=148104 seq=5811 src=1 c9=1012 c10=1061 c11=1012 c12=1500 step=0
4134.4229,MEAS ms=148149 seq=5812 src=1 c9=1012 c10=1061 c11=1012 c12=1500 step=0
4134.4229,MEAS ms=148194 seq=5813 src=1 c9=1012 c10=1061 c11=1012 c12=1500 step=0
4134.5581,MEAS ms=148239 seq=5814 src=1 c9=1012 c10=1061 c11=1012 c12=1500 step=0
4134.5581,MEAS ms=148284 seq=5815 src=1 c9=1012 c10=1061 c11=1012 c12=1500 step=0
4134.5581,MEAS ms=148329 seq=5816 src=1 c9=1012 c10=1061 c11=1012 c12=1500 step=0
4134.7381,MEAS ms=148374 seq=5817 src=1 c9=1012 c10=1061 c11=1012 c12=1500 step=0
4134.7382,MEAS ms=148419 seq=5818 src=1 c9=1012 c10=1070 c11=1012 c12=1500 step=0
4134.7382,MEAS ms=148464 seq=5819 src=1 c9=1012 c10=1070 c11=1012 c12=1500 step=0
4134.7382,MEAS ms=148509 seq=5820 src=1 c9=1012 c10=1070 c11=1012 c12=1500 step=0
4134.7748,MEAS ms=148554 seq=5821 src=1 c9=1012 c10=1070 c11=1012 c12=1500 step=0
4134.7749,MEAS ms=148574 seq=5822 src=1 c9=1012 c10=1070 c11=1012 c12=1500 step=0
4134.7749,MEAS ms=148582 seq=5823 src=1 c9=1012 c10=1070 c11=1012 c12=1500 step=0
4134.8832,MEAS ms=148591 seq=5824 src=1 c9=1012 c10=1070 c11=1012 c12=1500 step=0
4134.8833,MEAS ms=148600 seq=5825 src=1 c9=1012 c10=1070 c11=1012 c12=1500 step=0
4134.8833,MEAS ms=148609 seq=5826 src=1 c9=1012 c10=1070 c11=1012 c12=1500 step=0
4134.8833,MEAS ms=148654 seq=5827 src=1 c9=1012 c10=1070 c11=1012 c12=1500 step=0
4135.0181,MEAS ms=148699 seq=5828 src=1 c9=1012 c10=1068 c11=1012 c12=1500 step=0
4135.0181,MEAS ms=148744 seq=5829 src=1 c9=1012 c10=1070 c11=1010 c12=1500 step=0
4135.0181,MEAS ms=148789 seq=5830 src=1 c9=1012 c10=1070 c11=1012 c12=1499 step=0
4135.1982,MEAS ms=148834 seq=5831 src=1 c9=1012 c10=1070 c11=1012 c12=1500 step=0
4135.1983,MEAS ms=148879 seq=5832 src=1 c9=1012 c10=1070 c11=1012 c12=1500 step=0
4135.1983,MEAS ms=148924 seq=5833 src=1 c9=1012 c10=1070 c11=1012 c12=1500 step=0
4135.1983,MEAS ms=148969 seq=5834 src=1 c9=1012 c10=1070 c11=1012 c12=1500 step=0
4135.3080,MEAS ms=149014 seq=5835 src=1 c9=1012 c10=1070 c11=1012 c12=1500 step=0
4135.3081,MEAS ms=149059 seq=5836 src=1 c9=1012 c10=1070 c11=1012 c12=1500 step=0
4135.3081,MEAS ms=149104 seq=5837 src=1 c9=1012 c10=1070 c11=1012 c12=1500 step=0
4135.3431,MEAS ms=149124 seq=5838 src=1 c9=1012 c10=1070 c11=1012 c12=1500 step=0
4135.3431,MEAS ms=149132 seq=5839 src=1 c9=1012 c10=1070 c11=1012 c12=1500 step=0
4135.3431,MEAS ms=149141 seq=5840 src=1 c9=1012 c10=1070 c11=1012 c12=1500 step=0
4135.3431,MEAS ms=149150 seq=5841 src=1 c9=1012 c10=1070 c11=1012 c12=1500 step=0
4135.4780,MEAS ms=149159 seq=5842 src=1 c9=1012 c10=1070 c11=1012 c12=1500 step=0
4135.4780,MEAS ms=149204 seq=5843 src=1 c9=1012 c10=1070 c11=1012 c12=1500 step=0
4135.4781,MEAS ms=149249 seq=5844 src=1 c9=1012 c10=1070 c11=1012 c12=1500 step=0
4135.4781,MEAS ms=149294 seq=5845 src=1 c9=1012 c10=1070 c11=1012 c12=1500 step=0
4135.6580,MEAS ms=149339 seq=5846 src=1 c9=1012 c10=1070 c11=1012 c12=1500 step=0
4135.6581,MEAS ms=149384 seq=5847 src=1 c9=1012 c10=1070 c11=1012 c12=1500 step=0
4135.6581,MEAS ms=149429 seq=5848 src=1 c9=1012 c10=1080 c11=1012 c12=1500 step=0
4135.8382,MEAS ms=149474 seq=5849 src=1 c9=1012 c10=1080 c11=1012 c12=1500 step=0
4135.8382,MEAS ms=149519 seq=5850 src=1 c9=1012 c10=1080 c11=1012 c12=1500 step=0
4135.8382,MEAS ms=149564 seq=5851 src=1 c9=1012 c10=1080 c11=1012 c12=1500 step=0
4135.8382,MEAS ms=149609 seq=5852 src=1 c9=1012 c10=1080 c11=1012 c12=1500 step=0
4135.8750,MEAS ms=149654 seq=5853 src=1 c9=1012 c10=1078 c11=1012 c12=1500 step=0
4135.8751,MEAS ms=149674 seq=5854 src=1 c9=1012 c10=1078 c11=1012 c12=1500 step=0
4135.8751,MEAS ms=149682 seq=5855 src=1 c9=1012 c10=1080 c11=1010 c12=1500 step=0
4135.9831,MEAS ms=149691 seq=5856 src=1 c9=1012 c10=1080 c11=1010 c12=1500 step=0
4135.9831,MEAS ms=149700 seq=5857 src=1 c9=1012 c10=1080 c11=1010 c12=1500 step=0
4135.9831,MEAS ms=149709 seq=5858 src=1 c9=1012 c10=1080 c11=1010 c12=1500 step=0
4135.9832,MEAS ms=149754 seq=5859 src=1 c9=1012 c10=1080 c11=1012 c12=1500 step=0
4136.1181,MEAS ms=149799 seq=5860 src=1 c9=1012 c10=1080 c11=1012 c12=1500 step=0
4136.1181,MEAS ms=149844 seq=5861 src=1 c9=1012 c10=1080 c11=1012 c12=1500 step=0
4136.1182,MEAS ms=149889 seq=5862 src=1 c9=1012 c10=1080 c11=1012 c12=1500 step=0
4136.2980,MEAS ms=149934 seq=5863 src=1 c9=1012 c10=1080 c11=1012 c12=1500 step=0
4136.2980,MEAS ms=149979 seq=5864 src=1 c9=1012 c10=1080 c11=1012 c12=1500 step=0
4136.2980,MEAS ms=150024 seq=5865 src=1 c9=1012 c10=1080 c11=1012 c12=1500 step=0
4136.2980,MEAS ms=150069 seq=5866 src=1 c9=1012 c10=1080 c11=1012 c12=1500 step=0
4136.4079,MEAS ms=150114 seq=5867 src=1 c9=1012 c10=1080 c11=1012 c12=1500 step=0
4136.4080,MEAS ms=150159 seq=5868 src=1 c9=1012 c10=1080 c11=1012 c12=1500 step=0
4136.4080,MEAS ms=150204 seq=5869 src=1 c9=1012 c10=1080 c11=1012 c12=1500 step=0
4136.4432,MEAS ms=150224 seq=5870 src=1 c9=1012 c10=1080 c11=1012 c12=1500 step=0
4136.4432,MEAS ms=150232 seq=5871 src=1 c9=1012 c10=1080 c11=1012 c12=1500 step=0
4136.4432,MEAS ms=150241 seq=5872 src=1 c9=1012 c10=1080 c11=1012 c12=1500 step=0
4136.4432,MEAS ms=150250 seq=5873 src=1 c9=1012 c10=1080 c11=1012 c12=1500 step=0
4136.5780,MEAS ms=150259 seq=5874 src=1 c9=1012 c10=1080 c11=1012 c12=1500 step=0
4136.5781,MEAS ms=150304 seq=5875 src=1 c9=1012 c10=1080 c11=1012 c12=1500 step=0
4136.5781,MEAS ms=150349 seq=5876 src=1 c9=1012 c10=1080 c11=1012 c12=1500 step=0
4136.7579,MEAS ms=150394 seq=5877 src=1 c9=1012 c10=1090 c11=1012 c12=1500 step=0
4136.7579,MEAS ms=150439 seq=5878 src=1 c9=1012 c10=1090 c11=1012 c12=1500 step=0
4136.7580,MEAS ms=150484 seq=5879 src=1 c9=1012 c10=1090 c11=1012 c12=1500 step=0
4136.7580,MEAS ms=150529 seq=5880 src=1 c9=1012 c10=1090 c11=1012 c12=1500 step=0
4136.8931,MEAS ms=150574 seq=5881 src=1 c9=1012 c10=1090 c11=1012 c12=1500 step=0
4136.8932,MEAS ms=150619 seq=5882 src=1 c9=1010 c10=1090 c11=1012 c12=1500 step=0
4136.8932,MEAS ms=150664 seq=5883 src=1 c9=1012 c10=1090 c11=1010 c12=1500 step=0
4136.9749,MEAS ms=150709 seq=5884 src=1 c9=1012 c10=1090 c11=1012 c12=1500 step=0
4136.9749,MEAS ms=150754 seq=5885 src=1 c9=1012 c10=1090 c11=1012 c12=1500 step=0
4136.9750,MEAS ms=150774 seq=5886 src=1 c9=1012 c10=1090 c11=1012 c12=1500 step=0
4136.9750,MEAS ms=150782 seq=5887 src=1 c9=1012 c10=1090 c11=1012 c12=1500 step=0
4137.0380,MEAS ms=150791 seq=5888 src=1 c9=1012 c10=1090 c11=1012 c12=1500 step=0
4137.0381,MEAS ms=150800 seq=5889 src=1 c9=1012 c10=1090 c11=1012 c12=1500 step=0
4137.0381,MEAS ms=150809 seq=5890 src=1 c9=1012 c10=1090 c11=1012 c12=1500 step=0
4137.2181,MEAS ms=150854 seq=5891 src=1 c9=1012 c10=1090 c11=1012 c12=1500 step=0
4137.2181,MEAS ms=150899 seq=5892 src=1 c9=1012 c10=1090 c11=1012 c12=1500 step=0
4137.2181,MEAS ms=150944 seq=5893 src=1 c9=1012 c10=1090 c11=1012 c12=1500 step=0
4137.2182,MEAS ms=150989 seq=5894 src=1 c9=1012 c10=1090 c11=1012 c12=1500 step=0
4137.3529,MEAS ms=151034 seq=5895 src=1 c9=1012 c10=1090 c11=1012 c12=1500 step=0
4137.3530,MEAS ms=151079 seq=5896 src=1 c9=1012 c10=1090 c11=1012 c12=1500 step=0
4137.3530,MEAS ms=151124 seq=5897 src=1 c9=1012 c10=1090 c11=1012 c12=1500 step=0
4137.5079,MEAS ms=151169 seq=5898 src=1 c9=1012 c10=1090 c11=1012 c12=1500 step=0
4137.5079,MEAS ms=151214 seq=5899 src=1 c9=1012 c10=1090 c11=1012 c12=1500 step=0
4137.5080,MEAS ms=151259 seq=5900 src=1 c9=1012 c10=1090 c11=1012 c12=1500 step=0
4137.5080,MEAS ms=151304 seq=5901 src=1 c9=1012 c10=1090 c11=1012 c12=1500 step=0
4137.5338,MEAS ms=151324 seq=5902 src=1 c9=1012 c10=1090 c11=1012 c12=1500 step=0
4137.5339,MEAS ms=151332 seq=5903 src=1 c9=1012 c10=1090 c11=1012 c12=1500 step=0
4137.5339,MEAS ms=151341 seq=5904 src=1 c9=1012 c10=1090 c11=1012 c12=1500 step=0
4137.6781,MEAS ms=151350 seq=5905 src=1 c9=1012 c10=1090 c11=1012 c12=1500 step=0
4137.6781,MEAS ms=151359 seq=5906 src=1 c9=1012 c10=1090 c11=1012 c12=1500 step=0
4137.6781,MEAS ms=151404 seq=5907 src=1 c9=1012 c10=1100 c11=1012 c12=1500 step=0
4137.6781,MEAS ms=151449 seq=5908 src=1 c9=1012 c10=1100 c11=1012 c12=1500 step=0
4137.8131,MEAS ms=151494 seq=5909 src=1 c9=1012 c10=1100 c11=1012 c12=1500 step=0
4137.8132,MEAS ms=151539 seq=5910 src=1 c9=1012 c10=1100 c11=1012 c12=1500 step=0
4137.8132,MEAS ms=151584 seq=5911 src=1 c9=1010 c10=1100 c11=1012 c12=1500 step=0
4137.9929,MEAS ms=151629 seq=5912 src=1 c9=1012 c10=1100 c11=1010 c12=1500 step=0
4137.9930,MEAS ms=151674 seq=5913 src=1 c9=1012 c10=1100 c11=1012 c12=1499 step=0
4137.9930,MEAS ms=151719 seq=5914 src=1 c9=1012 c10=1100 c11=1012 c12=1500 step=0
4137.9930,MEAS ms=151764 seq=5915 src=1 c9=1012 c10=1100 c11=1012 c12=1500 step=0
4138.0659,MEAS ms=151809 seq=5916 src=1 c9=1012 c10=1100 c11=1012 c12=1500 step=0
4138.0660,MEAS ms=151854 seq=5917 src=1 c9=1012 c10=1100 c11=1012 c12=1500 step=0
4138.0660,MEAS ms=151874 seq=5918 src=1 c9=1012 c10=1100 c11=1012 c12=1500 step=0
4138.1381,MEAS ms=151882 seq=5919 src=1 c9=1012 c10=1100 c11=1012 c12=1500 step=0
4138.1381,MEAS ms=151891 seq=5920 src=1 c9=1012 c10=1100 c11=1012 c12=1500 step=0
4138.1381,MEAS ms=151900 seq=5921 src=1 c9=1012 c10=1100 c11=1012 c12=1500 step=0
4138.1382,MEAS ms=151909 seq=5922 src=1 c9=1012 c10=1100 c11=1012 c12=1500 step=0
4138.2731,MEAS ms=151954 seq=5923 src=1 c9=1012 c10=1100 c11=1012 c12=1500 step=0
4138.2731,MEAS ms=151999 seq=5924 src=1 c9=1012 c10=1100 c11=1012 c12=1500 step=0
4138.2731,MEAS ms=152044 seq=5925 src=1 c9=1012 c10=1100 c11=1012 c12=1500 step=0
4138.4529,MEAS ms=152089 seq=5926 src=1 c9=1012 c10=1100 c11=1012 c12=1500 step=0
4138.4529,MEAS ms=152134 seq=5927 src=1 c9=1012 c10=1100 c11=1012 c12=1500 step=0
4138.4529,MEAS ms=152179 seq=5928 src=1 c9=1012 c10=1100 c11=1012 c12=1500 step=0
4138.4529,MEAS ms=152224 seq=5929 src=1 c9=1012 c10=1100 c11=1012 c12=1500 step=0
4138.5879,MEAS ms=152269 seq=5930 src=1 c9=1012 c10=1100 c11=1012 c12=1500 step=0
4138.5879,MEAS ms=152314 seq=5931 src=1 c9=1012 c10=1100 c11=1012 c12=1500 step=0
4138.5879,MEAS ms=152359 seq=5932 src=1 c9=1012 c10=1100 c11=1012 c12=1500 step=0
4138.6339,MEAS ms=152404 seq=5933 src=1 c9=1012 c10=1100 c11=1012 c12=1500 step=0
4138.6339,MEAS ms=152424 seq=5934 src=1 c9=1012 c10=1109 c11=1012 c12=1500 step=0
4138.6339,MEAS ms=152432 seq=5935 src=1 c9=1012 c10=1109 c11=1012 c12=1500 step=0
4138.6340,MEAS ms=152441 seq=5936 src=1 c9=1012 c10=1109 c11=1012 c12=1500 step=0
4138.7329,MEAS ms=152450 seq=5937 src=1 c9=1012 c10=1109 c11=1012 c12=1500 step=0
4138.7329,MEAS ms=152459 seq=5938 src=1 c9=1012 c10=1109 c11=1012 c12=1500 step=0
4138.7330,MEAS ms=152504 seq=5939 src=1 c9=1012 c10=1109 c11=1012 c12=1500 step=0
4138.9132,MEAS ms=152549 seq=5940 src=1 c9=1010 c10=1109 c11=1012 c12=1500 step=0
4138.9133,MEAS ms=152594 seq=5941 src=1 c9=1012 c10=1109 c11=1012 c12=1500 step=0
4138.9133,MEAS ms=152639 seq=5942 src=1 c9=1012 c10=1109 c11=1012 c12=1499 step=0
4138.9133,MEAS ms=152684 seq=5943 src=1 c9=1012 c10=1109 c11=1012 c12=1500 step=0
4139.0479,MEAS ms=152729 seq=5944 src=1 c9=1012 c10=1109 c11=1012 c12=1500 step=0
4139.0480,MEAS ms=152774 seq=5945 src=1 c9=1012 c10=1109 c11=1012 c12=1500 step=0
4139.0480,MEAS ms=152819 seq=5946 src=1 c9=1012 c10=1109 c11=1012 c12=1500 step=0
4139.1659,MEAS ms=152864 seq=5947 src=1 c9=1012 c10=1109 c11=1012 c12=1500 step=0
4139.1659,MEAS ms=152909 seq=5948 src=1 c9=1012 c10=1109 c11=1012 c12=1500 step=0
4139.1659,MEAS ms=152954 seq=5949 src=1 c9=1012 c10=1109 c11=1012 c12=1500 step=0
4139.1659,MEAS ms=152974 seq=5950 src=1 c9=1012 c10=1109 c11=1012 c12=1500 step=0
4139.1931,MEAS ms=152982 seq=5951 src=1 c9=1012 c10=1109 c11=1012 c12=1500 step=0
4139.1932,MEAS ms=152991 seq=5952 src=1 c9=1012 c10=1109 c11=1012 c12=1500 step=0
4139.1932,MEAS ms=153000 seq=5953 src=1 c9=1012 c10=1109 c11=1012 c12=1500 step=0
4139.3730,MEAS ms=153009 seq=5954 src=1 c9=1012 c10=1109 c11=1012 c12=1500 step=0
4139.3731,MEAS ms=153054 seq=5955 src=1 c9=1012 c10=1109 c11=1012 c12=1500 step=0
4139.3731,MEAS ms=153099 seq=5956 src=1 c9=1012 c10=1109 c11=1012 c12=1500 step=0
4139.3731,MEAS ms=153144 seq=5957 src=1 c9=1012 c10=1109 c11=1012 c12=1500 step=0
4139.5079,MEAS ms=153189 seq=5958 src=1 c9=1012 c10=1109 c11=1012 c12=1500 step=0
4139.5080,MEAS ms=153234 seq=5959 src=1 c9=1012 c10=1109 c11=1012 c12=1500 step=0
4139.5080,MEAS ms=153279 seq=5960 src=1 c9=1012 c10=1109 c11=1012 c12=1500 step=0
4139.6879,MEAS ms=153324 seq=5961 src=1 c9=1012 c10=1109 c11=1012 c12=1500 step=0
4139.6880,MEAS ms=153369 seq=5962 src=1 c9=1012 c10=1109 c11=1012 c12=1500 step=0
4139.6880,MEAS ms=153414 seq=5963 src=1 c9=1012 c10=1119 c11=1012 c12=1500 step=0
4139.6880,MEAS ms=153459 seq=5964 src=1 c9=1012 c10=1119 c11=1012 c12=1500 step=0
4139.7249,MEAS ms=153504 seq=5965 src=1 c9=1010 c10=1119 c11=1012 c12=1500 step=0
4139.7249,MEAS ms=153524 seq=5966 src=1 c9=1012 c10=1117 c11=1012 c12=1500 step=0
4139.7249,MEAS ms=153532 seq=5967 src=1 c9=1012 c10=1117 c11=1012 c12=1500 step=0
4139.8331,MEAS ms=153541 seq=5968 src=1 c9=1012 c10=1117 c11=1012 c12=1500 step=0
4139.8331,MEAS ms=153550 seq=5969 src=1 c9=1012 c10=1119 c11=1010 c12=1500 step=0
4139.8331,MEAS ms=153559 seq=5970 src=1 c9=1012 c10=1119 c11=1010 c12=1500 step=0
4139.8331,MEAS ms=153604 seq=5971 src=1 c9=1012 c10=1119 c11=1012 c12=1499 step=0
4139.9682,MEAS ms=153649 seq=5972 src=1 c9=1012 c10=1119 c11=1012 c12=1500 step=0
4139.9682,MEAS ms=153694 seq=5973 src=1 c9=1012 c10=1119 c11=1012 c12=1500 step=0
4139.9682,MEAS ms=153739 seq=5974 src=1 c9=1012 c10=1119 c11=1012 c12=1500 step=0
4140.1481,MEAS ms=153784 seq=5975 src=1 c9=1012 c10=1119 c11=1012 c12=1500 step=0
4140.1481,MEAS ms=153829 seq=5976 src=1 c9=1012 c10=1119 c11=1012 c12=1500 step=0
4140.1481,MEAS ms=153874 seq=5977 src=1 c9=1012 c10=1119 c11=1012 c12=1500 step=0
4140.1481,MEAS ms=153919 seq=5978 src=1 c9=1012 c10=1119 c11=1012 c12=1500 step=0
4140.2579,MEAS ms=153964 seq=5979 src=1 c9=1012 c10=1119 c11=1012 c12=1500 step=0
4140.2579,MEAS ms=154009 seq=5980 src=1 c9=1012 c10=1119 c11=1012 c12=1500 step=0
4140.2579,MEAS ms=154054 seq=5981 src=1 c9=1012 c10=1119 c11=1012 c12=1500 step=0
4140.2931,MEAS ms=154074 seq=5982 src=1 c9=1012 c10=1119 c11=1012 c12=1500 step=0
4140.2932,MEAS ms=154082 seq=5983 src=1 c9=1012 c10=1119 c11=1012 c12=1500 step=0
4140.2932,MEAS ms=154091 seq=5984 src=1 c9=1012 c10=1119 c11=1012 c12=1500 step=0
4140.2932,MEAS ms=154100 seq=5985 src=1 c9=1012 c10=1119 c11=1012 c12=1500 step=0
4140.4279,MEAS ms=154109 seq=5986 src=1 c9=1012 c10=1119 c11=1012 c12=1500 step=0
4140.4279,MEAS ms=154154 seq=5987 src=1 c9=1012 c10=1119 c11=1012 c12=1500 step=0
4140.4279,MEAS ms=154199 seq=5988 src=1 c9=1012 c10=1119 c11=1012 c12=1500 step=0
4140.6079,MEAS ms=154244 seq=5989 src=1 c9=1012 c10=1119 c11=1012 c12=1500 step=0
4140.6079,MEAS ms=154289 seq=5990 src=1 c9=1012 c10=1119 c11=1012 c12=1500 step=0
4140.6080,MEAS ms=154334 seq=5991 src=1 c9=1012 c10=1119 c11=1012 c12=1500 step=0
4140.6080,MEAS ms=154379 seq=5992 src=1 c9=1012 c10=1119 c11=1012 c12=1500 step=0
4140.7429,MEAS ms=154424 seq=5993 src=1 c9=1012 c10=1129 c11=1012 c12=1500 step=0
4140.7429,MEAS ms=154469 seq=5994 src=1 c9=1012 c10=1129 c11=1012 c12=1500 step=0
4140.7429,MEAS ms=154514 seq=5995 src=1 c9=1012 c10=1129 c11=1010 c12=1500 step=0
4140.8251,MEAS ms=154559 seq=5996 src=1 c9=1012 c10=1129 c11=1012 c12=1499 step=0
4140.8251,MEAS ms=154604 seq=5997 src=1 c9=1012 c10=1129 c11=1012 c12=1500 step=0
4140.8251,MEAS ms=154624 seq=5998 src=1 c9=1012 c10=1129 c11=1012 c12=1500 step=0
4140.8251,MEAS ms=154632 seq=5999 src=1 c9=1012 c10=1129 c11=1012 c12=1500 step=0
4140.8881,MEAS ms=154641 seq=6000 src=1 c9=1012 c10=1129 c11=1012 c12=1500 step=0
4140.8882,MEAS ms=154650 seq=6001 src=1 c9=1012 c10=1129 c11=1012 c12=1500 step=0
4140.8882,MEAS ms=154659 seq=6002 src=1 c9=1012 c10=1129 c11=1012 c12=1500 step=0
4141.0679,MEAS ms=154704 seq=6003 src=1 c9=1012 c10=1129 c11=1012 c12=1500 step=0
4141.0679,MEAS ms=154749 seq=6004 src=1 c9=1012 c10=1129 c11=1012 c12=1500 step=0
4141.0679,MEAS ms=154794 seq=6005 src=1 c9=1012 c10=1129 c11=1012 c12=1500 step=0
4141.0679,MEAS ms=154839 seq=6006 src=1 c9=1012 c10=1129 c11=1012 c12=1500 step=0
4141.2028,MEAS ms=154884 seq=6007 src=1 c9=1012 c10=1129 c11=1012 c12=1500 step=0
4141.2029,MEAS ms=154929 seq=6008 src=1 c9=1012 c10=1129 c11=1012 c12=1500 step=0
4141.2029,MEAS ms=154974 seq=6009 src=1 c9=1012 c10=1129 c11=1012 c12=1500 step=0
4141.3579,MEAS ms=155019 seq=6010 src=1 c9=1012 c10=1129 c11=1012 c12=1500 step=0
4141.3579,MEAS ms=155064 seq=6011 src=1 c9=1012 c10=1129 c11=1012 c12=1500 step=0
4141.3579,MEAS ms=155109 seq=6012 src=1 c9=1012 c10=1129 c11=1012 c12=1500 step=0
4141.3580,MEAS ms=155154 seq=6013 src=1 c9=1012 c10=1129 c11=1012 c12=1500 step=0
4141.3839,MEAS ms=155174 seq=6014 src=1 c9=1012 c10=1129 c11=1012 c12=1500 step=0
4141.3840,MEAS ms=155182 seq=6015 src=1 c9=1012 c10=1129 c11=1012 c12=1500 step=0
4141.3840,MEAS ms=155191 seq=6016 src=1 c9=1012 c10=1129 c11=1012 c12=1500 step=0
4141.5281,MEAS ms=155200 seq=6017 src=1 c9=1012 c10=1129 c11=1012 c12=1500 step=0
4141.5281,MEAS ms=155209 seq=6018 src=1 c9=1012 c10=1129 c11=1012 c12=1500 step=0
4141.5281,MEAS ms=155254 seq=6019 src=1 c9=1012 c10=1129 c11=1012 c12=1500 step=0
4141.5281,MEAS ms=155299 seq=6020 src=1 c9=1012 c10=1129 c11=1012 c12=1500 step=0
4141.6629,MEAS ms=155344 seq=6021 src=1 c9=1012 c10=1129 c11=1012 c12=1500 step=0
4141.6630,MEAS ms=155389 seq=6022 src=1 c9=1012 c10=1129 c11=1012 c12=1500 step=0
4141.6630,MEAS ms=155434 seq=6023 src=1 c9=1012 c10=1139 c11=1012 c12=1500 step=0
4141.8431,MEAS ms=155479 seq=6024 src=1 c9=1012 c10=1139 c11=1010 c12=1500 step=0
4141.8431,MEAS ms=155524 seq=6025 src=1 c9=1012 c10=1139 c11=1012 c12=1499 step=0
4141.8432,MEAS ms=155569 seq=6026 src=1 c9=1012 c10=1139 c11=1012 c12=1500 step=0
4141.8432,MEAS ms=155614 seq=6027 src=1 c9=1012 c10=1139 c11=1012 c12=1500 step=0
4141.9158,MEAS ms=155659 seq=6028 src=1 c9=1012 c10=1139 c11=1012 c12=1500 step=0
4141.9159,MEAS ms=155704 seq=6029 src=1 c9=1012 c10=1139 c11=1012 c12=1500 step=0
4141.9159,MEAS ms=155724 seq=6030 src=1 c9=1012 c10=1139 c11=1012 c12=1500 step=0
4141.9881,MEAS ms=155732 seq=6031 src=1 c9=1012 c10=1139 c11=1012 c12=1500 step=0
4141.9882,MEAS ms=155741 seq=6032 src=1 c9=1012 c10=1139 c11=1012 c12=1500 step=0
4141.9882,MEAS ms=155750 seq=6033 src=1 c9=1012 c10=1139 c11=1012 c12=1500 step=0
4141.9882,MEAS ms=155759 seq=6034 src=1 c9=1012 c10=1139 c11=1012 c12=1500 step=0
4142.1229,MEAS ms=155804 seq=6035 src=1 c9=1012 c10=1139 c11=1012 c12=1500 step=0
4142.1229,MEAS ms=155849 seq=6036 src=1 c9=1012 c10=1139 c11=1012 c12=1500 step=0
4142.1229,MEAS ms=155894 seq=6037 src=1 c9=1012 c10=1139 c11=1012 c12=1500 step=0
4142.3031,MEAS ms=155939 seq=6038 src=1 c9=1012 c10=1139 c11=1012 c12=1500 step=0
4142.3031,MEAS ms=155984 seq=6039 src=1 c9=1012 c10=1139 c11=1012 c12=1500 step=0
4142.3032,MEAS ms=156029 seq=6040 src=1 c9=1012 c10=1139 c11=1012 c12=1500 step=0
4142.3032,MEAS ms=156074 seq=6041 src=1 c9=1012 c10=1139 c11=1012 c12=1500 step=0
4142.4381,MEAS ms=156119 seq=6042 src=1 c9=1012 c10=1139 c11=1012 c12=1500 step=0
4142.4384,MEAS ms=156164 seq=6043 src=1 c9=1012 c10=1139 c11=1012 c12=1500 step=0
4142.4384,MEAS ms=156209 seq=6044 src=1 c9=1012 c10=1139 c11=1012 c12=1500 step=0
4142.4840,MEAS ms=156254 seq=6045 src=1 c9=1012 c10=1139 c11=1012 c12=1500 step=0
4142.4840,MEAS ms=156274 seq=6046 src=1 c9=1012 c10=1139 c11=1012 c12=1500 step=0
4142.4840,MEAS ms=156282 seq=6047 src=1 c9=1012 c10=1139 c11=1012 c12=1500 step=0
4142.4840,MEAS ms=156291 seq=6048 src=1 c9=1012 c10=1139 c11=1012 c12=1500 step=0
4142.5829,MEAS ms=156300 seq=6049 src=1 c9=1012 c10=1139 c11=1012 c12=1500 step=0
4142.5830,MEAS ms=156309 seq=6050 src=1 c9=1012 c10=1139 c11=1012 c12=1500 step=0
4142.5830,MEAS ms=156354 seq=6051 src=1 c9=1012 c10=1139 c11=1012 c12=1500 step=0
4142.7628,MEAS ms=156399 seq=6052 src=1 c9=1010 c10=1139 c11=1012 c12=1500 step=0
4142.7629,MEAS ms=156444 seq=6053 src=1 c9=1012 c10=1148 c11=1010 c12=1500 step=0
4142.7629,MEAS ms=156489 seq=6054 src=1 c9=1012 c10=1148 c11=1012 c12=1499 step=0
4142.7629,MEAS ms=156534 seq=6055 src=1 c9=1012 c10=1148 c11=1012 c12=1500 step=0
4142.8979,MEAS ms=156579 seq=6056 src=1 c9=1012 c10=1148 c11=1012 c12=1500 step=0
4142.8980,MEAS ms=156624 seq=6057 src=1 c9=1012 c10=1148 c11=1012 c12=1500 step=0
4142.8980,MEAS ms=156669 seq=6058 src=1 c9=1012 c10=1148 c11=1012 c12=1500 step=0
4143.0160,MEAS ms=156714 seq=6059 src=1 c9=1012 c10=1148 c11=1012 c12=1500 step=0
4143.0160,MEAS ms=156759 seq=6060 src=1 c9=1012 c10=1148 c11=1012 c12=1500 step=0
4143.0160,MEAS ms=156804 seq=6061 src=1 c9=1012 c10=1148 c11=1012 c12=1500 step=0
4143.0160,MEAS ms=156824 seq=6062 src=1 c9=1012 c10=1148 c11=1012 c12=1500 step=0
4143.0430,MEAS ms=156832 seq=6063 src=1 c9=1012 c10=1148 c11=1012 c12=1500 step=0
4143.0430,MEAS ms=156841 seq=6064 src=1 c9=1012 c10=1148 c11=1012 c12=1500 step=0
4143.0430,MEAS ms=156850 seq=6065 src=1 c9=1012 c10=1148 c11=1012 c12=1500 step=0
4143.2228,MEAS ms=156859 seq=6066 src=1 c9=1012 c10=1148 c11=1012 c12=1500 step=0
4143.2228,MEAS ms=156904 seq=6067 src=1 c9=1012 c10=1148 c11=1012 c12=1500 step=0
4143.2228,MEAS ms=156949 seq=6068 src=1 c9=1012 c10=1148 c11=1012 c12=1500 step=0
4143.2228,MEAS ms=156994 seq=6069 src=1 c9=1012 c10=1148 c11=1012 c12=1500 step=0
4143.3578,MEAS ms=157039 seq=6070 src=1 c9=1012 c10=1148 c11=1012 c12=1500 step=0
4143.3578,MEAS ms=157084 seq=6071 src=1 c9=1012 c10=1148 c11=1012 c12=1500 step=0
4143.3578,MEAS ms=157129 seq=6072 src=1 c9=1012 c10=1148 c11=1012 c12=1500 step=0
4143.5381,MEAS ms=157174 seq=6073 src=1 c9=1012 c10=1148 c11=1012 c12=1500 step=0
4143.5381,MEAS ms=157219 seq=6074 src=1 c9=1012 c10=1148 c11=1012 c12=1500 step=0
4143.5381,MEAS ms=157264 seq=6075 src=1 c9=1012 c10=1148 c11=1012 c12=1500 step=0
4143.5382,MEAS ms=157309 seq=6076 src=1 c9=1012 c10=1148 c11=1012 c12=1500 step=0
4143.5749,MEAS ms=157354 seq=6077 src=1 c9=1010 c10=1148 c11=1012 c12=1500 step=0
4143.5749,MEAS ms=157374 seq=6078 src=1 c9=1010 c10=1148 c11=1012 c12=1500 step=0
4143.5749,MEAS ms=157382 seq=6079 src=1 c9=1010 c10=1147 c11=1012 c12=1500 step=0
4143.6831,MEAS ms=157391 seq=6080 src=1 c9=1012 c10=1147 c11=1012 c12=1500 step=0
4143.6831,MEAS ms=157400 seq=6081 src=1 c9=1012 c10=1147 c11=1012 c12=1500 step=0
4143.6831,MEAS ms=157409 seq=6082 src=1 c9=1012 c10=1147 c11=1012 c12=1500 step=0
4143.6832,MEAS ms=157454 seq=6083 src=1 c9=1012 c10=1158 c11=1012 c12=1499 step=0
4143.8181,MEAS ms=157499 seq=6084 src=1 c9=1012 c10=1158 c11=1012 c12=1499 step=0
4143.8182,MEAS ms=157544 seq=6085 src=1 c9=1012 c10=1158 c11=1012 c12=1500 step=0
4143.8182,MEAS ms=157589 seq=6086 src=1 c9=1012 c10=1158 c11=1012 c12=1500 step=0
4143.9980,MEAS ms=157634 seq=6087 src=1 c9=1012 c10=1158 c11=1012 c12=1500 step=0
4143.9980,MEAS ms=157679 seq=6088 src=1 c9=1012 c10=1158 c11=1012 c12=1500 step=0
4143.9981,MEAS ms=157724 seq=6089 src=1 c9=1012 c10=1158 c11=1012 c12=1500 step=0
4143.9981,MEAS ms=157769 seq=6090 src=1 c9=1012 c10=1158 c11=1012 c12=1500 step=0
4144.1078,MEAS ms=157814 seq=6091 src=1 c9=1012 c10=1158 c11=1012 c12=1500 step=0
4144.1079,MEAS ms=157859 seq=6092 src=1 c9=1012 c10=1158 c11=1012 c12=1500 step=0
4144.1079,MEAS ms=157904 seq=6093 src=1 c9=1012 c10=1158 c11=1012 c12=1500 step=0
4144.1430,MEAS ms=157924 seq=6094 src=1 c9=1012 c10=1158 c11=1012 c12=1500 step=0
4144.1430,MEAS ms=157932 seq=6095 src=1 c9=1012 c10=1158 c11=1012 c12=1500 step=0
4144.1430,MEAS ms=157941 seq=6096 src=1 c9=1012 c10=1158 c11=1012 c12=1500 step=0
4144.1430,MEAS ms=157950 seq=6097 src=1 c9=1012 c10=1158 c11=1012 c12=1500 step=0
4144.2059,MEAS ms=157959 seq=6098 src=1 c9=1012 c10=1158 c11=1012 c12=1500 step=0
4144.2060,MEAS ms=157994 seq=6099 src=1 c9=1012 c10=1158 c11=1012 c12=1500 step=0
4144.2060,MEAS ms=158014 seq=6100 src=1 c9=1012 c10=1158 c11=1012 c12=1500 step=0
4144.2060,MEAS ms=158022 seq=6101 src=1 c9=1012 c10=1158 c11=1012 c12=1500 step=0
4144.2780,MEAS ms=158031 seq=6102 src=1 c9=1012 c10=1158 c11=1012 c12=1500 step=0
4144.2780,MEAS ms=158040 seq=6103 src=1 c9=1012 c10=1158 c11=1012 c12=1500 step=0
4144.2780,MEAS ms=158049 seq=6104 src=1 c9=1012 c10=1158 c11=1012 c12=1500 step=0
4144.4578,MEAS ms=158094 seq=6105 src=1 c9=1012 c10=1158 c11=1012 c12=1500 step=0
4144.4578,MEAS ms=158139 seq=6106 src=1 c9=1012 c10=1158 c11=1012 c12=1500 step=0
4144.4579,MEAS ms=158184 seq=6107 src=1 c9=1012 c10=1158 c11=1012 c12=1500 step=0
4144.4579,MEAS ms=158229 seq=6108 src=1 c9=1012 c10=1158 c11=1012 c12=1500 step=0
4144.5929,MEAS ms=158274 seq=6109 src=1 c9=1012 c10=1158 c11=1012 c12=1500 step=0
4144.5929,MEAS ms=158319 seq=6110 src=1 c9=1010 c10=1158 c11=1012 c12=1500 step=0
4144.5929,MEAS ms=158364 seq=6111 src=1 c9=1012 c10=1156 c11=1012 c12=1500 step=0
4144.7107,MEAS ms=158409 seq=6112 src=1 c9=1012 c10=1158 c11=1010 c12=1500 step=0
4144.7108,MEAS ms=158454 seq=6113 src=1 c9=1012 c10=1168 c11=1012 c12=1499 step=0
4144.7108,MEAS ms=158499 seq=6114 src=1 c9=1012 c10=1168 c11=1012 c12=1500 step=0
4144.7108,MEAS ms=158519 seq=6115 src=1 c9=1012 c10=1168 c11=1012 c12=1500 step=0
4144.7380,MEAS ms=158527 seq=6116 src=1 c9=1012 c10=1168 c11=1012 c12=1500 step=0
4144.7380,MEAS ms=158536 seq=6117 src=1 c9=1012 c10=1168 c11=1012 c12=1500 step=0
4144.7381,MEAS ms=158545 seq=6118 src=1 c9=1012 c10=1168 c11=1012 c12=1500 step=0
4144.9181,MEAS ms=158554 seq=6119 src=1 c9=1012 c10=1168 c11=1012 c12=1500 step=0
4144.9181,MEAS ms=158599 seq=6120 src=1 c9=1012 c10=1168 c11=1012 c12=1500 step=0
4144.9181,MEAS ms=158644 seq=6121 src=1 c9=1012 c10=1168 c11=1012 c12=1500 step=0
4144.9181,MEAS ms=158689 seq=6122 src=1 c9=1012 c10=1168 c11=1012 c12=1500 step=0
4145.0531,MEAS ms=158734 seq=6123 src=1 c9=1012 c10=1168 c11=1012 c12=1500 step=0
4145.0531,MEAS ms=158779 seq=6124 src=1 c9=1012 c10=1168 c11=1012 c12=1500 step=0
4145.0531,MEAS ms=158824 seq=6125 src=1 c9=1012 c10=1168 c11=1012 c12=1500 step=0
4145.2329,MEAS ms=158869 seq=6126 src=1 c9=1012 c10=1168 c11=1012 c12=1500 step=0
4145.2330,MEAS ms=158914 seq=6127 src=1 c9=1012 c10=1168 c11=1012 c12=1500 step=0
4145.2330,MEAS ms=158959 seq=6128 src=1 c9=1012 c10=1168 c11=1012 c12=1500 step=0
4145.2330,MEAS ms=159004 seq=6129 src=1 c9=1012 c10=1168 c11=1012 c12=1500 step=0
4145.2700,MEAS ms=159049 seq=6130 src=1 c9=1012 c10=1168 c11=1012 c12=1500 step=0
4145.2701,MEAS ms=159069 seq=6131 src=1 c9=1012 c10=1168 c11=1012 c12=1500 step=0
4145.2701,MEAS ms=159077 seq=6132 src=1 c9=1012 c10=1168 c11=1012 c12=1500 step=0
4145.3780,MEAS ms=159086 seq=6133 src=1 c9=1012 c10=1168 c11=1012 c12=1500 step=0
4145.3780,MEAS ms=159095 seq=6134 src=1 c9=1012 c10=1168 c11=1012 c12=1500 step=0
4145.3781,MEAS ms=159104 seq=6135 src=1 c9=1012 c10=1168 c11=1012 c12=1500 step=0
4145.3781,MEAS ms=159149 seq=6136 src=1 c9=1012 c10=1168 c11=1012 c12=1500 step=0
4145.5130,MEAS ms=159194 seq=6137 src=1 c9=1012 c10=1168 c11=1012 c12=1500 step=0
4145.5131,MEAS ms=159239 seq=6138 src=1 c9=1012 c10=1168 c11=1012 c12=1500 step=0
4145.5131,MEAS ms=159284 seq=6139 src=1 c9=1012 c10=1168 c11=1012 c12=1500 step=0
4145.6929,MEAS ms=159329 seq=6140 src=1 c9=1012 c10=1166 c11=1012 c12=1500 step=0
4145.6929,MEAS ms=159374 seq=6141 src=1 c9=1012 c10=1168 c11=1012 c12=1500 step=0
4145.6930,MEAS ms=159419 seq=6142 src=1 c9=1012 c10=1168 c11=1012 c12=1500 step=0
4145.6930,MEAS ms=159464 seq=6143 src=1 c9=1012 c10=1178 c11=1012 c12=1500 step=0
4145.8030,MEAS ms=159509 seq=6144 src=1 c9=1012 c10=1178 c11=1012 c12=1500 step=0
4145.8030,MEAS ms=159554 seq=6145 src=1 c9=1012 c10=1178 c11=1012 c12=1500 step=0
4145.8030,MEAS ms=159599 seq=6146 src=1 c9=1012 c10=1178 c11=1012 c12=1500 step=0
4145.8381,MEAS ms=159619 seq=6147 src=1 c9=1012 c10=1178 c11=1012 c12=1500 step=0
4145.8381,MEAS ms=159627 seq=6148 src=1 c9=1012 c10=1178 c11=1012 c12=1500 step=0
4145.8382,MEAS ms=159636 seq=6149 src=1 c9=1012 c10=1178 c11=1012 c12=1500 step=0
4145.8382,MEAS ms=159645 seq=6150 src=1 c9=1012 c10=1178 c11=1012 c12=1500 step=0
4145.9731,MEAS ms=159654 seq=6151 src=1 c9=1012 c10=1178 c11=1012 c12=1500 step=0
4145.9732,MEAS ms=159699 seq=6152 src=1 c9=1012 c10=1178 c11=1012 c12=1500 step=0
4145.9732,MEAS ms=159744 seq=6153 src=1 c9=1012 c10=1178 c11=1012 c12=1500 step=0
4146.1531,MEAS ms=159789 seq=6154 src=1 c9=1012 c10=1178 c11=1012 c12=1500 step=0
4146.1532,MEAS ms=159834 seq=6155 src=1 c9=1012 c10=1178 c11=1012 c12=1500 step=0
4146.1532,MEAS ms=159879 seq=6156 src=1 c9=1012 c10=1178 c11=1012 c12=1500 step=0
4146.1532,MEAS ms=159924 seq=6157 src=1 c9=1012 c10=1178 c11=1012 c12=1500 step=0
4146.2882,MEAS ms=159969 seq=6158 src=1 c9=1012 c10=1178 c11=1012 c12=1500 step=0
4146.2882,MEAS ms=160014 seq=6159 src=1 c9=1012 c10=1178 c11=1012 c12=1500 step=0
4146.2882,MEAS ms=160059 seq=6160 src=1 c9=1012 c10=1178 c11=1012 c12=1500 step=0
4146.3699,MEAS ms=160104 seq=6161 src=1 c9=1012 c10=1178 c11=1012 c12=1500 step=0
4146.3700,MEAS ms=160149 seq=6162 src=1 c9=1012 c10=1178 c11=1012 c12=1500 step=0
4146.3700,MEAS ms=160169 seq=6163 src=1 c9=1012 c10=1178 c11=1012 c12=1500 step=0
4146.3700,MEAS ms=160177 seq=6164 src=1 c9=1012 c10=1178 c11=1012 c12=1500 step=0
4146.4331,MEAS ms=160186 seq=6165 src=1 c9=1012 c10=1178 c11=1012 c12=1500 step=0
4146.4332,MEAS ms=160195 seq=6166 src=1 c9=1012 c10=1178 c11=1012 c12=1500 step=0
4146.4332,MEAS ms=160204 seq=6167 src=1 c9=1012 c10=1178 c11=1012 c12=1500 step=0
4146.6131,MEAS ms=160249 seq=6168 src=1 c9=1012 c10=1178 c11=1012 c12=1500 step=0
4146.6131,MEAS ms=160294 seq=6169 src=1 c9=1012 c10=1178 c11=1010 c12=1500 step=0
4146.6131,MEAS ms=160339 seq=6170 src=1 c9=1012 c10=1178 c11=1012 c12=1499 step=0
4146.6131,MEAS ms=160384 seq=6171 src=1 c9=1012 c10=1178 c11=1012 c12=1500 step=0
4146.7479,MEAS ms=160429 seq=6172 src=1 c9=1012 c10=1178 c11=1012 c12=1500 step=0
4146.7479,MEAS ms=160474 seq=6173 src=1 c9=1012 c10=1187 c11=1012 c12=1500 step=0
4146.7479,MEAS ms=160519 seq=6174 src=1 c9=1012 c10=1187 c11=1012 c12=1500 step=0
4146.9031,MEAS ms=160564 seq=6175 src=1 c9=1012 c10=1187 c11=1012 c12=1500 step=0
4146.9031,MEAS ms=160609 seq=6176 src=1 c9=1012 c10=1187 c11=1012 c12=1500 step=0
4146.9031,MEAS ms=160654 seq=6177 src=1 c9=1012 c10=1187 c11=1012 c12=1500 step=0
4146.9031,MEAS ms=160699 seq=6178 src=1 c9=1012 c10=1187 c11=1012 c12=1500 step=0
4146.9291,MEAS ms=160719 seq=6179 src=1 c9=1012 c10=1187 c11=1012 c12=1500 step=0
4146.9291,MEAS ms=160727 seq=6180 src=1 c9=1012 c10=1187 c11=1012 c12=1500 step=0
4146.9291,MEAS ms=160736 seq=6181 src=1 c9=1012 c10=1187 c11=1012 c12=1500 step=0
4147.0730,MEAS ms=160745 seq=6182 src=1 c9=1012 c10=1187 c11=1012 c12=1500 step=0
4147.0731,MEAS ms=160754 seq=6183 src=1 c9=1012 c10=1187 c11=1012 c12=1500 step=0
4147.0731,MEAS ms=160799 seq=6184 src=1 c9=1012 c10=1187 c11=1012 c12=1500 step=0
4147.0731,MEAS ms=160844 seq=6185 src=1 c9=1012 c10=1187 c11=1012 c12=1500 step=0
4147.2080,MEAS ms=160889 seq=6186 src=1 c9=1012 c10=1187 c11=1012 c12=1500 step=0
4147.2081,MEAS ms=160934 seq=6187 src=1 c9=1012 c10=1187 c11=1012 c12=1500 step=0
4147.2081,MEAS ms=160979 seq=6188 src=1 c9=1012 c10=1187 c11=1012 c12=1500 step=0
4147.3881,MEAS ms=161024 seq=6189 src=1 c9=1012 c10=1187 c11=1012 c12=1500 step=0
4147.3881,MEAS ms=161069 seq=6190 src=1 c9=1012 c10=1187 c11=1012 c12=1500 step=0
4147.3881,MEAS ms=161114 seq=6191 src=1 c9=1012 c10=1187 c11=1012 c12=1500 step=0
4147.3881,MEAS ms=161159 seq=6192 src=1 c9=1012 c10=1187 c11=1012 c12=1500 step=0
4147.4609,MEAS ms=161204 seq=6193 src=1 c9=1012 c10=1187 c11=1012 c12=1500 step=0
4147.4609,MEAS ms=161249 seq=6194 src=1 c9=1012 c10=1187 c11=1012 c12=1500 step=0
4147.4609,MEAS ms=161269 seq=6195 src=1 c9=1012 c10=1187 c11=1010 c12=1500 step=0
4147.5331,MEAS ms=161277 seq=6196 src=1 c9=1012 c10=1187 c11=1010 c12=1500 step=0
4147.5331,MEAS ms=161286 seq=6197 src=1 c9=1012 c10=1187 c11=1010 c12=1500 step=0
4147.5331,MEAS ms=161295 seq=6198 src=1 c9=1012 c10=1187 c11=1012 c12=1499 step=0
4147.5332,MEAS ms=161304 seq=6199 src=1 c9=1012 c10=1187 c11=1012 c12=1499 step=0
4147.6680,MEAS ms=161349 seq=6200 src=1 c9=1012 c10=1187 c11=1012 c12=1500 step=0
4147.6681,MEAS ms=161394 seq=6201 src=1 c9=1012 c10=1187 c11=1012 c12=1500 step=0
4147.6681,MEAS ms=161439 seq=6202 src=1 c9=1012 c10=1187 c11=1012 c12=1500 step=0
4147.8480,MEAS ms=161484 seq=6203 src=1 c9=1012 c10=1197 c11=1012 c12=1500 step=0
4147.8481,MEAS ms=161529 seq=6204 src=1 c9=1012 c10=1197 c11=1012 c12=1500 step=0
4147.8481,MEAS ms=161574 seq=6205 src=1 c9=1012 c10=1197 c11=1012 c12=1500 step=0
4147.8481,MEAS ms=161619 seq=6206 src=1 c9=1012 c10=1197 c11=1012 c12=1500 step=0
4147.9829,MEAS ms=161664 seq=6207 src=1 c9=1012 c10=1197 c11=1012 c12=1500 step=0
4147.9830,MEAS ms=161709 seq=6208 src=1 c9=1012 c10=1197 c11=1012 c12=1500 step=0
4147.9830,MEAS ms=161754 seq=6209 src=1 c9=1012 c10=1197 c11=1012 c12=1500 step=0
4148.0288,MEAS ms=161799 seq=6210 src=1 c9=1012 c10=1197 c11=1012 c12=1500 step=0
4148.0288,MEAS ms=161819 seq=6211 src=1 c9=1012 c10=1197 c11=1012 c12=1500 step=0
4148.0288,MEAS ms=161827 seq=6212 src=1 c9=1012 c10=1197 c11=1012 c12=1500 step=0
4148.0288,MEAS ms=161836 seq=6213 src=1 c9=1012 c10=1197 c11=1012 c12=1500 step=0
4148.1278,MEAS ms=161845 seq=6214 src=1 c9=1012 c10=1197 c11=1012 c12=1500 step=0
4148.1279,MEAS ms=161854 seq=6215 src=1 c9=1012 c10=1197 c11=1012 c12=1500 step=0
4148.1279,MEAS ms=161899 seq=6216 src=1 c9=1012 c10=1197 c11=1012 c12=1500 step=0
4148.3080,MEAS ms=161944 seq=6217 src=1 c9=1012 c10=1197 c11=1012 c12=1500 step=0
4148.3081,MEAS ms=161989 seq=6218 src=1 c9=1012 c10=1197 c11=1012 c12=1500 step=0
4148.3081,MEAS ms=162034 seq=6219 src=1 c9=1012 c10=1197 c11=1012 c12=1500 step=0
4148.3081,MEAS ms=162079 seq=6220 src=1 c9=1012 c10=1197 c11=1012 c12=1500 step=0
4148.4430,MEAS ms=162124 seq=6221 src=1 c9=1012 c10=1197 c11=1012 c12=1500 step=0
4148.4430,MEAS ms=162169 seq=6222 src=1 c9=1012 c10=1197 c11=1012 c12=1500 step=0
4148.4430,MEAS ms=162214 seq=6223 src=1 c9=1012 c10=1197 c11=1012 c12=1500 step=0
4148.5606,MEAS ms=162259 seq=6224 src=1 c9=1012 c10=1197 c11=1010 c12=1500 step=0
4148.5606,MEAS ms=162304 seq=6225 src=1 c9=1012 c10=1197 c11=1012 c12=1499 step=0
4148.5606,MEAS ms=162349 seq=6226 src=1 c9=1012 c10=1197 c11=1012 c12=1500 step=0
4148.5606,MEAS ms=162369 seq=6227 src=1 c9=1012 c10=1197 c11=1012 c12=1500 step=0
4148.5879,MEAS ms=162377 seq=6228 src=1 c9=1012 c10=1197 c11=1012 c12=1500 step=0
4148.5880,MEAS ms=162386 seq=6229 src=1 c9=1012 c10=1197 c11=1012 c12=1500 step=0
4148.5880,MEAS ms=162395 seq=6230 src=1 c9=1012 c10=1197 c11=1012 c12=1500 step=0
4148.7678,MEAS ms=162404 seq=6231 src=1 c9=1012 c10=1197 c11=1012 c12=1500 step=0
4148.7678,MEAS ms=162449 seq=6232 src=1 c9=1012 c10=1197 c11=1012 c12=1500 step=0
4148.7678,MEAS ms=162494 seq=6233 src=1 c9=1012 c10=1207 c11=1012 c12=1500 step=0
4148.7678,MEAS ms=162539 seq=6234 src=1 c9=1012 c10=1207 c11=1012 c12=1500 step=0
4148.9030,MEAS ms=162584 seq=6235 src=1 c9=1012 c10=1207 c11=1012 c12=1500 step=0
4148.9030,MEAS ms=162629 seq=6236 src=1 c9=1012 c10=1207 c11=1012 c12=1500 step=0
4148.9031,MEAS ms=162674 seq=6237 src=1 c9=1012 c10=1207 c11=1012 c12=1500 step=0
4149.0828,MEAS ms=162719 seq=6238 src=1 c9=1012 c10=1207 c11=1012 c12=1500 step=0
4149.0829,MEAS ms=162764 seq=6239 src=1 c9=1012 c10=1207 c11=1012 c12=1500 step=0
4149.0829,MEAS ms=162809 seq=6240 src=1 c9=1012 c10=1207 c11=1012 c12=1500 step=0
4149.0829,MEAS ms=162854 seq=6241 src=1 c9=1012 c10=1207 c11=1012 c12=1500 step=0
4149.1200,MEAS ms=162899 seq=6242 src=1 c9=1012 c10=1207 c11=1012 c12=1500 step=0
4149.1201,MEAS ms=162919 seq=6243 src=1 c9=1012 c10=1207 c11=1012 c12=1500 step=0
4149.1201,MEAS ms=162927 seq=6244 src=1 c9=1012 c10=1207 c11=1012 c12=1500 step=0
4149.2278,MEAS ms=162936 seq=6245 src=1 c9=1012 c10=1207 c11=1012 c12=1500 step=0
4149.2279,MEAS ms=162945 seq=6246 src=1 c9=1012 c10=1207 c11=1012 c12=1500 step=0
4149.2279,MEAS ms=162954 seq=6247 src=1 c9=1012 c10=1207 c11=1012 c12=1500 step=0
4149.2279,MEAS ms=162999 seq=6248 src=1 c9=1012 c10=1207 c11=1012 c12=1500 step=0
4149.3630,MEAS ms=163044 seq=6249 src=1 c9=1012 c10=1207 c11=1012 c12=1500 step=0
4149.3631,MEAS ms=163089 seq=6250 src=1 c9=1012 c10=1207 c11=1012 c12=1500 step=0
4149.3631,MEAS ms=163134 seq=6251 src=1 c9=1012 c10=1207 c11=1012 c12=1500 step=0
4149.5430,MEAS ms=163179 seq=6252 src=1 c9=1012 c10=1206 c11=1012 c12=1500 step=0
4149.5430,MEAS ms=163224 seq=6253 src=1 c9=1012 c10=1207 c11=1010 c12=1500 step=0
4149.5431,MEAS ms=163269 seq=6254 src=1 c9=1012 c10=1207 c11=1012 c12=1499 step=0
4149.5431,MEAS ms=163314 seq=6255 src=1 c9=1012 c10=1207 c11=1012 c12=1500 step=0
4149.6528,MEAS ms=163359 seq=6256 src=1 c9=1012 c10=1207 c11=1012 c12=1500 step=0
4149.6528,MEAS ms=163404 seq=6257 src=1 c9=1012 c10=1207 c11=1012 c12=1500 step=0
4149.6528,MEAS ms=163449 seq=6258 src=1 c9=1012 c10=1207 c11=1012 c12=1500 step=0
4149.6879,MEAS ms=163469 seq=6259 src=1 c9=1012 c10=1217 c11=1012 c12=1500 step=0
4149.6879,MEAS ms=163477 seq=6260 src=1 c9=1012 c10=1217 c11=1012 c12=1500 step=0
4149.6880,MEAS ms=163486 seq=6261 src=1 c9=1012 c10=1217 c11=1012 c12=1500 step=0
4149.6880,MEAS ms=163495 seq=6262 src=1 c9=1012 c10=1217 c11=1012 c12=1500 step=0
4149.8231,MEAS ms=163504 seq=6263 src=1 c9=1012 c10=1217 c11=1012 c12=1500 step=0
4149.8232,MEAS ms=163549 seq=6264 src=1 c9=1012 c10=1217 c11=1012 c12=1500 step=0
4149.8232,MEAS ms=163594 seq=6265 src=1 c9=1012 c10=1217 c11=1012 c12=1500 step=0
4150.0029,MEAS ms=163639 seq=6266 src=1 c9=1012 c10=1217 c11=1012 c12=1500 step=0
4150.0030,MEAS ms=163684 seq=6267 src=1 c9=1012 c10=1217 c11=1012 c12=1500 step=0
4150.0030,MEAS ms=163729 seq=6268 src=1 c9=1012 c10=1217 c11=1012 c12=1500 step=0
4150.0030,MEAS ms=163774 seq=6269 src=1 c9=1012 c10=1217 c11=1012 c12=1500 step=0
4150.1379,MEAS ms=163819 seq=6270 src=1 c9=1012 c10=1217 c11=1012 c12=1500 step=0
4150.1379,MEAS ms=163864 seq=6271 src=1 c9=1012 c10=1217 c11=1012 c12=1500 step=0
4150.1379,MEAS ms=163909 seq=6272 src=1 c9=1012 c10=1217 c11=1012 c12=1500 step=0
4150.2199,MEAS ms=163954 seq=6273 src=1 c9=1012 c10=1217 c11=1012 c12=1500 step=0
4150.2199,MEAS ms=163999 seq=6274 src=1 c9=1012 c10=1217 c11=1012 c12=1500 step=0
4150.2199,MEAS ms=164019 seq=6275 src=1 c9=1012 c10=1217 c11=1012 c12=1500 step=0
4150.2199,MEAS ms=164027 seq=6276 src=1 c9=1012 c10=1217 c11=1012 c12=1500 step=0
4150.2829,MEAS ms=164036 seq=6277 src=1 c9=1012 c10=1217 c11=1012 c12=1500 step=0
4150.2829,MEAS ms=164045 seq=6278 src=1 c9=1012 c10=1217 c11=1012 c12=1500 step=0
4150.2830,MEAS ms=164054 seq=6279 src=1 c9=1012 c10=1217 c11=1012 c12=1500 step=0
4150.4631,MEAS ms=164099 seq=6280 src=1 c9=1012 c10=1217 c11=1012 c12=1500 step=0
4150.4632,MEAS ms=164144 seq=6281 src=1 c9=1010 c10=1217 c11=1012 c12=1500 step=0
4150.4632,MEAS ms=164189 seq=6282 src=1 c9=1012 c10=1217 c11=1010 c12=1500 step=0
4150.4632,MEAS ms=164234 seq=6283 src=1 c9=1012 c10=1217 c11=1012 c12=1499 step=0
4150.5981,MEAS ms=164279 seq=6284 src=1 c9=1012 c10=1217 c11=1012 c12=1500 step=0
4150.5981,MEAS ms=164324 seq=6285 src=1 c9=1012 c10=1217 c11=1012 c12=1500 step=0
4150.5981,MEAS ms=164369 seq=6286 src=1 c9=1012 c10=1217 c11=1012 c12=1500 step=0
4150.7530,MEAS ms=164414 seq=6287 src=1 c9=1012 c10=1217 c11=1012 c12=1500 step=0
4150.7531,MEAS ms=164459 seq=6288 src=1 c9=1012 c10=1226 c11=1012 c12=1500 step=0
4150.7531,MEAS ms=164504 seq=6289 src=1 c9=1012 c10=1226 c11=1012 c12=1500 step=0
4150.7531,MEAS ms=164549 seq=6290 src=1 c9=1012 c10=1226 c11=1012 c12=1500 step=0
4150.7791,MEAS ms=164569 seq=6291 src=1 c9=1012 c10=1226 c11=1012 c12=1500 step=0
4150.7791,MEAS ms=164577 seq=6292 src=1 c9=1012 c10=1226 c11=1012 c12=1500 step=0
4150.7791,MEAS ms=164586 seq=6293 src=1 c9=1012 c10=1226 c11=1012 c12=1500 step=0
4150.9230,MEAS ms=164595 seq=6294 src=1 c9=1012 c10=1226 c11=1012 c12=1500 step=0
4150.9231,MEAS ms=164604 seq=6295 src=1 c9=1012 c10=1226 c11=1012 c12=1500 step=0
4150.9231,MEAS ms=164649 seq=6296 src=1 c9=1012 c10=1226 c11=1012 c12=1500 step=0
4150.9231,MEAS ms=164694 seq=6297 src=1 c9=1012 c10=1226 c11=1012 c12=1500 step=0
4151.0579,MEAS ms=164739 seq=6298 src=1 c9=1012 c10=1226 c11=1012 c12=1500 step=0
4151.0579,MEAS ms=164784 seq=6299 src=1 c9=1012 c10=1226 c11=1012 c12=1500 step=0
4151.0579,MEAS ms=164829 seq=6300 src=1 c9=1012 c10=1226 c11=1012 c12=1500 step=0
4151.2379,MEAS ms=164874 seq=6301 src=1 c9=1012 c10=1226 c11=1012 c12=1500 step=0
4151.2380,MEAS ms=164919 seq=6302 src=1 c9=1012 c10=1226 c11=1012 c12=1500 step=0
4151.2380,MEAS ms=164964 seq=6303 src=1 c9=1012 c10=1226 c11=1012 c12=1500 step=0
4151.2380,MEAS ms=165009 seq=6304 src=1 c9=1012 c10=1226 c11=1012 c12=1500 step=0
4151.3107,MEAS ms=165054 seq=6305 src=1 c9=1012 c10=1226 c11=1012 c12=1500 step=0
4151.3108,MEAS ms=165099 seq=6306 src=1 c9=1010 c10=1226 c11=1012 c12=1500 step=0
4151.3108,MEAS ms=165119 seq=6307 src=1 c9=1010 c10=1226 c11=1012 c12=1500 step=0
4151.3730,MEAS ms=165127 seq=6308 src=1 c9=1012 c10=1226 c11=1012 c12=1500 step=0
4151.3730,MEAS ms=165136 seq=6309 src=1 c9=1012 c10=1225 c11=1012 c12=1500 step=0
4151.3730,MEAS ms=165145 seq=6310 src=1 c9=1012 c10=1225 c11=1012 c12=1500 step=0
4151.3730,MEAS ms=165154 seq=6311 src=1 c9=1012 c10=1225 c11=1012 c12=1500 step=0
4151.4097,MEAS ms=165189 seq=6312 src=1 c9=1012 c10=1226 c11=1012 c12=1499 step=0
4151.4098,MEAS ms=165209 seq=6313 src=1 c9=1012 c10=1226 c11=1012 c12=1500 step=0
4151.4098,MEAS ms=165217 seq=6314 src=1 c9=1012 c10=1226 c11=1012 c12=1500 step=0
4151.5178,MEAS ms=165226 seq=6315 src=1 c9=1012 c10=1226 c11=1012 c12=1500 step=0
4151.5178,MEAS ms=165235 seq=6316 src=1 c9=1012 c10=1226 c11=1012 c12=1500 step=0
4151.5179,MEAS ms=165244 seq=6317 src=1 c9=1012 c10=1226 c11=1012 c12=1500 step=0
4151.5179,MEAS ms=165289 seq=6318 src=1 c9=1012 c10=1226 c11=1012 c12=1500 step=0
4151.6528,MEAS ms=165334 seq=6319 src=1 c9=1012 c10=1226 c11=1012 c12=1500 step=0
4151.6528,MEAS ms=165379 seq=6320 src=1 c9=1012 c10=1226 c11=1012 c12=1500 step=0
4151.6529,MEAS ms=165424 seq=6321 src=1 c9=1012 c10=1226 c11=1012 c12=1500 step=0
4151.8329,MEAS ms=165469 seq=6322 src=1 c9=1012 c10=1226 c11=1012 c12=1500 step=0
4151.8330,MEAS ms=165514 seq=6323 src=1 c9=1012 c10=1236 c11=1012 c12=1500 step=0
4151.8330,MEAS ms=165559 seq=6324 src=1 c9=1012 c10=1236 c11=1012 c12=1500 step=0
4151.8330,MEAS ms=165604 seq=6325 src=1 c9=1012 c10=1236 c11=1012 c12=1500 step=0
4151.9057,MEAS ms=165649 seq=6326 src=1 c9=1012 c10=1236 c11=1012 c12=1500 step=0
4151.9057,MEAS ms=165694 seq=6327 src=1 c9=1012 c10=1236 c11=1012 c12=1500 step=0
4151.9057,MEAS ms=165714 seq=6328 src=1 c9=1012 c10=1236 c11=1012 c12=1500 step=0
4151.9779,MEAS ms=165722 seq=6329 src=1 c9=1012 c10=1236 c11=1012 c12=1500 step=0
4151.9780,MEAS ms=165731 seq=6330 src=1 c9=1012 c10=1236 c11=1012 c12=1500 step=0
4151.9780,MEAS ms=165740 seq=6331 src=1 c9=1012 c10=1236 c11=1012 c12=1500 step=0
4151.9780,MEAS ms=165749 seq=6332 src=1 c9=1012 c10=1236 c11=1012 c12=1500 step=0
4152.1131,MEAS ms=165794 seq=6333 src=1 c9=1012 c10=1236 c11=1012 c12=1500 step=0
4152.1132,MEAS ms=165839 seq=6334 src=1 c9=1012 c10=1236 c11=1012 c12=1500 step=0
4152.1132,MEAS ms=165884 seq=6335 src=1 c9=1012 c10=1236 c11=1012 c12=1500 step=0
4152.2929,MEAS ms=165929 seq=6336 src=1 c9=1012 c10=1236 c11=1012 c12=1500 step=0
4152.2929,MEAS ms=165974 seq=6337 src=1 c9=1012 c10=1236 c11=1012 c12=1500 step=0
4152.2929,MEAS ms=166019 seq=6338 src=1 c9=1012 c10=1236 c11=1012 c12=1500 step=0
4152.2930,MEAS ms=166064 seq=6339 src=1 c9=1010 c10=1236 c11=1012 c12=1500 step=0
4152.4280,MEAS ms=166109 seq=6340 src=1 c9=1012 c10=1235 c11=1012 c12=1500 step=0
4152.4280,MEAS ms=166154 seq=6341 src=1 c9=1012 c10=1236 c11=1012 c12=1500 step=0
4152.4280,MEAS ms=166199 seq=6342 src=1 c9=1012 c10=1236 c11=1012 c12=1500 step=0
4152.4741,MEAS ms=166244 seq=6343 src=1 c9=1012 c10=1236 c11=1012 c12=1500 step=0
4152.4741,MEAS ms=166264 seq=6344 src=1 c9=1012 c10=1236 c11=1012 c12=1500 step=0
4152.4741,MEAS ms=166272 seq=6345 src=1 c9=1012 c10=1236 c11=1012 c12=1500 step=0
4152.4742,MEAS ms=166281 seq=6346 src=1 c9=1012 c10=1236 c11=1012 c12=1500 step=0
4152.5728,MEAS ms=166290 seq=6347 src=1 c9=1012 c10=1236 c11=1012 c12=1500 step=0
4152.5729,MEAS ms=166299 seq=6348 src=1 c9=1012 c10=1236 c11=1012 c12=1500 step=0
4152.5729,MEAS ms=166344 seq=6349 src=1 c9=1012 c10=1236 c11=1012 c12=1500 step=0
4152.7530,MEAS ms=166389 seq=6350 src=1 c9=1012 c10=1236 c11=1012 c12=1500 step=0
4152.7531,MEAS ms=166434 seq=6351 src=1 c9=1012 c10=1236 c11=1012 c12=1500 step=0
4152.7531,MEAS ms=166479 seq=6352 src=1 c9=1012 c10=1246 c11=1012 c12=1500 step=0
4152.7531,MEAS ms=166524 seq=6353 src=1 c9=1012 c10=1246 c11=1012 c12=1500 step=0
4152.8881,MEAS ms=166569 seq=6354 src=1 c9=1012 c10=1246 c11=1012 c12=1500 step=0
4152.8881,MEAS ms=166614 seq=6355 src=1 c9=1012 c10=1246 c11=1012 c12=1500 step=0
4152.8881,MEAS ms=166659 seq=6356 src=1 c9=1012 c10=1246 c11=1012 c12=1500 step=0
4152.8881,MEAS ms=166704 seq=6357 src=1 c9=1012 c10=1246 c11=1012 c12=1500 step=0
4152.9698,MEAS ms=166749 seq=6358 src=1 c9=1012 c10=1246 c11=1012 c12=1500 step=0
4152.9699,MEAS ms=166769 seq=6359 src=1 c9=1012 c10=1246 c11=1012 c12=1500 step=0
4152.9699,MEAS ms=166777 seq=6360 src=1 c9=1012 c10=1246 c11=1012 c12=1500 step=0
4153.0778,MEAS ms=166786 seq=6361 src=1 c9=1012 c10=1246 c11=1012 c12=1500 step=0
4153.0779,MEAS ms=166795 seq=6362 src=1 c9=1012 c10=1246 c11=1012 c12=1500 step=0
4153.0779,MEAS ms=166804 seq=6363 src=1 c9=1012 c10=1246 c11=1012 c12=1500 step=0
4153.0779,MEAS ms=166849 seq=6364 src=1 c9=1012 c10=1246 c11=1012 c12=1500 step=0
4153.2129,MEAS ms=166894 seq=6365 src=1 c9=1012 c10=1246 c11=1012 c12=1500 step=0
4153.2130,MEAS ms=166939 seq=6366 src=1 c9=1012 c10=1246 c11=1012 c12=1500 step=0
4153.2130,MEAS ms=166984 seq=6367 src=1 c9=1012 c10=1246 c11=1012 c12=1500 step=0
4153.3927,MEAS ms=167029 seq=6368 src=1 c9=1010 c10=1246 c11=1012 c12=1500 step=0
4153.3928,MEAS ms=167074 seq=6369 src=1 c9=1012 c10=1245 c11=1012 c12=1500 step=0
4153.3928,MEAS ms=167119 seq=6370 src=1 c9=1012 c10=1246 c11=1012 c12=1499 step=0
4153.3928,MEAS ms=167164 seq=6371 src=1 c9=1012 c10=1246 c11=1012 c12=1500 step=0
4153.5279,MEAS ms=167209 seq=6372 src=1 c9=1012 c10=1246 c11=1012 c12=1500 step=0
4153.5279,MEAS ms=167254 seq=6373 src=1 c9=1012 c10=1246 c11=1012 c12=1500 step=0
4153.5279,MEAS ms=167299 seq=6374 src=1 c9=1012 c10=1246 c11=1012 c12=1500 step=0
4153.5740,MEAS ms=167344 seq=6375 src=1 c9=1012 c10=1246 c11=1012 c12=1500 step=0
4153.5740,MEAS ms=167364 seq=6376 src=1 c9=1012 c10=1246 c11=1012 c12=1500 step=0
4153.5740,MEAS ms=167372 seq=6377 src=1 c9=1012 c10=1246 c11=1012 c12=1500 step=0
4153.5741,MEAS ms=167381 seq=6378 src=1 c9=1012 c10=1246 c11=1012 c12=1500 step=0
4153.6727,MEAS ms=167390 seq=6379 src=1 c9=1012 c10=1246 c11=1012 c12=1500 step=0
4153.6728,MEAS ms=167399 seq=6380 src=1 c9=1012 c10=1246 c11=1012 c12=1500 step=0
4153.6728,MEAS ms=167444 seq=6381 src=1 c9=1012 c10=1246 c11=1012 c12=1500 step=0
4153.8527,MEAS ms=167489 seq=6382 src=1 c9=1012 c10=1256 c11=1012 c12=1500 step=0
4153.8527,MEAS ms=167534 seq=6383 src=1 c9=1012 c10=1256 c11=1012 c12=1500 step=0
4153.8527,MEAS ms=167579 seq=6384 src=1 c9=1012 c10=1256 c11=1012 c12=1500 step=0
4153.8527,MEAS ms=167624 seq=6385 src=1 c9=1012 c10=1256 c11=1012 c12=1500 step=0
4153.9878,MEAS ms=167669 seq=6386 src=1 c9=1012 c10=1256 c11=1012 c12=1500 step=0
4153.9878,MEAS ms=167714 seq=6387 src=1 c9=1012 c10=1256 c11=1012 c12=1500 step=0
4153.9878,MEAS ms=167759 seq=6388 src=1 c9=1012 c10=1256 c11=1012 c12=1500 step=0
4154.0699,MEAS ms=167804 seq=6389 src=1 c9=1012 c10=1256 c11=1012 c12=1500 step=0
4154.0700,MEAS ms=167849 seq=6390 src=1 c9=1012 c10=1256 c11=1012 c12=1500 step=0
4154.0700,MEAS ms=167869 seq=6391 src=1 c9=1012 c10=1256 c11=1012 c12=1500 step=0
4154.0700,MEAS ms=167877 seq=6392 src=1 c9=1012 c10=1256 c11=1012 c12=1500 step=0
4154.1229,MEAS ms=167886 seq=6393 src=1 c9=1012 c10=1256 c11=1012 c12=1500 step=0
4154.1230,MEAS ms=167895 seq=6394 src=1 c9=1012 c10=1256 c11=1012 c12=1500 step=0
4154.1230,MEAS ms=167904 seq=6395 src=1 c9=1012 c10=1256 c11=1012 c12=1500 step=0
4154.1690,MEAS ms=167939 seq=6396 src=1 c9=1012 c10=1256 c11=1012 c12=1500 step=0
4154.1690,MEAS ms=167959 seq=6397 src=1 c9=1012 c10=1256 c11=1012 c12=1500 step=0
4154.1690,MEAS ms=167967 seq=6398 src=1 c9=1012 c10=1256 c11=1012 c12=1500 step=0
4154.1690,MEAS ms=167976 seq=6399 src=1 c9=1012 c10=1256 c11=1012 c12=1500 step=0
4154.2681,MEAS ms=167985 seq=6400 src=1 c9=1012 c10=1256 c11=1012 c12=1500 step=0
4154.2681,MEAS ms=167994 seq=6401 src=1 c9=1012 c10=1256 c11=1012 c12=1500 step=0
4154.2681,MEAS ms=168039 seq=6402 src=1 c9=1010 c10=1256 c11=1012 c12=1500 step=0
4154.4479,MEAS ms=168084 seq=6403 src=1 c9=1012 c10=1256 c11=1012 c12=1499 step=0
4154.4479,MEAS ms=168129 seq=6404 src=1 c9=1012 c10=1256 c11=1012 c12=1500 step=0
4154.4479,MEAS ms=168174 seq=6405 src=1 c9=1012 c10=1256 c11=1012 c12=1500 step=0
4154.4479,MEAS ms=168219 seq=6406 src=1 c9=1012 c10=1256 c11=1012 c12=1500 step=0
4154.5829,MEAS ms=168264 seq=6407 src=1 c9=1012 c10=1256 c11=1012 c12=1500 step=0
4154.5830,MEAS ms=168309 seq=6408 src=1 c9=1012 c10=1256 c11=1012 c12=1500 step=0
4154.5830,MEAS ms=168354 seq=6409 src=1 c9=1012 c10=1256 c11=1012 c12=1500 step=0
4154.6647,MEAS ms=168399 seq=6410 src=1 c9=1012 c10=1256 c11=1012 c12=1500 step=0
4154.6647,MEAS ms=168444 seq=6411 src=1 c9=1012 c10=1256 c11=1012 c12=1500 step=0
4154.6647,MEAS ms=168464 seq=6412 src=1 c9=1012 c10=1266 c11=1012 c12=1500 step=0
4154.6647,MEAS ms=168472 seq=6413 src=1 c9=1012 c10=1266 c11=1012 c12=1500 step=0
4154.7277,MEAS ms=168481 seq=6414 src=1 c9=1012 c10=1266 c11=1012 c12=1500 step=0
4154.7278,MEAS ms=168490 seq=6415 src=1 c9=1012 c10=1266 c11=1012 c12=1500 step=0
4154.7278,MEAS ms=168499 seq=6416 src=1 c9=1012 c10=1266 c11=1012 c12=1500 step=0
4154.9078,MEAS ms=168544 seq=6417 src=1 c9=1012 c10=1266 c11=1012 c12=1500 step=0
4154.9079,MEAS ms=168589 seq=6418 src=1 c9=1012 c10=1266 c11=1012 c12=1500 step=0
4154.9079,MEAS ms=168634 seq=6419 src=1 c9=1012 c10=1266 c11=1012 c12=1500 step=0
4154.9079,MEAS ms=168679 seq=6420 src=1 c9=1012 c10=1266 c11=1012 c12=1500 step=0
4155.0428,MEAS ms=168724 seq=6421 src=1 c9=1012 c10=1266 c11=1012 c12=1500 step=0
4155.0429,MEAS ms=168769 seq=6422 src=1 c9=1012 c10=1266 c11=1012 c12=1500 step=0
4155.0429,MEAS ms=168814 seq=6423 src=1 c9=1012 c10=1266 c11=1012 c12=1500 step=0
4155.1977,MEAS ms=168859 seq=6424 src=1 c9=1012 c10=1266 c11=1012 c12=1500 step=0
4155.1977,MEAS ms=168904 seq=6425 src=1 c9=1012 c10=1266 c11=1012 c12=1500 step=0
4155.1977,MEAS ms=168949 seq=6426 src=1 c9=1012 c10=1266 c11=1012 c12=1500 step=0
4155.1977,MEAS ms=168994 seq=6427 src=1 c9=1010 c10=1266 c11=1012 c12=1500 step=0
4155.2238,MEAS ms=169014 seq=6428 src=1 c9=1012 c10=1264 c11=1012 c12=1500 step=0
4155.2238,MEAS ms=169022 seq=6429 src=1 c9=1012 c10=1264 c11=1012 c12=1500 step=0
4155.2238,MEAS ms=169031 seq=6430 src=1 c9=1012 c10=1264 c11=1010 c12=1500 step=0
4155.3679,MEAS ms=169040 seq=6431 src=1 c9=1012 c10=1266 c11=1010 c12=1500 step=0
4155.3680,MEAS ms=169049 seq=6432 src=1 c9=1012 c10=1266 c11=1010 c12=1500 step=0
4155.3680,MEAS ms=169094 seq=6433 src=1 c9=1012 c10=1266 c11=1012 c12=1499 step=0
4155.3680,MEAS ms=169139 seq=6434 src=1 c9=1012 c10=1266 c11=1012 c12=1500 step=0
4155.5032,MEAS ms=169184 seq=6435 src=1 c9=1012 c10=1266 c11=1012 c12=1500 step=0
4155.5032,MEAS ms=169229 seq=6436 src=1 c9=1012 c10=1266 c11=1012 c12=1500 step=0
4155.5032,MEAS ms=169274 seq=6437 src=1 c9=1012 c10=1266 c11=1012 c12=1500 step=0
4155.6830,MEAS ms=169319 seq=6438 src=1 c9=1012 c10=1266 c11=1012 c12=1500 step=0
4155.6831,MEAS ms=169364 seq=6439 src=1 c9=1012 c10=1266 c11=1012 c12=1500 step=0
4155.6831,MEAS ms=169409 seq=6440 src=1 c9=1012 c10=1266 c11=1012 c12=1500 step=0
4155.6831,MEAS ms=169454 seq=6441 src=1 c9=1012 c10=1266 c11=1012 c12=1500 step=0
4155.7557,MEAS ms=169499 seq=6442 src=1 c9=1012 c10=1275 c11=1012 c12=1500 step=0
4155.7557,MEAS ms=169544 seq=6443 src=1 c9=1012 c10=1275 c11=1012 c12=1500 step=0
4155.7557,MEAS ms=169564 seq=6444 src=1 c9=1012 c10=1275 c11=1012 c12=1500 step=0
4155.8278,MEAS ms=169572 seq=6445 src=1 c9=1012 c10=1275 c11=1012 c12=1500 step=0
4155.8278,MEAS ms=169581 seq=6446 src=1 c9=1012 c10=1275 c11=1012 c12=1500 step=0
4155.8279,MEAS ms=169590 seq=6447 src=1 c9=1012 c10=1275 c11=1012 c12=1500 step=0
4155.8279,MEAS ms=169599 seq=6448 src=1 c9=1012 c10=1275 c11=1012 c12=1500 step=0
4155.9630,MEAS ms=169644 seq=6449 src=1 c9=1012 c10=1275 c11=1012 c12=1500 step=0
4155.9630,MEAS ms=169689 seq=6450 src=1 c9=1012 c10=1275 c11=1012 c12=1500 step=0
4155.9631,MEAS ms=169734 seq=6451 src=1 c9=1012 c10=1275 c11=1012 c12=1500 step=0
4156.1430,MEAS ms=169779 seq=6452 src=1 c9=1012 c10=1275 c11=1012 c12=1500 step=0
4156.1431,MEAS ms=169824 seq=6453 src=1 c9=1012 c10=1275 c11=1012 c12=1500 step=0
4156.1431,MEAS ms=169869 seq=6454 src=1 c9=1012 c10=1275 c11=1012 c12=1500 step=0
4156.1431,MEAS ms=169914 seq=6455 src=1 c9=1010 c10=1275 c11=1012 c12=1500 step=0
4156.2780,MEAS ms=169959 seq=6456 src=1 c9=1012 c10=1274 c11=1012 c12=1500 step=0
4156.2781,MEAS ms=170004 seq=6457 src=1 c9=1012 c10=1275 c11=1010 c12=1500 step=0
4156.2781,MEAS ms=170049 seq=6458 src=1 c9=1012 c10=1275 c11=1012 c12=1499 step=0
4156.3239,MEAS ms=170094 seq=6459 src=1 c9=1012 c10=1275 c11=1012 c12=1500 step=0
4156.3239,MEAS ms=170114 seq=6460 src=1 c9=1012 c10=1275 c11=1012 c12=1500 step=0
4156.3239,MEAS ms=170122 seq=6461 src=1 c9=1012 c10=1275 c11=1012 c12=1500 step=0
4156.3239,MEAS ms=170131 seq=6462 src=1 c9=1012 c10=1275 c11=1012 c12=1500 step=0
4156.4227,MEAS ms=170140 seq=6463 src=1 c9=1012 c10=1275 c11=1012 c12=1500 step=0
4156.4227,MEAS ms=170149 seq=6464 src=1 c9=1012 c10=1275 c11=1012 c12=1500 step=0
4156.4227,MEAS ms=170194 seq=6465 src=1 c9=1012 c10=1275 c11=1012 c12=1500 step=0
4156.6030,MEAS ms=170239 seq=6466 src=1 c9=1012 c10=1275 c11=1012 c12=1500 step=0
4156.6031,MEAS ms=170284 seq=6467 src=1 c9=1012 c10=1275 c11=1012 c12=1500 step=0
4156.6031,MEAS ms=170329 seq=6468 src=1 c9=1012 c10=1275 c11=1012 c12=1500 step=0
4156.6031,MEAS ms=170374 seq=6469 src=1 c9=1012 c10=1275 c11=1012 c12=1500 step=0
4156.7380,MEAS ms=170419 seq=6470 src=1 c9=1012 c10=1275 c11=1012 c12=1500 step=0
4156.7380,MEAS ms=170464 seq=6471 src=1 c9=1012 c10=1275 c11=1012 c12=1500 step=0
4156.7380,MEAS ms=170509 seq=6472 src=1 c9=1012 c10=1285 c11=1012 c12=1500 step=0
4156.8557,MEAS ms=170554 seq=6473 src=1 c9=1012 c10=1285 c11=1012 c12=1500 step=0
4156.8557,MEAS ms=170599 seq=6474 src=1 c9=1012 c10=1285 c11=1012 c12=1500 step=0
4156.8557,MEAS ms=170644 seq=6475 src=1 c9=1012 c10=1285 c11=1012 c12=1500 step=0
4156.8557,MEAS ms=170664 seq=6476 src=1 c9=1012 c10=1285 c11=1012 c12=1500 step=0
4156.8829,MEAS ms=170672 seq=6477 src=1 c9=1012 c10=1285 c11=1012 c12=1500 step=0
4156.8830,MEAS ms=170681 seq=6478 src=1 c9=1012 c10=1285 c11=1012 c12=1500 step=0
4156.8830,MEAS ms=170690 seq=6479 src=1 c9=1012 c10=1285 c11=1012 c12=1500 step=0
4157.0630,MEAS ms=170699 seq=6480 src=1 c9=1012 c10=1285 c11=1012 c12=1500 step=0
4157.0630,MEAS ms=170744 seq=6481 src=1 c9=1012 c10=1285 c11=1012 c12=1500 step=0
4157.0631,MEAS ms=170789 seq=6482 src=1 c9=1012 c10=1285 c11=1012 c12=1500 step=0
4157.0631,MEAS ms=170834 seq=6483 src=1 c9=1012 c10=1285 c11=1012 c12=1500 step=0
4157.1979,MEAS ms=170879 seq=6484 src=1 c9=1012 c10=1285 c11=1012 c12=1500 step=0
4157.1979,MEAS ms=170924 seq=6485 src=1 c9=1010 c10=1285 c11=1012 c12=1500 step=0
4157.1979,MEAS ms=170969 seq=6486 src=1 c9=1012 c10=1284 c11=1012 c12=1500 step=0
4157.3778,MEAS ms=171014 seq=6487 src=1 c9=1012 c10=1285 c11=1012 c12=1499 step=0
4157.3778,MEAS ms=171059 seq=6488 src=1 c9=1012 c10=1285 c11=1012 c12=1500 step=0
4157.3778,MEAS ms=171104 seq=6489 src=1 c9=1012 c10=1285 c11=1012 c12=1500 step=0
4157.3778,MEAS ms=171149 seq=6490 src=1 c9=1012 c10=1285 c11=1012 c12=1500 step=0
4157.4149,MEAS ms=171194 seq=6491 src=1 c9=1012 c10=1285 c11=1012 c12=1500 step=0
4157.4149,MEAS ms=171214 seq=6492 src=1 c9=1012 c10=1285 c11=1012 c12=1500 step=0
4157.4149,MEAS ms=171222 seq=6493 src=1 c9=1012 c10=1285 c11=1012 c12=1500 step=0
4157.5228,MEAS ms=171231 seq=6494 src=1 c9=1012 c10=1285 c11=1012 c12=1500 step=0
4157.5228,MEAS ms=171240 seq=6495 src=1 c9=1012 c10=1285 c11=1012 c12=1500 step=0
4157.5228,MEAS ms=171249 seq=6496 src=1 c9=1012 c10=1285 c11=1012 c12=1500 step=0
4157.5228,MEAS ms=171294 seq=6497 src=1 c9=1012 c10=1285 c11=1012 c12=1500 step=0
4157.6577,MEAS ms=171339 seq=6498 src=1 c9=1012 c10=1285 c11=1012 c12=1500 step=0
4157.6577,MEAS ms=171384 seq=6499 src=1 c9=1012 c10=1285 c11=1012 c12=1500 step=0
4157.6577,MEAS ms=171429 seq=6500 src=1 c9=1012 c10=1285 c11=1012 c12=1500 step=0
4157.8378,MEAS ms=171474 seq=6501 src=1 c9=1012 c10=1285 c11=1012 c12=1500 step=0
4157.8379,MEAS ms=171519 seq=6502 src=1 c9=1012 c10=1295 c11=1012 c12=1500 step=0
4157.8379,MEAS ms=171564 seq=6503 src=1 c9=1012 c10=1295 c11=1012 c12=1500 step=0
4157.8379,MEAS ms=171609 seq=6504 src=1 c9=1012 c10=1295 c11=1012 c12=1500 step=0
4157.9480,MEAS ms=171654 seq=6505 src=1 c9=1012 c10=1295 c11=1012 c12=1500 step=0
4157.9480,MEAS ms=171699 seq=6506 src=1 c9=1012 c10=1295 c11=1012 c12=1500 step=0
4157.9480,MEAS ms=171744 seq=6507 src=1 c9=1012 c10=1295 c11=1012 c12=1500 step=0
4157.9829,MEAS ms=171764 seq=6508 src=1 c9=1012 c10=1295 c11=1012 c12=1500 step=0
4157.9829,MEAS ms=171772 seq=6509 src=1 c9=1012 c10=1295 c11=1012 c12=1500 step=0
4157.9829,MEAS ms=171781 seq=6510 src=1 c9=1012 c10=1295 c11=1012 c12=1500 step=0
4157.9829,MEAS ms=171790 seq=6511 src=1 c9=1012 c10=1295 c11=1012 c12=1500 step=0
4158.1179,MEAS ms=171799 seq=6512 src=1 c9=1012 c10=1295 c11=1012 c12=1500 step=0
4158.1180,MEAS ms=171844 seq=6513 src=1 c9=1012 c10=1295 c11=1012 c12=1500 step=0
4158.1180,MEAS ms=171889 seq=6514 src=1 c9=1010 c10=1295 c11=1012 c12=1500 step=0
4158.2979,MEAS ms=171934 seq=6515 src=1 c9=1012 c10=1294 c11=1012 c12=1500 step=0
4158.2980,MEAS ms=171979 seq=6516 src=1 c9=1012 c10=1295 c11=1012 c12=1500 step=0
4158.2980,MEAS ms=172024 seq=6517 src=1 c9=1012 c10=1295 c11=1012 c12=1500 step=0
4158.2980,MEAS ms=172069 seq=6518 src=1 c9=1012 c10=1295 c11=1012 c12=1500 step=0
4158.4327,MEAS ms=172114 seq=6519 src=1 c9=1012 c10=1295 c11=1012 c12=1500 step=0
4158.4328,MEAS ms=172159 seq=6520 src=1 c9=1012 c10=1295 c11=1012 c12=1500 step=0
4158.4328,MEAS ms=172204 seq=6521 src=1 c9=1012 c10=1295 c11=1012 c12=1500 step=0
4158.5145,MEAS ms=172249 seq=6522 src=1 c9=1012 c10=1295 c11=1012 c12=1500 step=0
4158.5146,MEAS ms=172294 seq=6523 src=1 c9=1012 c10=1295 c11=1012 c12=1500 step=0
4158.5146,MEAS ms=172314 seq=6524 src=1 c9=1012 c10=1295 c11=1012 c12=1500 step=0
4158.5146,MEAS ms=172322 seq=6525 src=1 c9=1012 c10=1295 c11=1012 c12=1500 step=0
4158.5777,MEAS ms=172331 seq=6526 src=1 c9=1012 c10=1295 c11=1012 c12=1500 step=0
4158.5777,MEAS ms=172340 seq=6527 src=1 c9=1012 c10=1295 c11=1012 c12=1500 step=0
4158.5777,MEAS ms=172349 seq=6528 src=1 c9=1012 c10=1295 c11=1012 c12=1500 step=0
4158.7577,MEAS ms=172394 seq=6529 src=1 c9=1012 c10=1295 c11=1012 c12=1500 step=0
4158.7578,MEAS ms=172439 seq=6530 src=1 c9=1012 c10=1295 c11=1012 c12=1500 step=0
4158.7578,MEAS ms=172484 seq=6531 src=1 c9=1012 c10=1295 c11=1012 c12=1500 step=0
4158.7578,MEAS ms=172529 seq=6532 src=1 c9=1012 c10=1305 c11=1012 c12=1500 step=0
4158.8931,MEAS ms=172574 seq=6533 src=1 c9=1012 c10=1305 c11=1012 c12=1500 step=0
4158.8931,MEAS ms=172619 seq=6534 src=1 c9=1012 c10=1305 c11=1012 c12=1500 step=0
4158.8932,MEAS ms=172664 seq=6535 src=1 c9=1012 c10=1305 c11=1012 c12=1500 step=0
4159.0478,MEAS ms=172709 seq=6536 src=1 c9=1012 c10=1305 c11=1012 c12=1500 step=0
4159.0478,MEAS ms=172754 seq=6537 src=1 c9=1012 c10=1305 c11=1012 c12=1500 step=0
4159.0478,MEAS ms=172799 seq=6538 src=1 c9=1012 c10=1305 c11=1012 c12=1500 step=0
4159.0478,MEAS ms=172844 seq=6539 src=1 c9=1012 c10=1305 c11=1012 c12=1500 step=0
4159.0741,MEAS ms=172864 seq=6540 src=1 c9=1012 c10=1305 c11=1012 c12=1500 step=0
4159.0741,MEAS ms=172872 seq=6541 src=1 c9=1012 c10=1303 c11=1012 c12=1500 step=0
4159.0741,MEAS ms=172881 seq=6542 src=1 c9=1012 c10=1303 c11=1012 c12=1500 step=0
4159.2179,MEAS ms=172890 seq=6543 src=1 c9=1012 c10=1303 c11=1012 c12=1500 step=0
4159.2180,MEAS ms=172899 seq=6544 src=1 c9=1012 c10=1303 c11=1012 c12=1500 step=0
4159.2180,MEAS ms=172944 seq=6545 src=1 c9=1012 c10=1305 c11=1012 c12=1499 step=0
4159.2180,MEAS ms=172989 seq=6546 src=1 c9=1012 c10=1305 c11=1012 c12=1500 step=0
4159.3528,MEAS ms=173034 seq=6547 src=1 c9=1012 c10=1305 c11=1012 c12=1500 step=0
4159.3528,MEAS ms=173079 seq=6548 src=1 c9=1012 c10=1305 c11=1012 c12=1500 step=0
4159.3529,MEAS ms=173124 seq=6549 src=1 c9=1012 c10=1305 c11=1012 c12=1500 step=0
4159.5328,MEAS ms=173169 seq=6550 src=1 c9=1012 c10=1305 c11=1012 c12=1500 step=0
4159.5329,MEAS ms=173214 seq=6551 src=1 c9=1012 c10=1305 c11=1012 c12=1500 step=0
4159.5329,MEAS ms=173259 seq=6552 src=1 c9=1012 c10=1305 c11=1012 c12=1500 step=0
4159.5329,MEAS ms=173304 seq=6553 src=1 c9=1012 c10=1305 c11=1012 c12=1500 step=0
4159.6057,MEAS ms=173349 seq=6554 src=1 c9=1012 c10=1305 c11=1012 c12=1500 step=0
4159.6057,MEAS ms=173394 seq=6555 src=1 c9=1012 c10=1305 c11=1012 c12=1500 step=0
4159.6057,MEAS ms=173414 seq=6556 src=1 c9=1012 c10=1305 c11=1012 c12=1500 step=0
4159.6778,MEAS ms=173422 seq=6557 src=1 c9=1012 c10=1305 c11=1012 c12=1500 step=0
4159.6779,MEAS ms=173431 seq=6558 src=1 c9=1012 c10=1305 c11=1012 c12=1500 step=0
4159.6779,MEAS ms=173440 seq=6559 src=1 c9=1012 c10=1305 c11=1012 c12=1500 step=0
4159.6779,MEAS ms=173449 seq=6560 src=1 c9=1012 c10=1305 c11=1012 c12=1500 step=0
4159.8127,MEAS ms=173494 seq=6561 src=1 c9=1012 c10=1305 c11=1012 c12=1500 step=0
4159.8127,MEAS ms=173539 seq=6562 src=1 c9=1012 c10=1314 c11=1012 c12=1500 step=0
4159.8127,MEAS ms=173584 seq=6563 src=1 c9=1012 c10=1314 c11=1012 c12=1500 step=0
4159.9927,MEAS ms=173629 seq=6564 src=1 c9=1012 c10=1314 c11=1012 c12=1500 step=0
4159.9927,MEAS ms=173674 seq=6565 src=1 c9=1012 c10=1314 c11=1012 c12=1500 step=0
4159.9928,MEAS ms=173719 seq=6566 src=1 c9=1012 c10=1314 c11=1012 c12=1500 step=0
4159.9928,MEAS ms=173764 seq=6567 src=1 c9=1012 c10=1314 c11=1012 c12=1500 step=0
4160.1277,MEAS ms=173809 seq=6568 src=1 c9=1012 c10=1314 c11=1012 c12=1500 step=0
4160.1277,MEAS ms=173854 seq=6569 src=1 c9=1012 c10=1314 c11=1012 c12=1500 step=0
4160.1277,MEAS ms=173899 seq=6570 src=1 c9=1012 c10=1314 c11=1010 c12=1500 step=0
4160.1738,MEAS ms=173944 seq=6571 src=1 c9=1012 c10=1314 c11=1012 c12=1499 step=0
4160.1738,MEAS ms=173964 seq=6572 src=1 c9=1012 c10=1314 c11=1012 c12=1499 step=0
4160.1738,MEAS ms=173972 seq=6573 src=1 c9=1012 c10=1314 c11=1012 c12=1500 step=0
4160.1739,MEAS ms=173981 seq=6574 src=1 c9=1012 c10=1314 c11=1012 c12=1500 step=0
4160.2727,MEAS ms=173990 seq=6575 src=1 c9=1012 c10=1314 c11=1012 c12=1500 step=0
4160.2728,MEAS ms=173999 seq=6576 src=1 c9=1012 c10=1314 c11=1012 c12=1500 step=0
4160.2728,MEAS ms=174044 seq=6577 src=1 c9=1012 c10=1314 c11=1012 c12=1500 step=0
4160.4528,MEAS ms=174089 seq=6578 src=1 c9=1012 c10=1314 c11=1012 c12=1500 step=0
4160.4529,MEAS ms=174134 seq=6579 src=1 c9=1012 c10=1314 c11=1012 c12=1500 step=0
4160.4529,MEAS ms=174179 seq=6580 src=1 c9=1012 c10=1314 c11=1012 c12=1500 step=0
4160.4529,MEAS ms=174224 seq=6581 src=1 c9=1012 c10=1314 c11=1012 c12=1500 step=0
4160.5879,MEAS ms=174269 seq=6582 src=1 c9=1012 c10=1314 c11=1012 c12=1500 step=0
4160.5879,MEAS ms=174314 seq=6583 src=1 c9=1012 c10=1314 c11=1012 c12=1500 step=0
4160.5879,MEAS ms=174359 seq=6584 src=1 c9=1012 c10=1314 c11=1012 c12=1500 step=0
4160.7056,MEAS ms=174404 seq=6585 src=1 c9=1012 c10=1314 c11=1012 c12=1500 step=0
4160.7056,MEAS ms=174449 seq=6586 src=1 c9=1012 c10=1314 c11=1012 c12=1500 step=0
4160.7056,MEAS ms=174494 seq=6587 src=1 c9=1012 c10=1314 c11=1012 c12=1500 step=0
4160.7056,MEAS ms=174514 seq=6588 src=1 c9=1012 c10=1314 c11=1012 c12=1500 step=0
4160.7329,MEAS ms=174522 seq=6589 src=1 c9=1012 c10=1314 c11=1012 c12=1500 step=0
4160.7329,MEAS ms=174531 seq=6590 src=1 c9=1012 c10=1324 c11=1012 c12=1500 step=0
4160.7329,MEAS ms=174540 seq=6591 src=1 c9=1012 c10=1324 c11=1012 c12=1500 step=0
4160.9129,MEAS ms=174549 seq=6592 src=1 c9=1012 c10=1324 c11=1012 c12=1500 step=0
4160.9129,MEAS ms=174594 seq=6593 src=1 c9=1012 c10=1324 c11=1012 c12=1500 step=0
4160.9129,MEAS ms=174639 seq=6594 src=1 c9=1012 c10=1324 c11=1012 c12=1500 step=0
4160.9129,MEAS ms=174684 seq=6595 src=1 c9=1012 c10=1324 c11=1012 c12=1500 step=0
4161.0478,MEAS ms=174729 seq=6596 src=1 c9=1012 c10=1324 c11=1012 c12=1500 step=0
4161.0479,MEAS ms=174774 seq=6597 src=1 c9=1012 c10=1324 c11=1012 c12=1500 step=0
4161.0479,MEAS ms=174819 seq=6598 src=1 c9=1010 c10=1324 c11=1012 c12=1500 step=0
4161.2279,MEAS ms=174864 seq=6599 src=1 c9=1012 c10=1323 c11=1012 c12=1500 step=0
4161.2279,MEAS ms=174909 seq=6600 src=1 c9=1012 c10=1324 c11=1012 c12=1499 step=0
4161.2279,MEAS ms=174954 seq=6601 src=1 c9=1012 c10=1324 c11=1012 c12=1500 step=0
4161.2279,MEAS ms=174999 seq=6602 src=1 c9=1012 c10=1324 c11=1012 c12=1500 step=0
4161.2647,MEAS ms=175044 seq=6603 src=1 c9=1012 c10=1324 c11=1012 c12=1500 step=0
4161.2648,MEAS ms=175064 seq=6604 src=1 c9=1012 c10=1324 c11=1012 c12=1500 step=0
4161.2648,MEAS ms=175072 seq=6605 src=1 c9=1012 c10=1324 c11=1012 c12=1500 step=0
4161.3727,MEAS ms=175081 seq=6606 src=1 c9=1012 c10=1324 c11=1012 c12=1500 step=0
4161.3727,MEAS ms=175090 seq=6607 src=1 c9=1012 c10=1324 c11=1012 c12=1500 step=0
4161.3727,MEAS ms=175099 seq=6608 src=1 c9=1012 c10=1324 c11=1012 c12=1500 step=0
4161.3727,MEAS ms=175144 seq=6609 src=1 c9=1012 c10=1324 c11=1012 c12=1500 step=0
4161.5080,MEAS ms=175189 seq=6610 src=1 c9=1012 c10=1324 c11=1012 c12=1500 step=0
4161.5080,MEAS ms=175234 seq=6611 src=1 c9=1012 c10=1324 c11=1012 c12=1500 step=0
4161.5080,MEAS ms=175279 seq=6612 src=1 c9=1012 c10=1324 c11=1012 c12=1500 step=0
4161.5080,MEAS ms=175324 seq=6613 src=1 c9=1012 c10=1324 c11=1012 c12=1500 step=0
4161.6879,MEAS ms=175369 seq=6614 src=1 c9=1012 c10=1324 c11=1012 c12=1500 step=0
4161.6879,MEAS ms=175414 seq=6615 src=1 c9=1012 c10=1324 c11=1012 c12=1500 step=0
4161.6879,MEAS ms=175459 seq=6616 src=1 c9=1012 c10=1324 c11=1012 c12=1500 step=0
4161.8055,MEAS ms=175504 seq=6617 src=1 c9=1012 c10=1324 c11=1012 c12=1500 step=0
4161.8056,MEAS ms=175549 seq=6618 src=1 c9=1012 c10=1334 c11=1012 c12=1500 step=0
4161.8056,MEAS ms=175594 seq=6619 src=1 c9=1012 c10=1334 c11=1012 c12=1500 step=0
4161.8056,MEAS ms=175614 seq=6620 src=1 c9=1012 c10=1334 c11=1012 c12=1500 step=0
4161.8330,MEAS ms=175622 seq=6621 src=1 c9=1012 c10=1334 c11=1012 c12=1500 step=0
4161.8331,MEAS ms=175631 seq=6622 src=1 c9=1012 c10=1334 c11=1012 c12=1500 step=0
4161.8331,MEAS ms=175640 seq=6623 src=1 c9=1012 c10=1334 c11=1012 c12=1500 step=0
4162.0127,MEAS ms=175649 seq=6624 src=1 c9=1012 c10=1334 c11=1012 c12=1500 step=0
4162.0128,MEAS ms=175694 seq=6625 src=1 c9=1012 c10=1334 c11=1012 c12=1500 step=0
4162.0128,MEAS ms=175739 seq=6626 src=1 c9=1012 c10=1334 c11=1012 c12=1500 step=0
4162.0128,MEAS ms=175784 seq=6627 src=1 c9=1010 c10=1334 c11=1012 c12=1500 step=0
4162.1479,MEAS ms=175829 seq=6628 src=1 c9=1012 c10=1333 c11=1012 c12=1500 step=0
4162.1480,MEAS ms=175874 seq=6629 src=1 c9=1012 c10=1334 c11=1010 c12=1500 step=0
4162.1480,MEAS ms=175919 seq=6630 src=1 c9=1012 c10=1334 c11=1012 c12=1500 step=0
4162.3277,MEAS ms=175964 seq=6631 src=1 c9=1012 c10=1334 c11=1012 c12=1500 step=0
4162.3277,MEAS ms=176009 seq=6632 src=1 c9=1012 c10=1334 c11=1012 c12=1500 step=0
4162.3277,MEAS ms=176054 seq=6633 src=1 c9=1012 c10=1334 c11=1012 c12=1500 step=0
4162.3277,MEAS ms=176099 seq=6634 src=1 c9=1012 c10=1334 c11=1012 c12=1500 step=0
4162.3647,MEAS ms=176144 seq=6635 src=1 c9=1012 c10=1334 c11=1012 c12=1500 step=0
4162.3648,MEAS ms=176164 seq=6636 src=1 c9=1012 c10=1334 c11=1012 c12=1500 step=0
4162.3648,MEAS ms=176172 seq=6637 src=1 c9=1012 c10=1334 c11=1012 c12=1500 step=0
4162.4727,MEAS ms=176181 seq=6638 src=1 c9=1012 c10=1334 c11=1012 c12=1500 step=0
4162.4728,MEAS ms=176190 seq=6639 src=1 c9=1012 c10=1334 c11=1012 c12=1500 step=0
4162.4728,MEAS ms=176199 seq=6640 src=1 c9=1012 c10=1334 c11=1012 c12=1500 step=0
4162.4728,MEAS ms=176244 seq=6641 src=1 c9=1012 c10=1334 c11=1012 c12=1500 step=0
4162.6077,MEAS ms=176289 seq=6642 src=1 c9=1012 c10=1334 c11=1012 c12=1500 step=0
4162.6077,MEAS ms=176334 seq=6643 src=1 c9=1012 c10=1334 c11=1012 c12=1500 step=0
4162.6077,MEAS ms=176379 seq=6644 src=1 c9=1012 c10=1334 c11=1012 c12=1500 step=0
4162.7878,MEAS ms=176424 seq=6645 src=1 c9=1012 c10=1334 c11=1012 c12=1500 step=0
4162.7878,MEAS ms=176469 seq=6646 src=1 c9=1012 c10=1334 c11=1012 c12=1500 step=0
4162.7879,MEAS ms=176514 seq=6647 src=1 c9=1012 c10=1334 c11=1012 c12=1500 step=0
4162.7879,MEAS ms=176559 seq=6648 src=1 c9=1012 c10=1344 c11=1012 c12=1500 step=0
4162.9231,MEAS ms=176604 seq=6649 src=1 c9=1012 c10=1344 c11=1012 c12=1500 step=0
4162.9231,MEAS ms=176649 seq=6650 src=1 c9=1012 c10=1344 c11=1012 c12=1500 step=0
4162.9231,MEAS ms=176694 seq=6651 src=1 c9=1012 c10=1344 c11=1012 c12=1500 step=0
4162.9689,MEAS ms=176739 seq=6652 src=1 c9=1012 c10=1344 c11=1012 c12=1500 step=0
4162.9690,MEAS ms=176759 seq=6653 src=1 c9=1012 c10=1344 c11=1012 c12=1500 step=0
4162.9690,MEAS ms=176767 seq=6654 src=1 c9=1010 c10=1344 c11=1012 c12=1500 step=0
4162.9690,MEAS ms=176776 seq=6655 src=1 c9=1010 c10=1344 c11=1012 c12=1500 step=0
4163.0678,MEAS ms=176785 seq=6656 src=1 c9=1010 c10=1344 c11=1012 c12=1500 step=0
4163.0679,MEAS ms=176794 seq=6657 src=1 c9=1010 c10=1344 c11=1012 c12=1500 step=0
4163.0679,MEAS ms=176839 seq=6658 src=1 c9=1012 c10=1342 c11=1010 c12=1500 step=0
4163.2478,MEAS ms=176884 seq=6659 src=1 c9=1012 c10=1344 c11=1012 c12=1499 step=0
4163.2478,MEAS ms=176929 seq=6660 src=1 c9=1012 c10=1344 c11=1012 c12=1500 step=0
4163.2478,MEAS ms=176974 seq=6661 src=1 c9=1012 c10=1344 c11=1012 c12=1500 step=0
4163.2478,MEAS ms=177019 seq=6662 src=1 c9=1012 c10=1344 c11=1012 c12=1500 step=0
4163.3826,MEAS ms=177064 seq=6663 src=1 c9=1012 c10=1344 c11=1012 c12=1500 step=0
4163.3827,MEAS ms=177109 seq=6664 src=1 c9=1012 c10=1344 c11=1012 c12=1500 step=0
4163.3827,MEAS ms=177154 seq=6665 src=1 c9=1012 c10=1344 c11=1012 c12=1500 step=0
4163.5006,MEAS ms=177199 seq=6666 src=1 c9=1012 c10=1344 c11=1012 c12=1500 step=0
4163.5006,MEAS ms=177244 seq=6667 src=1 c9=1012 c10=1344 c11=1012 c12=1500 step=0
4163.5006,MEAS ms=177289 seq=6668 src=1 c9=1012 c10=1344 c11=1012 c12=1500 step=0
4163.5006,MEAS ms=177309 seq=6669 src=1 c9=1012 c10=1344 c11=1012 c12=1500 step=0
4163.5279,MEAS ms=177317 seq=6670 src=1 c9=1012 c10=1344 c11=1012 c12=1500 step=0
4163.5280,MEAS ms=177326 seq=6671 src=1 c9=1012 c10=1344 c11=1012 c12=1500 step=0
4163.5280,MEAS ms=177335 seq=6672 src=1 c9=1012 c10=1344 c11=1012 c12=1500 step=0
4163.7077,MEAS ms=177344 seq=6673 src=1 c9=1012 c10=1344 c11=1012 c12=1500 step=0
4163.7078,MEAS ms=177389 seq=6674 src=1 c9=1012 c10=1344 c11=1012 c12=1500 step=0
4163.7078,MEAS ms=177434 seq=6675 src=1 c9=1012 c10=1344 c11=1012 c12=1500 step=0
4163.7078,MEAS ms=177479 seq=6676 src=1 c9=1012 c10=1344 c11=1012 c12=1500 step=0
4163.8429,MEAS ms=177524 seq=6677 src=1 c9=1012 c10=1353 c11=1012 c12=1500 step=0
4163.8429,MEAS ms=177569 seq=6678 src=1 c9=1012 c10=1353 c11=1012 c12=1500 step=0
4163.8429,MEAS ms=177614 seq=6679 src=1 c9=1012 c10=1353 c11=1012 c12=1500 step=0
4164.0228,MEAS ms=177659 seq=6680 src=1 c9=1012 c10=1353 c11=1012 c12=1500 step=0
4164.0228,MEAS ms=177704 seq=6681 src=1 c9=1012 c10=1353 c11=1012 c12=1500 step=0
4164.0229,MEAS ms=177749 seq=6682 src=1 c9=1012 c10=1353 c11=1012 c12=1500 step=0
4164.0229,MEAS ms=177794 seq=6683 src=1 c9=1012 c10=1352 c11=1012 c12=1500 step=0
4164.0597,MEAS ms=177839 seq=6684 src=1 c9=1012 c10=1353 c11=1012 c12=1500 step=0
4164.0597,MEAS ms=177859 seq=6685 src=1 c9=1012 c10=1353 c11=1012 c12=1499 step=0
4164.0597,MEAS ms=177867 seq=6686 src=1 c9=1012 c10=1353 c11=1012 c12=1499 step=0
4164.1677,MEAS ms=177876 seq=6687 src=1 c9=1012 c10=1353 c11=1012 c12=1499 step=0
4164.1678,MEAS ms=177885 seq=6688 src=1 c9=1012 c10=1353 c11=1012 c12=1500 step=0
4164.1678,MEAS ms=177894 seq=6689 src=1 c9=1012 c10=1353 c11=1012 c12=1500 step=0
4164.1678,MEAS ms=177939 seq=6690 src=1 c9=1012 c10=1353 c11=1012 c12=1500 step=0
4164.3027,MEAS ms=177984 seq=6691 src=1 c9=1012 c10=1353 c11=1012 c12=1500 step=0
4164.3027,MEAS ms=178029 seq=6692 src=1 c9=1012 c10=1353 c11=1012 c12=1500 step=0
4164.3028,MEAS ms=178074 seq=6693 src=1 c9=1012 c10=1353 c11=1012 c12=1500 step=0
4164.4829,MEAS ms=178119 seq=6694 src=1 c9=1012 c10=1353 c11=1012 c12=1500 step=0
4164.4829,MEAS ms=178164 seq=6695 src=1 c9=1012 c10=1353 c11=1012 c12=1500 step=0
4164.4829,MEAS ms=178209 seq=6696 src=1 c9=1012 c10=1353 c11=1012 c12=1500 step=0
4164.4829,MEAS ms=178254 seq=6697 src=1 c9=1012 c10=1353 c11=1012 c12=1500 step=0
4164.5929,MEAS ms=178299 seq=6698 src=1 c9=1012 c10=1353 c11=1012 c12=1500 step=0
4164.5930,MEAS ms=178344 seq=6699 src=1 c9=1012 c10=1353 c11=1012 c12=1500 step=0
4164.5930,MEAS ms=178389 seq=6700 src=1 c9=1012 c10=1353 c11=1012 c12=1500 step=0
4164.6280,MEAS ms=178409 seq=6701 src=1 c9=1012 c10=1353 c11=1012 c12=1500 step=0
4164.6281,MEAS ms=178417 seq=6702 src=1 c9=1012 c10=1353 c11=1012 c12=1500 step=0
4164.6281,MEAS ms=178426 seq=6703 src=1 c9=1012 c10=1353 c11=1012 c12=1500 step=0
4164.6281,MEAS ms=178435 seq=6704 src=1 c9=1012 c10=1353 c11=1012 c12=1500 step=0
4164.7628,MEAS ms=178444 seq=6705 src=1 c9=1012 c10=1353 c11=1012 c12=1500 step=0
4164.7628,MEAS ms=178489 seq=6706 src=1 c9=1012 c10=1353 c11=1012 c12=1500 step=0
4164.7628,MEAS ms=178534 seq=6707 src=1 c9=1012 c10=1353 c11=1012 c12=1500 step=0
4164.9427,MEAS ms=178579 seq=6708 src=1 c9=1012 c10=1363 c11=1012 c12=1500 step=0
4164.9427,MEAS ms=178624 seq=6709 src=1 c9=1012 c10=1363 c11=1012 c12=1500 step=0
4164.9427,MEAS ms=178669 seq=6710 src=1 c9=1012 c10=1363 c11=1012 c12=1500 step=0
4164.9427,MEAS ms=178714 seq=6711 src=1 c9=1012 c10=1363 c11=1012 c12=1500 step=0
4165.0778,MEAS ms=178759 seq=6712 src=1 c9=1012 c10=1362 c11=1012 c12=1500 step=0
4165.0778,MEAS ms=178804 seq=6713 src=1 c9=1012 c10=1363 c11=1012 c12=1499 step=0
4165.0778,MEAS ms=178849 seq=6714 src=1 c9=1012 c10=1363 c11=1012 c12=1499 step=0
4165.1597,MEAS ms=178894 seq=6715 src=1 c9=1012 c10=1363 c11=1012 c12=1500 step=0
4165.1597,MEAS ms=178939 seq=6716 src=1 c9=1012 c10=1363 c11=1012 c12=1500 step=0
4165.1597,MEAS ms=178959 seq=6717 src=1 c9=1012 c10=1363 c11=1012 c12=1500 step=0
4165.1598,MEAS ms=178967 seq=6718 src=1 c9=1012 c10=1363 c11=1012 c12=1500 step=0
4165.2229,MEAS ms=178976 seq=6719 src=1 c9=1012 c10=1363 c11=1012 c12=1500 step=0
4165.2229,MEAS ms=178985 seq=6720 src=1 c9=1012 c10=1363 c11=1012 c12=1500 step=0
4165.2229,MEAS ms=178994 seq=6721 src=1 c9=1012 c10=1363 c11=1012 c12=1500 step=0
4165.4027,MEAS ms=179039 seq=6722 src=1 c9=1012 c10=1363 c11=1012 c12=1500 step=0
4165.4027,MEAS ms=179084 seq=6723 src=1 c9=1012 c10=1363 c11=1012 c12=1500 step=0
4165.4028,MEAS ms=179129 seq=6724 src=1 c9=1012 c10=1363 c11=1012 c12=1500 step=0
4165.4028,MEAS ms=179174 seq=6725 src=1 c9=1012 c10=1363 c11=1012 c12=1500 step=0
4165.5378,MEAS ms=179219 seq=6726 src=1 c9=1012 c10=1363 c11=1012 c12=1500 step=0
4165.5379,MEAS ms=179264 seq=6727 src=1 c9=1012 c10=1363 c11=1012 c12=1500 step=0
4165.5379,MEAS ms=179309 seq=6728 src=1 c9=1012 c10=1363 c11=1012 c12=1500 step=0
4165.6929,MEAS ms=179354 seq=6729 src=1 c9=1012 c10=1363 c11=1012 c12=1500 step=0
4165.6930,MEAS ms=179399 seq=6730 src=1 c9=1012 c10=1363 c11=1012 c12=1500 step=0
4165.6930,MEAS ms=179444 seq=6731 src=1 c9=1012 c10=1363 c11=1012 c12=1500 step=0
4165.6930,MEAS ms=179489 seq=6732 src=1 c9=1012 c10=1363 c11=1012 c12=1500 step=0
4165.7189,MEAS ms=179509 seq=6733 src=1 c9=1012 c10=1363 c11=1012 c12=1500 step=0
4165.7189,MEAS ms=179517 seq=6734 src=1 c9=1012 c10=1363 c11=1012 c12=1500 step=0
4165.7189,MEAS ms=179526 seq=6735 src=1 c9=1012 c10=1363 c11=1012 c12=1500 step=0
4165.8627,MEAS ms=179535 seq=6736 src=1 c9=1012 c10=1373 c11=1012 c12=1500 step=0
4165.8627,MEAS ms=179544 seq=6737 src=1 c9=1012 c10=1373 c11=1012 c12=1500 step=0
4165.8627,MEAS ms=179589 seq=6738 src=1 c9=1012 c10=1373 c11=1012 c12=1500 step=0
4165.8628,MEAS ms=179634 seq=6739 src=1 c9=1012 c10=1373 c11=1012 c12=1500 step=0
4165.9977,MEAS ms=179679 seq=6740 src=1 c9=1012 c10=1373 c11=1012 c12=1500 step=0
4165.9978,MEAS ms=179724 seq=6741 src=1 c9=1012 c10=1372 c11=1012 c12=1500 step=0
4165.9978,MEAS ms=179769 seq=6742 src=1 c9=1012 c10=1373 c11=1010 c12=1500 step=0
4166.1776,MEAS ms=179814 seq=6743 src=1 c9=1012 c10=1373 c11=1012 c12=1499 step=0
4166.1777,MEAS ms=179859 seq=6744 src=1 c9=1012 c10=1373 c11=1012 c12=1500 step=0
4166.1777,MEAS ms=179904 seq=6745 src=1 c9=1012 c10=1373 c11=1012 c12=1500 step=0
4166.1777,MEAS ms=179949 seq=6746 src=1 c9=1012 c10=1373 c11=1012 c12=1500 step=0
4166.2506,MEAS ms=179994 seq=6747 src=1 c9=1012 c10=1373 c11=1012 c12=1500 step=0
4166.2507,MEAS ms=180039 seq=6748 src=1 c9=1012 c10=1373 c11=1012 c12=1500 step=0
4166.2507,MEAS ms=180059 seq=6749 src=1 c9=1012 c10=1373 c11=1012 c12=1500 step=0
4166.3227,MEAS ms=180067 seq=6750 src=1 c9=1012 c10=1373 c11=1012 c12=1500 step=0
4166.3227,MEAS ms=180076 seq=6751 src=1 c9=1012 c10=1373 c11=1012 c12=1500 step=0
4166.3227,MEAS ms=180085 seq=6752 src=1 c9=1012 c10=1373 c11=1012 c12=1500 step=0
4166.3228,MEAS ms=180094 seq=6753 src=1 c9=1012 c10=1373 c11=1012 c12=1500 step=0
4166.4578,MEAS ms=180139 seq=6754 src=1 c9=1012 c10=1373 c11=1012 c12=1500 step=0
4166.4578,MEAS ms=180184 seq=6755 src=1 c9=1012 c10=1373 c11=1012 c12=1500 step=0
4166.4578,MEAS ms=180229 seq=6756 src=1 c9=1012 c10=1373 c11=1012 c12=1500 step=0
4166.6378,MEAS ms=180274 seq=6757 src=1 c9=1012 c10=1373 c11=1012 c12=1500 step=0
4166.6378,MEAS ms=180319 seq=6758 src=1 c9=1012 c10=1373 c11=1012 c12=1500 step=0
4166.6379,MEAS ms=180364 seq=6759 src=1 c9=1012 c10=1373 c11=1012 c12=1500 step=0
4166.6379,MEAS ms=180409 seq=6760 src=1 c9=1012 c10=1373 c11=1012 c12=1500 step=0
4166.7728,MEAS ms=180454 seq=6761 src=1 c9=1012 c10=1373 c11=1012 c12=1500 step=0
4166.7728,MEAS ms=180499 seq=6762 src=1 c9=1012 c10=1373 c11=1012 c12=1500 step=0
4166.7728,MEAS ms=180544 seq=6763 src=1 c9=1012 c10=1383 c11=1012 c12=1500 step=0
4166.8189,MEAS ms=180589 seq=6764 src=1 c9=1012 c10=1383 c11=1012 c12=1500 step=0
4166.8189,MEAS ms=180609 seq=6765 src=1 c9=1012 c10=1383 c11=1012 c12=1500 step=0
4166.8189,MEAS ms=180617 seq=6766 src=1 c9=1012 c10=1383 c11=1012 c12=1500 step=0
4166.8189,MEAS ms=180626 seq=6767 src=1 c9=1012 c10=1383 c11=1012 c12=1500 step=0
4166.9178,MEAS ms=180635 seq=6768 src=1 c9=1012 c10=1383 c11=1012 c12=1500 step=0
4166.9179,MEAS ms=180644 seq=6769 src=1 c9=1012 c10=1383 c11=1012 c12=1500 step=0
4166.9179,MEAS ms=180689 seq=6770 src=1 c9=1010 c10=1383 c11=1012 c12=1500 step=0
4167.0977,MEAS ms=180734 seq=6771 src=1 c9=1012 c10=1381 c11=1012 c12=1500 step=0
4167.0977,MEAS ms=180779 seq=6772 src=1 c9=1012 c10=1383 c11=1012 c12=1500 step=0
4167.0978,MEAS ms=180824 seq=6773 src=1 c9=1012 c10=1383 c11=1012 c12=1500 step=0
4167.0978,MEAS ms=180869 seq=6774 src=1 c9=1012 c10=1383 c11=1012 c12=1500 step=0
4167.2329,MEAS ms=180914 seq=6775 src=1 c9=1012 c10=1383 c11=1012 c12=1500 step=0
4167.2329,MEAS ms=180959 seq=6776 src=1 c9=1012 c10=1383 c11=1012 c12=1500 step=0
4167.2329,MEAS ms=181004 seq=6777 src=1 c9=1012 c10=1383 c11=1012 c12=1500 step=0
4167.3505,MEAS ms=181049 seq=6778 src=1 c9=1012 c10=1383 c11=1012 c12=1500 step=0
4167.3505,MEAS ms=181094 seq=6779 src=1 c9=1012 c10=1383 c11=1012 c12=1500 step=0
4167.3506,MEAS ms=181139 seq=6780 src=1 c9=1012 c10=1383 c11=1012 c12=1500 step=0
4167.3506,MEAS ms=181159 seq=6781 src=1 c9=1012 c10=1383 c11=1012 c12=1500 step=0
4167.3778,MEAS ms=181167 seq=6782 src=1 c9=1012 c10=1383 c11=1012 c12=1500 step=0
4167.3778,MEAS ms=181176 seq=6783 src=1 c9=1012 c10=1383 c11=1012 c12=1500 step=0
4167.3778,MEAS ms=181185 seq=6784 src=1 c9=1012 c10=1383 c11=1012 c12=1500 step=0
4167.5579,MEAS ms=181194 seq=6785 src=1 c9=1012 c10=1383 c11=1012 c12=1500 step=0
4167.5579,MEAS ms=181239 seq=6786 src=1 c9=1012 c10=1383 c11=1012 c12=1500 step=0
4167.5579,MEAS ms=181284 seq=6787 src=1 c9=1012 c10=1383 c11=1012 c12=1500 step=0
4167.5579,MEAS ms=181329 seq=6788 src=1 c9=1012 c10=1383 c11=1012 c12=1500 step=0
4167.6928,MEAS ms=181374 seq=6789 src=1 c9=1012 c10=1383 c11=1012 c12=1500 step=0
4167.6929,MEAS ms=181419 seq=6790 src=1 c9=1012 c10=1383 c11=1012 c12=1500 step=0
4167.6929,MEAS ms=181464 seq=6791 src=1 c9=1012 c10=1383 c11=1012 c12=1500 step=0
4167.8726,MEAS ms=181509 seq=6792 src=1 c9=1012 c10=1383 c11=1012 c12=1500 step=0
4167.8727,MEAS ms=181554 seq=6793 src=1 c9=1012 c10=1383 c11=1012 c12=1500 step=0
4167.8727,MEAS ms=181599 seq=6794 src=1 c9=1012 c10=1392 c11=1012 c12=1500 step=0
4167.8727,MEAS ms=181644 seq=6795 src=1 c9=1012 c10=1392 c11=1012 c12=1500 step=0
4167.9098,MEAS ms=181689 seq=6796 src=1 c9=1012 c10=1391 c11=1012 c12=1500 step=0
4167.9098,MEAS ms=181709 seq=6797 src=1 c9=1012 c10=1391 c11=1012 c12=1500 step=0
4167.9098,MEAS ms=181717 seq=6798 src=1 c9=1012 c10=1391 c11=1012 c12=1500 step=0
4168.0177,MEAS ms=181726 seq=6799 src=1 c9=1012 c10=1391 c11=1012 c12=1500 step=0
4168.0177,MEAS ms=181735 seq=6800 src=1 c9=1012 c10=1391 c11=1012 c12=1500 step=0
4168.0178,MEAS ms=181744 seq=6801 src=1 c9=1012 c10=1392 c11=1012 c12=1499 step=0
4168.0178,MEAS ms=181789 seq=6802 src=1 c9=1012 c10=1392 c11=1012 c12=1500 step=0
4168.1528,MEAS ms=181834 seq=6803 src=1 c9=1012 c10=1392 c11=1012 c12=1500 step=0
4168.1529,MEAS ms=181879 seq=6804 src=1 c9=1012 c10=1392 c11=1012 c12=1500 step=0
4168.1529,MEAS ms=181924 seq=6805 src=1 c9=1012 c10=1392 c11=1012 c12=1500 step=0
4168.3329,MEAS ms=181969 seq=6806 src=1 c9=1012 c10=1392 c11=1012 c12=1500 step=0
4168.3329,MEAS ms=182014 seq=6807 src=1 c9=1012 c10=1392 c11=1012 c12=1500 step=0
4168.3329,MEAS ms=182059 seq=6808 src=1 c9=1012 c10=1392 c11=1012 c12=1500 step=0
4168.3329,MEAS ms=182104 seq=6809 src=1 c9=1012 c10=1392 c11=1012 c12=1500 step=0
4168.4428,MEAS ms=182149 seq=6810 src=1 c9=1012 c10=1392 c11=1012 c12=1500 step=0
4168.4429,MEAS ms=182194 seq=6811 src=1 c9=1012 c10=1392 c11=1012 c12=1500 step=0
4168.4429,MEAS ms=182239 seq=6812 src=1 c9=1012 c10=1392 c11=1012 c12=1500 step=0
4168.4779,MEAS ms=182259 seq=6813 src=1 c9=1012 c10=1392 c11=1012 c12=1500 step=0
4168.4779,MEAS ms=182267 seq=6814 src=1 c9=1012 c10=1392 c11=1012 c12=1500 step=0
4168.4779,MEAS ms=182276 seq=6815 src=1 c9=1012 c10=1392 c11=1012 c12=1500 step=0
4168.4780,MEAS ms=182285 seq=6816 src=1 c9=1012 c10=1392 c11=1012 c12=1500 step=0
4168.6128,MEAS ms=182294 seq=6817 src=1 c9=1012 c10=1392 c11=1012 c12=1500 step=0
4168.6129,MEAS ms=182339 seq=6818 src=1 c9=1012 c10=1392 c11=1012 c12=1500 step=0
4168.6129,MEAS ms=182384 seq=6819 src=1 c9=1012 c10=1392 c11=1012 c12=1500 step=0
4168.7927,MEAS ms=182429 seq=6820 src=1 c9=1012 c10=1392 c11=1012 c12=1500 step=0
4168.7928,MEAS ms=182474 seq=6821 src=1 c9=1012 c10=1392 c11=1012 c12=1500 step=0
4168.7928,MEAS ms=182519 seq=6822 src=1 c9=1012 c10=1392 c11=1012 c12=1500 step=0
4168.7928,MEAS ms=182564 seq=6823 src=1 c9=1012 c10=1402 c11=1012 c12=1500 step=0
4168.9276,MEAS ms=182609 seq=6824 src=1 c9=1012 c10=1402 c11=1012 c12=1500 step=0
4168.9277,MEAS ms=182654 seq=6825 src=1 c9=1010 c10=1402 c11=1012 c12=1500 step=0
4168.9277,MEAS ms=182699 seq=6826 src=1 c9=1012 c10=1402 c11=1010 c12=1500 step=0
4169.0095,MEAS ms=182744 seq=6827 src=1 c9=1012 c10=1402 c11=1012 c12=1499 step=0
4169.0096,MEAS ms=182789 seq=6828 src=1 c9=1012 c10=1402 c11=1012 c12=1500 step=0
4169.0096,MEAS ms=182809 seq=6829 src=1 c9=1012 c10=1402 c11=1012 c12=1500 step=0
4169.0096,MEAS ms=182817 seq=6830 src=1 c9=1012 c10=1402 c11=1012 c12=1500 step=0
4169.0729,MEAS ms=182826 seq=6831 src=1 c9=1012 c10=1402 c11=1012 c12=1500 step=0
4169.0730,MEAS ms=182835 seq=6832 src=1 c9=1012 c10=1402 c11=1012 c12=1500 step=0
4169.0730,MEAS ms=182844 seq=6833 src=1 c9=1012 c10=1402 c11=1012 c12=1500 step=0
4169.2527,MEAS ms=182889 seq=6834 src=1 c9=1012 c10=1402 c11=1012 c12=1500 step=0
4169.2528,MEAS ms=182934 seq=6835 src=1 c9=1012 c10=1402 c11=1012 c12=1500 step=0
4169.2528,MEAS ms=182979 seq=6836 src=1 c9=1012 c10=1402 c11=1012 c12=1500 step=0
4169.2528,MEAS ms=183024 seq=6837 src=1 c9=1012 c10=1402 c11=1012 c12=1500 step=0
4169.3877,MEAS ms=183069 seq=6838 src=1 c9=1012 c10=1402 c11=1012 c12=1500 step=0
4169.3877,MEAS ms=183114 seq=6839 src=1 c9=1012 c10=1402 c11=1012 c12=1500 step=0
4169.3878,MEAS ms=183159 seq=6840 src=1 c9=1012 c10=1402 c11=1012 c12=1500 step=0
4169.5428,MEAS ms=183204 seq=6841 src=1 c9=1012 c10=1402 c11=1012 c12=1500 step=0
4169.5428,MEAS ms=183249 seq=6842 src=1 c9=1012 c10=1402 c11=1012 c12=1500 step=0
4169.5428,MEAS ms=183294 seq=6843 src=1 c9=1012 c10=1402 c11=1012 c12=1500 step=0
4169.5428,MEAS ms=183339 seq=6844 src=1 c9=1012 c10=1402 c11=1012 c12=1500 step=0
4169.5690,MEAS ms=183359 seq=6845 src=1 c9=1012 c10=1402 c11=1012 c12=1500 step=0
4169.5690,MEAS ms=183367 seq=6846 src=1 c9=1012 c10=1402 c11=1012 c12=1500 step=0
4169.5690,MEAS ms=183376 seq=6847 src=1 c9=1012 c10=1402 c11=1012 c12=1500 step=0
4169.7129,MEAS ms=183385 seq=6848 src=1 c9=1012 c10=1402 c11=1012 c12=1500 step=0
4169.7130,MEAS ms=183394 seq=6849 src=1 c9=1012 c10=1402 c11=1012 c12=1500 step=0
4169.7130,MEAS ms=183439 seq=6850 src=1 c9=1012 c10=1402 c11=1012 c12=1500 step=0
4169.7130,MEAS ms=183484 seq=6851 src=1 c9=1012 c10=1402 c11=1012 c12=1500 step=0
4169.8478,MEAS ms=183529 seq=6852 src=1 c9=1012 c10=1402 c11=1012 c12=1500 step=0
4169.8479,MEAS ms=183574 seq=6853 src=1 c9=1012 c10=1412 c11=1012 c12=1500 step=0
4169.8479,MEAS ms=183619 seq=6854 src=1 c9=1010 c10=1412 c11=1012 c12=1500 step=0
4170.0277,MEAS ms=183664 seq=6855 src=1 c9=1012 c10=1411 c11=1012 c12=1500 step=0
4170.0277,MEAS ms=183709 seq=6856 src=1 c9=1012 c10=1412 c11=1010 c12=1500 step=0
4170.0277,MEAS ms=183754 seq=6857 src=1 c9=1012 c10=1412 c11=1012 c12=1499 step=0
4170.0277,MEAS ms=183799 seq=6858 src=1 c9=1012 c10=1412 c11=1012 c12=1500 step=0
4170.1006,MEAS ms=183844 seq=6859 src=1 c9=1012 c10=1412 c11=1012 c12=1500 step=0
4170.1006,MEAS ms=183889 seq=6860 src=1 c9=1012 c10=1412 c11=1012 c12=1500 step=0
4170.1006,MEAS ms=183909 seq=6861 src=1 c9=1012 c10=1412 c11=1012 c12=1500 step=0
4170.1728,MEAS ms=183917 seq=6862 src=1 c9=1012 c10=1412 c11=1012 c12=1500 step=0
4170.1729,MEAS ms=183926 seq=6863 src=1 c9=1012 c10=1412 c11=1012 c12=1500 step=0
4170.1729,MEAS ms=183935 seq=6864 src=1 c9=1012 c10=1412 c11=1012 c12=1500 step=0
4170.1729,MEAS ms=183944 seq=6865 src=1 c9=1012 c10=1412 c11=1012 c12=1500 step=0
4170.3078,MEAS ms=183989 seq=6866 src=1 c9=1012 c10=1412 c11=1012 c12=1500 step=0
4170.3078,MEAS ms=184034 seq=6867 src=1 c9=1012 c10=1412 c11=1012 c12=1500 step=0
4170.3078,MEAS ms=184079 seq=6868 src=1 c9=1012 c10=1412 c11=1012 c12=1500 step=0
4170.3078,MEAS ms=184124 seq=6869 src=1 c9=1012 c10=1412 c11=1012 c12=1500 step=0
4170.4879,MEAS ms=184169 seq=6870 src=1 c9=1012 c10=1412 c11=1012 c12=1500 step=0
4170.4879,MEAS ms=184214 seq=6871 src=1 c9=1012 c10=1412 c11=1012 c12=1500 step=0
4170.4879,MEAS ms=184259 seq=6872 src=1 c9=1012 c10=1412 c11=1012 c12=1500 step=0
4170.6426,MEAS ms=184304 seq=6873 src=1 c9=1012 c10=1412 c11=1012 c12=1500 step=0
4170.6427,MEAS ms=184349 seq=6874 src=1 c9=1012 c10=1412 c11=1012 c12=1500 step=0
4170.6427,MEAS ms=184394 seq=6875 src=1 c9=1012 c10=1412 c11=1012 c12=1500 step=0
4170.6427,MEAS ms=184439 seq=6876 src=1 c9=1012 c10=1412 c11=1012 c12=1500 step=0
4170.6688,MEAS ms=184459 seq=6877 src=1 c9=1012 c10=1412 c11=1012 c12=1500 step=0
4170.6688,MEAS ms=184467 seq=6878 src=1 c9=1012 c10=1412 c11=1012 c12=1500 step=0
4170.6688,MEAS ms=184476 seq=6879 src=1 c9=1012 c10=1412 c11=1012 c12=1500 step=0
4170.8128,MEAS ms=184485 seq=6880 src=1 c9=1012 c10=1412 c11=1012 c12=1500 step=0
4170.8128,MEAS ms=184494 seq=6881 src=1 c9=1012 c10=1412 c11=1012 c12=1500 step=0
4170.8128,MEAS ms=184539 seq=6882 src=1 c9=1012 c10=1412 c11=1012 c12=1500 step=0
4170.8128,MEAS ms=184584 seq=6883 src=1 c9=1012 c10=1422 c11=1012 c12=1500 step=0
4170.9478,MEAS ms=184629 seq=6884 src=1 c9=1010 c10=1422 c11=1012 c12=1500 step=0
4170.9479,MEAS ms=184674 seq=6885 src=1 c9=1012 c10=1420 c11=1012 c12=1500 step=0
4170.9479,MEAS ms=184719 seq=6886 src=1 c9=1012 c10=1422 c11=1012 c12=1499 step=0
4171.1278,MEAS ms=184764 seq=6887 src=1 c9=1012 c10=1422 c11=1012 c12=1499 step=0
4171.1279,MEAS ms=184809 seq=6888 src=1 c9=1012 c10=1422 c11=1012 c12=1500 step=0
4171.1279,MEAS ms=184854 seq=6889 src=1 c9=1012 c10=1422 c11=1012 c12=1500 step=0
4171.1279,MEAS ms=184899 seq=6890 src=1 c9=1012 c10=1422 c11=1012 c12=1500 step=0
4171.2005,MEAS ms=184944 seq=6891 src=1 c9=1012 c10=1422 c11=1012 c12=1500 step=0
4171.2006,MEAS ms=184989 seq=6892 src=1 c9=1012 c10=1422 c11=1012 c12=1500 step=0
4171.2006,MEAS ms=185009 seq=6893 src=1 c9=1012 c10=1422 c11=1012 c12=1500 step=0
4171.2727,MEAS ms=185017 seq=6894 src=1 c9=1012 c10=1422 c11=1012 c12=1500 step=0
4171.2727,MEAS ms=185026 seq=6895 src=1 c9=1012 c10=1422 c11=1012 c12=1500 step=0
4171.2727,MEAS ms=185035 seq=6896 src=1 c9=1012 c10=1422 c11=1012 c12=1500 step=0
4171.2727,MEAS ms=185044 seq=6897 src=1 c9=1012 c10=1422 c11=1012 c12=1500 step=0
4171.4079,MEAS ms=185089 seq=6898 src=1 c9=1012 c10=1422 c11=1012 c12=1500 step=0
4171.4079,MEAS ms=185134 seq=6899 src=1 c9=1012 c10=1422 c11=1012 c12=1500 step=0
4171.4079,MEAS ms=185179 seq=6900 src=1 c9=1012 c10=1422 c11=1012 c12=1500 step=0
4171.5878,MEAS ms=185224 seq=6901 src=1 c9=1012 c10=1422 c11=1012 c12=1500 step=0
4171.5879,MEAS ms=185269 seq=6902 src=1 c9=1012 c10=1422 c11=1012 c12=1500 step=0
4171.5879,MEAS ms=185314 seq=6903 src=1 c9=1012 c10=1422 c11=1012 c12=1500 step=0
4171.5879,MEAS ms=185359 seq=6904 src=1 c9=1012 c10=1422 c11=1012 c12=1500 step=0
4171.7227,MEAS ms=185404 seq=6905 src=1 c9=1012 c10=1422 c11=1012 c12=1500 step=0
4171.7228,MEAS ms=185449 seq=6906 src=1 c9=1012 c10=1422 c11=1012 c12=1500 step=0
4171.7228,MEAS ms=185494 seq=6907 src=1 c9=1012 c10=1422 c11=1012 c12=1500 step=0
4171.7689,MEAS ms=185539 seq=6908 src=1 c9=1012 c10=1422 c11=1012 c12=1500 step=0
4171.7690,MEAS ms=185559 seq=6909 src=1 c9=1012 c10=1422 c11=1012 c12=1500 step=0
4171.7690,MEAS ms=185567 seq=6910 src=1 c9=1012 c10=1422 c11=1012 c12=1500 step=0
4171.7690,MEAS ms=185576 seq=6911 src=1 c9=1012 c10=1431 c11=1012 c12=1500 step=0
4171.8678,MEAS ms=185585 seq=6912 src=1 c9=1012 c10=1431 c11=1012 c12=1500 step=0
4171.8678,MEAS ms=185594 seq=6913 src=1 c9=1012 c10=1431 c11=1012 c12=1500 step=0
4171.8679,MEAS ms=185639 seq=6914 src=1 c9=1010 c10=1431 c11=1012 c12=1500 step=0
4172.0477,MEAS ms=185684 seq=6915 src=1 c9=1012 c10=1431 c11=1012 c12=1500 step=0
4172.0478,MEAS ms=185729 seq=6916 src=1 c9=1012 c10=1431 c11=1012 c12=1500 step=0
4172.0478,MEAS ms=185774 seq=6917 src=1 c9=1012 c10=1431 c11=1012 c12=1500 step=0
4172.0478,MEAS ms=185819 seq=6918 src=1 c9=1012 c10=1431 c11=1012 c12=1500 step=0
4172.1828,MEAS ms=185864 seq=6919 src=1 c9=1012 c10=1431 c11=1012 c12=1500 step=0
4172.1828,MEAS ms=185909 seq=6920 src=1 c9=1012 c10=1431 c11=1012 c12=1500 step=0
4172.1828,MEAS ms=185954 seq=6921 src=1 c9=1012 c10=1431 c11=1012 c12=1500 step=0
4172.3006,MEAS ms=185999 seq=6922 src=1 c9=1012 c10=1431 c11=1012 c12=1500 step=0
4172.3007,MEAS ms=186044 seq=6923 src=1 c9=1012 c10=1431 c11=1012 c12=1500 step=0
4172.3007,MEAS ms=186089 seq=6924 src=1 c9=1012 c10=1431 c11=1012 c12=1500 step=0
4172.3007,MEAS ms=186109 seq=6925 src=1 c9=1012 c10=1431 c11=1012 c12=1500 step=0
4172.3280,MEAS ms=186117 seq=6926 src=1 c9=1012 c10=1431 c11=1012 c12=1500 step=0
4172.3280,MEAS ms=186126 seq=6927 src=1 c9=1012 c10=1431 c11=1012 c12=1500 step=0
4172.3280,MEAS ms=186135 seq=6928 src=1 c9=1012 c10=1431 c11=1012 c12=1500 step=0
4172.5077,MEAS ms=186144 seq=6929 src=1 c9=1012 c10=1431 c11=1012 c12=1500 step=0
4172.5077,MEAS ms=186189 seq=6930 src=1 c9=1012 c10=1431 c11=1012 c12=1500 step=0
4172.5077,MEAS ms=186234 seq=6931 src=1 c9=1012 c10=1431 c11=1012 c12=1500 step=0
4172.5077,MEAS ms=186279 seq=6932 src=1 c9=1012 c10=1431 c11=1012 c12=1500 step=0
4172.6425,MEAS ms=186324 seq=6933 src=1 c9=1012 c10=1431 c11=1012 c12=1500 step=0
4172.6426,MEAS ms=186369 seq=6934 src=1 c9=1012 c10=1431 c11=1012 c12=1500 step=0
4172.6426,MEAS ms=186414 seq=6935 src=1 c9=1012 c10=1431 c11=1012 c12=1500 step=0
4172.8226,MEAS ms=186459 seq=6936 src=1 c9=1012 c10=1431 c11=1012 c12=1500 step=0
4172.8226,MEAS ms=186504 seq=6937 src=1 c9=1012 c10=1431 c11=1012 c12=1500 step=0
4172.8226,MEAS ms=186549 seq=6938 src=1 c9=1012 c10=1431 c11=1012 c12=1500 step=0
4172.8227,MEAS ms=186594 seq=6939 src=1 c9=1010 c10=1441 c11=1012 c12=1500 step=0
4172.8596,MEAS ms=186639 seq=6940 src=1 c9=1012 c10=1441 c11=1010 c12=1500 step=0
4172.8596,MEAS ms=186659 seq=6941 src=1 c9=1012 c10=1441 c11=1010 c12=1500 step=0
4172.8596,MEAS ms=186667 seq=6942 src=1 c9=1012 c10=1441 c11=1010 c12=1500 step=0
4172.9678,MEAS ms=186676 seq=6943 src=1 c9=1012 c10=1441 c11=1012 c12=1500 step=0
4172.9679,MEAS ms=186685 seq=6944 src=1 c9=1012 c10=1441 c11=1012 c12=1499 step=0
4172.9679,MEAS ms=186694 seq=6945 src=1 c9=1012 c10=1441 c11=1012 c12=1499 step=0
4172.9679,MEAS ms=186739 seq=6946 src=1 c9=1012 c10=1441 c11=1012 c12=1500 step=0
4173.1028,MEAS ms=186784 seq=6947 src=1 c9=1012 c10=1441 c11=1012 c12=1500 step=0
4173.1029,MEAS ms=186829 seq=6948 src=1 c9=1012 c10=1441 c11=1012 c12=1500 step=0
4173.1029,MEAS ms=186874 seq=6949 src=1 c9=1012 c10=1441 c11=1012 c12=1500 step=0
4173.2827,MEAS ms=186919 seq=6950 src=1 c9=1012 c10=1441 c11=1012 c12=1500 step=0
4173.2827,MEAS ms=186964 seq=6951 src=1 c9=1012 c10=1441 c11=1012 c12=1500 step=0
4173.2827,MEAS ms=187009 seq=6952 src=1 c9=1012 c10=1441 c11=1012 c12=1500 step=0
4173.2828,MEAS ms=187054 seq=6953 src=1 c9=1012 c10=1441 c11=1012 c12=1500 step=0
4173.4177,MEAS ms=187099 seq=6954 src=1 c9=1012 c10=1441 c11=1012 c12=1500 step=0
4173.4177,MEAS ms=187144 seq=6955 src=1 c9=1012 c10=1441 c11=1012 c12=1500 step=0
4173.4177,MEAS ms=187189 seq=6956 src=1 c9=1012 c10=1441 c11=1012 c12=1500 step=0
4173.4636,MEAS ms=187234 seq=6957 src=1 c9=1012 c10=1441 c11=1012 c12=1500 step=0
4173.4636,MEAS ms=187254 seq=6958 src=1 c9=1012 c10=1441 c11=1012 c12=1500 step=0
4173.4636,MEAS ms=187262 seq=6959 src=1 c9=1012 c10=1441 c11=1012 c12=1500 step=0
4173.4636,MEAS ms=187271 seq=6960 src=1 c9=1012 c10=1441 c11=1012 c12=1500 step=0
4173.5626,MEAS ms=187280 seq=6961 src=1 c9=1012 c10=1441 c11=1012 c12=1500 step=0
4173.5626,MEAS ms=187289 seq=6962 src=1 c9=1012 c10=1441 c11=1012 c12=1500 step=0
4173.5627,MEAS ms=187334 seq=6963 src=1 c9=1012 c10=1441 c11=1012 c12=1500 step=0
4173.7429,MEAS ms=187379 seq=6964 src=1 c9=1012 c10=1441 c11=1012 c12=1500 step=0
4173.7429,MEAS ms=187424 seq=6965 src=1 c9=1012 c10=1441 c11=1012 c12=1500 step=0
4173.7429,MEAS ms=187469 seq=6966 src=1 c9=1012 c10=1441 c11=1012 c12=1500 step=0
4173.7430,MEAS ms=187514 seq=6967 src=1 c9=1012 c10=1441 c11=1012 c12=1500 step=0
4173.8779,MEAS ms=187559 seq=6968 src=1 c9=1010 c10=1441 c11=1012 c12=1500 step=0
4173.8780,MEAS ms=187604 seq=6969 src=1 c9=1012 c10=1450 c11=1012 c12=1500 step=0
4173.8780,MEAS ms=187649 seq=6970 src=1 c9=1012 c10=1451 c11=1010 c12=1500 step=0
4173.9597,MEAS ms=187694 seq=6971 src=1 c9=1012 c10=1451 c11=1012 c12=1499 step=0
4173.9597,MEAS ms=187739 seq=6972 src=1 c9=1012 c10=1451 c11=1012 c12=1500 step=0
4173.9597,MEAS ms=187759 seq=6973 src=1 c9=1012 c10=1451 c11=1012 c12=1500 step=0
4173.9598,MEAS ms=187767 seq=6974 src=1 c9=1012 c10=1451 c11=1012 c12=1500 step=0
4174.0129,MEAS ms=187776 seq=6975 src=1 c9=1012 c10=1451 c11=1012 c12=1500 step=0
4174.0129,MEAS ms=187785 seq=6976 src=1 c9=1012 c10=1451 c11=1012 c12=1500 step=0
4174.0129,MEAS ms=187794 seq=6977 src=1 c9=1012 c10=1451 c11=1012 c12=1500 step=0
4174.0586,MEAS ms=187829 seq=6978 src=1 c9=1012 c10=1451 c11=1012 c12=1500 step=0
4174.0586,MEAS ms=187849 seq=6979 src=1 c9=1012 c10=1451 c11=1012 c12=1500 step=0
4174.0586,MEAS ms=187857 seq=6980 src=1 c9=1012 c10=1451 c11=1012 c12=1500 step=0
4174.0586,MEAS ms=187866 seq=6981 src=1 c9=1012 c10=1451 c11=1012 c12=1500 step=0
4174.1577,MEAS ms=187875 seq=6982 src=1 c9=1012 c10=1451 c11=1012 c12=1500 step=0
4174.1577,MEAS ms=187884 seq=6983 src=1 c9=1012 c10=1451 c11=1012 c12=1500 step=0
4174.1577,MEAS ms=187929 seq=6984 src=1 c9=1012 c10=1451 c11=1012 c12=1500 step=0
4174.3377,MEAS ms=187974 seq=6985 src=1 c9=1012 c10=1451 c11=1012 c12=1500 step=0
4174.3377,MEAS ms=188019 seq=6986 src=1 c9=1012 c10=1451 c11=1012 c12=1500 step=0
4174.3377,MEAS ms=188064 seq=6987 src=1 c9=1012 c10=1451 c11=1012 c12=1500 step=0
4174.3377,MEAS ms=188109 seq=6988 src=1 c9=1012 c10=1451 c11=1012 c12=1500 step=0
4174.4727,MEAS ms=188154 seq=6989 src=1 c9=1012 c10=1451 c11=1012 c12=1500 step=0
4174.4727,MEAS ms=188199 seq=6990 src=1 c9=1012 c10=1451 c11=1012 c12=1500 step=0
4174.4727,MEAS ms=188244 seq=6991 src=1 c9=1012 c10=1451 c11=1012 c12=1500 step=0
4174.5189,MEAS ms=188289 seq=6992 src=1 c9=1012 c10=1451 c11=1012 c12=1500 step=0
4174.5189,MEAS ms=188309 seq=6993 src=1 c9=1012 c10=1451 c11=1012 c12=1500 step=0
4174.5190,MEAS ms=188317 seq=6994 src=1 c9=1012 c10=1451 c11=1012 c12=1500 step=0
4174.5190,MEAS ms=188326 seq=6995 src=1 c9=1012 c10=1451 c11=1012 c12=1500 step=0
4174.6177,MEAS ms=188335 seq=6996 src=1 c9=1012 c10=1451 c11=1012 c12=1500 step=0
4174.6177,MEAS ms=188344 seq=6997 src=1 c9=1012 c10=1451 c11=1012 c12=1500 step=0
4174.6178,MEAS ms=188389 seq=6998 src=1 c9=1012 c10=1451 c11=1012 c12=1500 step=0
4174.7977,MEAS ms=188434 seq=6999 src=1 c9=1012 c10=1451 c11=1012 c12=1500 step=0
4174.7977,MEAS ms=188479 seq=7000 src=1 c9=1012 c10=1451 c11=1012 c12=1500 step=0
4174.7977,MEAS ms=188524 seq=7001 src=1 c9=1012 c10=1451 c11=1012 c12=1500 step=0
4174.7977,MEAS ms=188569 seq=7002 src=1 c9=1010 c10=1451 c11=1012 c12=1500 step=0
4174.9328,MEAS ms=188614 seq=7003 src=1 c9=1012 c10=1460 c11=1012 c12=1500 step=0
4174.9328,MEAS ms=188659 seq=7004 src=1 c9=1012 c10=1461 c11=1012 c12=1500 step=0
4174.9328,MEAS ms=188704 seq=7005 src=1 c9=1012 c10=1461 c11=1012 c12=1500 step=0
4175.0506,MEAS ms=188749 seq=7006 src=1 c9=1012 c10=1461 c11=1012 c12=1500 step=0
4175.0506,MEAS ms=188794 seq=7007 src=1 c9=1012 c10=1461 c11=1012 c12=1500 step=0
4175.0506,MEAS ms=188839 seq=7008 src=1 c9=1012 c10=1461 c11=1012 c12=1500 step=0
4175.0506,MEAS ms=188859 seq=7009 src=1 c9=1012 c10=1461 c11=1012 c12=1500 step=0
4175.0777,MEAS ms=188867 seq=7010 src=1 c9=1012 c10=1461 c11=1012 c12=1500 step=0
4175.0777,MEAS ms=188876 seq=7011 src=1 c9=1012 c10=1461 c11=1012 c12=1500 step=0
4175.0777,MEAS ms=188885 seq=7012 src=1 c9=1012 c10=1461 c11=1012 c12=1500 step=0
4175.2576,MEAS ms=188894 seq=7013 src=1 c9=1012 c10=1461 c11=1012 c12=1500 step=0
4175.2577,MEAS ms=188939 seq=7014 src=1 c9=1012 c10=1461 c11=1012 c12=1500 step=0
4175.2577,MEAS ms=188984 seq=7015 src=1 c9=1012 c10=1461 c11=1012 c12=1500 step=0
4175.2577,MEAS ms=189029 seq=7016 src=1 c9=1012 c10=1461 c11=1012 c12=1500 step=0
4175.3928,MEAS ms=189074 seq=7017 src=1 c9=1012 c10=1461 c11=1012 c12=1500 step=0
4175.3928,MEAS ms=189119 seq=7018 src=1 c9=1012 c10=1461 c11=1012 c12=1500 step=0
4175.3928,MEAS ms=189164 seq=7019 src=1 c9=1012 c10=1461 c11=1012 c12=1500 step=0
4175.5729,MEAS ms=189209 seq=7020 src=1 c9=1012 c10=1461 c11=1012 c12=1500 step=0
4175.5729,MEAS ms=189254 seq=7021 src=1 c9=1012 c10=1461 c11=1012 c12=1500 step=0
4175.5730,MEAS ms=189299 seq=7022 src=1 c9=1012 c10=1461 c11=1012 c12=1500 step=0
4175.5730,MEAS ms=189344 seq=7023 src=1 c9=1012 c10=1461 c11=1012 c12=1500 step=0
4175.6095,MEAS ms=189389 seq=7024 src=1 c9=1012 c10=1461 c11=1012 c12=1500 step=0
4175.6096,MEAS ms=189409 seq=7025 src=1 c9=1012 c10=1461 c11=1012 c12=1500 step=0
4175.6096,MEAS ms=189417 seq=7026 src=1 c9=1012 c10=1461 c11=1012 c12=1500 step=0
4175.7178,MEAS ms=189426 seq=7027 src=1 c9=1012 c10=1461 c11=1012 c12=1500 step=0
4175.7178,MEAS ms=189435 seq=7028 src=1 c9=1012 c10=1461 c11=1012 c12=1500 step=0
4175.7178,MEAS ms=189444 seq=7029 src=1 c9=1012 c10=1461 c11=1012 c12=1500 step=0
4175.7178,MEAS ms=189489 seq=7030 src=1 c9=1012 c10=1461 c11=1012 c12=1500 step=0
4175.8532,MEAS ms=189534 seq=7031 src=1 c9=1012 c10=1461 c11=1012 c12=1500 step=0
4175.8533,MEAS ms=189579 seq=7032 src=1 c9=1010 c10=1461 c11=1012 c12=1500 step=0
4175.8533,MEAS ms=189624 seq=7033 src=1 c9=1012 c10=1471 c11=1012 c12=1499 step=0
4176.0326,MEAS ms=189669 seq=7034 src=1 c9=1012 c10=1471 c11=1012 c12=1500 step=0
4176.0326,MEAS ms=189714 seq=7035 src=1 c9=1012 c10=1471 c11=1012 c12=1500 step=0
4176.0326,MEAS ms=189759 seq=7036 src=1 c9=1012 c10=1471 c11=1012 c12=1500 step=0
4176.0326,MEAS ms=189804 seq=7037 src=1 c9=1012 c10=1471 c11=1012 c12=1500 step=0
4176.1426,MEAS ms=189849 seq=7038 src=1 c9=1012 c10=1471 c11=1012 c12=1500 step=0
4176.1426,MEAS ms=189894 seq=7039 src=1 c9=1012 c10=1471 c11=1012 c12=1500 step=0
4176.1426,MEAS ms=189939 seq=7040 src=1 c9=1012 c10=1471 c11=1012 c12=1500 step=0
4176.1779,MEAS ms=189959 seq=7041 src=1 c9=1012 c10=1471 c11=1012 c12=1500 step=0
4176.1779,MEAS ms=189967 seq=7042 src=1 c9=1012 c10=1471 c11=1012 c12=1500 step=0
4176.1779,MEAS ms=189976 seq=7043 src=1 c9=1012 c10=1471 c11=1012 c12=1500 step=0
4176.1780,MEAS ms=189985 seq=7044 src=1 c9=1012 c10=1471 c11=1012 c12=1500 step=0
4176.3128,MEAS ms=189994 seq=7045 src=1 c9=1012 c10=1471 c11=1012 c12=1500 step=0
4176.3129,MEAS ms=190039 seq=7046 src=1 c9=1012 c10=1471 c11=1012 c12=1500 step=0
4176.3129,MEAS ms=190084 seq=7047 src=1 c9=1012 c10=1471 c11=1012 c12=1500 step=0
4176.4927,MEAS ms=190129 seq=7048 src=1 c9=1012 c10=1471 c11=1012 c12=1500 step=0
4176.4927,MEAS ms=190174 seq=7049 src=1 c9=1012 c10=1471 c11=1012 c12=1500 step=0
4176.4927,MEAS ms=190219 seq=7050 src=1 c9=1012 c10=1471 c11=1012 c12=1500 step=0
4176.4927,MEAS ms=190264 seq=7051 src=1 c9=1012 c10=1471 c11=1012 c12=1500 step=0
4176.6278,MEAS ms=190309 seq=7052 src=1 c9=1012 c10=1471 c11=1012 c12=1500 step=0
4176.6278,MEAS ms=190354 seq=7053 src=1 c9=1012 c10=1471 c11=1012 c12=1500 step=0
4176.6278,MEAS ms=190399 seq=7054 src=1 c9=1012 c10=1471 c11=1012 c12=1500 step=0
4176.7095,MEAS ms=190444 seq=7055 src=1 c9=1012 c10=1471 c11=1012 c12=1500 step=0
4176.7096,MEAS ms=190489 seq=7056 src=1 c9=1012 c10=1471 c11=1012 c12=1500 step=0
4176.7096,MEAS ms=190509 seq=7057 src=1 c9=1012 c10=1471 c11=1012 c12=1500 step=0
4176.7096,MEAS ms=190517 seq=7058 src=1 c9=1012 c10=1471 c11=1012 c12=1500 step=0
4176.7727,MEAS ms=190526 seq=7059 src=1 c9=1012 c10=1471 c11=1012 c12=1500 step=0
4176.7727,MEAS ms=190535 seq=7060 src=1 c9=1012 c10=1471 c11=1012 c12=1500 step=0
4176.7728,MEAS ms=190544 seq=7061 src=1 c9=1012 c10=1469 c11=1012 c12=1500 step=0
4176.9529,MEAS ms=190589 seq=7062 src=1 c9=1012 c10=1471 c11=1010 c12=1500 step=0
4176.9530,MEAS ms=190634 seq=7063 src=1 c9=1012 c10=1480 c11=1012 c12=1499 step=0
4176.9530,MEAS ms=190679 seq=7064 src=1 c9=1012 c10=1480 c11=1012 c12=1500 step=0
4176.9530,MEAS ms=190724 seq=7065 src=1 c9=1012 c10=1480 c11=1012 c12=1500 step=0
4177.0879,MEAS ms=190769 seq=7066 src=1 c9=1012 c10=1480 c11=1012 c12=1500 step=0
4177.0880,MEAS ms=190814 seq=7067 src=1 c9=1012 c10=1480 c11=1012 c12=1500 step=0
4177.0880,MEAS ms=190859 seq=7068 src=1 c9=1012 c10=1480 c11=1012 c12=1500 step=0
4177.2678,MEAS ms=190904 seq=7069 src=1 c9=1012 c10=1480 c11=1012 c12=1500 step=0
4177.2679,MEAS ms=190949 seq=7070 src=1 c9=1012 c10=1480 c11=1012 c12=1500 step=0
4177.2679,MEAS ms=190994 seq=7071 src=1 c9=1012 c10=1480 c11=1012 c12=1500 step=0
4177.2679,MEAS ms=191039 seq=7072 src=1 c9=1012 c10=1480 c11=1012 c12=1500 step=0
4177.3048,MEAS ms=191084 seq=7073 src=1 c9=1012 c10=1480 c11=1012 c12=1500 step=0
4177.3048,MEAS ms=191104 seq=7074 src=1 c9=1012 c10=1480 c11=1012 c12=1500 step=0
4177.3048,MEAS ms=191112 seq=7075 src=1 c9=1012 c10=1480 c11=1012 c12=1500 step=0
4177.4127,MEAS ms=191121 seq=7076 src=1 c9=1012 c10=1480 c11=1012 c12=1500 step=0
4177.4128,MEAS ms=191130 seq=7077 src=1 c9=1012 c10=1480 c11=1012 c12=1500 step=0
4177.4128,MEAS ms=191139 seq=7078 src=1 c9=1012 c10=1480 c11=1012 c12=1500 step=0
4177.4128,MEAS ms=191184 seq=7079 src=1 c9=1012 c10=1480 c11=1012 c12=1500 step=0
4177.5478,MEAS ms=191229 seq=7080 src=1 c9=1012 c10=1480 c11=1012 c12=1500 step=0
4177.5478,MEAS ms=191274 seq=7081 src=1 c9=1012 c10=1480 c11=1012 c12=1500 step=0
4177.5478,MEAS ms=191319 seq=7082 src=1 c9=1012 c10=1480 c11=1012 c12=1500 step=0
4177.7276,MEAS ms=191364 seq=7083 src=1 c9=1012 c10=1480 c11=1012 c12=1500 step=0
4177.7276,MEAS ms=191409 seq=7084 src=1 c9=1012 c10=1480 c11=1012 c12=1500 step=0
4177.7276,MEAS ms=191454 seq=7085 src=1 c9=1012 c10=1480 c11=1012 c12=1500 step=0
4177.7276,MEAS ms=191499 seq=7086 src=1 c9=1010 c10=1480 c11=1012 c12=1500 step=0
4177.8377,MEAS ms=191544 seq=7087 src=1 c9=1012 c10=1479 c11=1012 c12=1500 step=0
4177.8378,MEAS ms=191589 seq=7088 src=1 c9=1012 c10=1480 c11=1010 c12=1500 step=0
4177.8378,MEAS ms=191634 seq=7089 src=1 c9=1012 c10=1490 c11=1012 c12=1499 step=0
4177.8733,MEAS ms=191654 seq=7090 src=1 c9=1012 c10=1490 c11=1012 c12=1500 step=0
4177.8734,MEAS ms=191662 seq=7091 src=1 c9=1012 c10=1490 c11=1012 c12=1500 step=0
4177.8734,MEAS ms=191671 seq=7092 src=1 c9=1012 c10=1490 c11=1012 c12=1500 step=0
4177.8734,MEAS ms=191680 seq=7093 src=1 c9=1012 c10=1490 c11=1012 c12=1500 step=0
4178.0079,MEAS ms=191689 seq=7094 src=1 c9=1012 c10=1490 c11=1012 c12=1500 step=0
4178.0079,MEAS ms=191734 seq=7095 src=1 c9=1012 c10=1490 c11=1012 c12=1500 step=0
4178.0079,MEAS ms=191779 seq=7096 src=1 c9=1012 c10=1490 c11=1012 c12=1500 step=0
4178.1876,MEAS ms=191824 seq=7097 src=1 c9=1012 c10=1490 c11=1012 c12=1500 step=0
4178.1877,MEAS ms=191869 seq=7098 src=1 c9=1012 c10=1490 c11=1012 c12=1500 step=0
4178.1877,MEAS ms=191914 seq=7099 src=1 c9=1012 c10=1490 c11=1012 c12=1500 step=0
4178.1877,MEAS ms=191959 seq=7100 src=1 c9=1012 c10=1490 c11=1012 c12=1500 step=0
4178.3226,MEAS ms=192004 seq=7101 src=1 c9=1012 c10=1490 c11=1012 c12=1500 step=0
4178.3227,MEAS ms=192049 seq=7102 src=1 c9=1012 c10=1490 c11=1012 c12=1500 step=0
4178.3227,MEAS ms=192094 seq=7103 src=1 c9=1012 c10=1490 c11=1012 c12=1500 step=0
4178.4045,MEAS ms=192139 seq=7104 src=1 c9=1012 c10=1490 c11=1012 c12=1500 step=0
4178.4045,MEAS ms=192184 seq=7105 src=1 c9=1012 c10=1490 c11=1012 c12=1500 step=0
4178.4046,MEAS ms=192204 seq=7106 src=1 c9=1012 c10=1490 c11=1012 c12=1500 step=0
4178.4046,MEAS ms=192212 seq=7107 src=1 c9=1012 c10=1490 c11=1012 c12=1500 step=0
4178.4678,MEAS ms=192221 seq=7108 src=1 c9=1012 c10=1490 c11=1012 c12=1500 step=0
4178.4679,MEAS ms=192230 seq=7109 src=1 c9=1012 c10=1490 c11=1012 c12=1500 step=0
4178.4679,MEAS ms=192239 seq=7110 src=1 c9=1012 c10=1490 c11=1012 c12=1500 step=0
4178.6476,MEAS ms=192284 seq=7111 src=1 c9=1012 c10=1490 c11=1012 c12=1500 step=0
4178.6477,MEAS ms=192329 seq=7112 src=1 c9=1012 c10=1490 c11=1012 c12=1500 step=0
4178.6477,MEAS ms=192374 seq=7113 src=1 c9=1012 c10=1490 c11=1012 c12=1500 step=0
4178.6477,MEAS ms=192419 seq=7114 src=1 c9=1012 c10=1490 c11=1012 c12=1500 step=0
4178.7828,MEAS ms=192464 seq=7115 src=1 c9=1012 c10=1490 c11=1012 c12=1500 step=0
4178.7828,MEAS ms=192509 seq=7116 src=1 c9=1010 c10=1490 c11=1012 c12=1500 step=0
4178.7828,MEAS ms=192554 seq=7117 src=1 c9=1012 c10=1489 c11=1012 c12=1500 step=0
4178.9377,MEAS ms=192599 seq=7118 src=1 c9=1012 c10=1500 c11=1012 c12=1500 step=0
4178.9378,MEAS ms=192644 seq=7119 src=1 c9=1012 c10=1500 c11=1012 c12=1499 step=0
4178.9378,MEAS ms=192689 seq=7120 src=1 c9=1012 c10=1500 c11=1012 c12=1500 step=0
4178.9378,MEAS ms=192734 seq=7121 src=1 c9=1012 c10=1500 c11=1012 c12=1500 step=0
4178.9639,MEAS ms=192754 seq=7122 src=1 c9=1012 c10=1500 c11=1012 c12=1500 step=0
4178.9639,MEAS ms=192762 seq=7123 src=1 c9=1012 c10=1500 c11=1012 c12=1500 step=0
4178.9639,MEAS ms=192771 seq=7124 src=1 c9=1012 c10=1500 c11=1012 c12=1500 step=0
4178.9639,MEAS ms=192780 seq=7125 src=1 c9=1012 c10=1500 c11=1012 c12=1500 step=0
4179.1077,MEAS ms=192789 seq=7126 src=1 c9=1012 c10=1500 c11=1012 c12=1500 step=0
4179.1077,MEAS ms=192834 seq=7127 src=1 c9=1012 c10=1500 c11=1012 c12=1500 step=0
4179.1077,MEAS ms=192879 seq=7128 src=1 c9=1012 c10=1500 c11=1012 c12=1500 step=0
4179.2878,MEAS ms=192924 seq=7129 src=1 c9=1012 c10=1500 c11=1012 c12=1500 step=0
4179.2878,MEAS ms=192969 seq=7130 src=1 c9=1012 c10=1500 c11=1012 c12=1500 step=0
4179.2878,MEAS ms=193014 seq=7131 src=1 c9=1012 c10=1500 c11=1012 c12=1500 step=0
4179.2879,MEAS ms=193059 seq=7132 src=1 c9=1012 c10=1500 c11=1012 c12=1500 step=0
4179.4226,MEAS ms=193104 seq=7133 src=1 c9=1012 c10=1500 c11=1012 c12=1500 step=0
4179.4226,MEAS ms=193149 seq=7134 src=1 c9=1012 c10=1500 c11=1012 c12=1500 step=0
4179.4226,MEAS ms=193194 seq=7135 src=1 c9=1012 c10=1500 c11=1012 c12=1500 step=0
4179.5044,MEAS ms=193239 seq=7136 src=1 c9=1012 c10=1500 c11=1012 c12=1500 step=0
4179.5044,MEAS ms=193284 seq=7137 src=1 c9=1012 c10=1500 c11=1012 c12=1500 step=0
4179.5045,MEAS ms=193304 seq=7138 src=1 c9=1012 c10=1500 c11=1012 c12=1500 step=0
4179.5045,MEAS ms=193312 seq=7139 src=1 c9=1012 c10=1500 c11=1012 c12=1500 step=0
4179.5677,MEAS ms=193321 seq=7140 src=1 c9=1012 c10=1500 c11=1012 c12=1500 step=0
4179.5677,MEAS ms=193330 seq=7141 src=1 c9=1012 c10=1500 c11=1012 c12=1500 step=0
4179.5677,MEAS ms=193339 seq=7142 src=1 c9=1012 c10=1500 c11=1012 c12=1500 step=0
4179.7478,MEAS ms=193384 seq=7143 src=1 c9=1012 c10=1500 c11=1012 c12=1500 step=0
4179.7478,MEAS ms=193429 seq=7144 src=1 c9=1012 c10=1500 c11=1012 c12=1500 step=0
4179.7478,MEAS ms=193474 seq=7145 src=1 c9=1012 c10=1500 c11=1012 c12=1500 step=0
4179.7478,MEAS ms=193519 seq=7146 src=1 c9=1010 c10=1500 c11=1012 c12=1500 step=0
4179.8828,MEAS ms=193564 seq=7147 src=1 c9=1012 c10=1499 c11=1010 c12=1500 step=0
4179.8829,MEAS ms=193609 seq=7148 src=1 c9=1012 c10=1500 c11=1012 c12=1499 step=0
4179.8829,MEAS ms=193654 seq=7149 src=1 c9=1012 c10=1510 c11=1012 c12=1500 step=0
4180.0378,MEAS ms=193699 seq=7150 src=1 c9=1012 c10=1510 c11=1012 c12=1500 step=0
4180.0378,MEAS ms=193744 seq=7151 src=1 c9=1012 c10=1510 c11=1012 c12=1500 step=0
4180.0378,MEAS ms=193789 seq=7152 src=1 c9=1012 c10=1510 c11=1012 c12=1500 step=0
4180.0379,MEAS ms=193834 seq=7153 src=1 c9=1012 c10=1510 c11=1012 c12=1500 step=0
4180.0637,MEAS ms=193854 seq=7154 src=1 c9=1012 c10=1510 c11=1012 c12=1500 step=0
4180.0638,MEAS ms=193862 seq=7155 src=1 c9=1012 c10=1510 c11=1012 c12=1500 step=0
4180.0638,MEAS ms=193871 seq=7156 src=1 c9=1012 c10=1510 c11=1012 c12=1500 step=0
4180.2076,MEAS ms=193880 seq=7157 src=1 c9=1012 c10=1510 c11=1012 c12=1500 step=0
4180.2077,MEAS ms=193889 seq=7158 src=1 c9=1012 c10=1510 c11=1012 c12=1500 step=0
4180.2077,MEAS ms=193934 seq=7159 src=1 c9=1012 c10=1510 c11=1012 c12=1500 step=0
4180.2077,MEAS ms=193979 seq=7160 src=1 c9=1012 c10=1510 c11=1012 c12=1500 step=0
4180.3427,MEAS ms=194024 seq=7161 src=1 c9=1012 c10=1510 c11=1012 c12=1500 step=0
4180.3427,MEAS ms=194069 seq=7162 src=1 c9=1012 c10=1510 c11=1012 c12=1500 step=0
4180.3427,MEAS ms=194114 seq=7163 src=1 c9=1012 c10=1510 c11=1012 c12=1500 step=0
4180.5226,MEAS ms=194159 seq=7164 src=1 c9=1012 c10=1510 c11=1012 c12=1500 step=0
4180.5226,MEAS ms=194204 seq=7165 src=1 c9=1012 c10=1510 c11=1012 c12=1500 step=0
4180.5226,MEAS ms=194249 seq=7166 src=1 c9=1012 c10=1510 c11=1012 c12=1500 step=0
4180.5226,MEAS ms=194294 seq=7167 src=1 c9=1012 c10=1510 c11=1012 c12=1500 step=0
4180.5956,MEAS ms=194339 seq=7168 src=1 c9=1012 c10=1510 c11=1012 c12=1500 step=0
4180.5956,MEAS ms=194384 seq=7169 src=1 c9=1012 c10=1510 c11=1012 c12=1500 step=0
4180.5956,MEAS ms=194404 seq=7170 src=1 c9=1012 c10=1510 c11=1012 c12=1500 step=0
4180.6678,MEAS ms=194412 seq=7171 src=1 c9=1012 c10=1510 c11=1012 c12=1500 step=0
4180.6679,MEAS ms=194421 seq=7172 src=1 c9=1012 c10=1510 c11=1012 c12=1500 step=0
4180.6679,MEAS ms=194430 seq=7173 src=1 c9=1012 c10=1510 c11=1012 c12=1500 step=0
4180.6679,MEAS ms=194439 seq=7174 src=1 c9=1012 c10=1510 c11=1012 c12=1500 step=0
4180.8028,MEAS ms=194484 seq=7175 src=1 c9=1010 c10=1510 c11=1012 c12=1500 step=0
4180.8029,MEAS ms=194529 seq=7176 src=1 c9=1012 c10=1508 c11=1012 c12=1500 step=0
4180.8029,MEAS ms=194574 seq=7177 src=1 c9=1012 c10=1510 c11=1010 c12=1500 step=0
4180.9828,MEAS ms=194619 seq=7178 src=1 c9=1012 c10=1510 c11=1010 c12=1500 step=0
4180.9828,MEAS ms=194664 seq=7179 src=1 c9=1012 c10=1519 c11=1012 c12=1500 step=0
4180.9829,MEAS ms=194709 seq=7180 src=1 c9=1012 c10=1519 c11=1012 c12=1500 step=0
4180.9829,MEAS ms=194754 seq=7181 src=1 c9=1012 c10=1519 c11=1012 c12=1500 step=0
4181.1178,MEAS ms=194799 seq=7182 src=1 c9=1012 c10=1519 c11=1012 c12=1500 step=0
4181.1178,MEAS ms=194844 seq=7183 src=1 c9=1012 c10=1519 c11=1012 c12=1500 step=0
4181.1178,MEAS ms=194889 seq=7184 src=1 c9=1012 c10=1519 c11=1012 c12=1500 step=0
4181.1639,MEAS ms=194934 seq=7185 src=1 c9=1012 c10=1519 c11=1012 c12=1500 step=0
4181.1639,MEAS ms=194954 seq=7186 src=1 c9=1012 c10=1519 c11=1012 c12=1500 step=0
4181.1640,MEAS ms=194962 seq=7187 src=1 c9=1012 c10=1519 c11=1012 c12=1500 step=0
4181.1640,MEAS ms=194971 seq=7188 src=1 c9=1012 c10=1519 c11=1012 c12=1500 step=0
4181.2629,MEAS ms=194980 seq=7189 src=1 c9=1012 c10=1519 c11=1012 c12=1500 step=0
4181.2629,MEAS ms=194989 seq=7190 src=1 c9=1012 c10=1519 c11=1012 c12=1500 step=0
4181.2630,MEAS ms=195034 seq=7191 src=1 c9=1012 c10=1519 c11=1012 c12=1500 step=0
4181.4427,MEAS ms=195079 seq=7192 src=1 c9=1012 c10=1519 c11=1012 c12=1500 step=0
4181.4427,MEAS ms=195124 seq=7193 src=1 c9=1012 c10=1519 c11=1012 c12=1500 step=0
4181.4427,MEAS ms=195169 seq=7194 src=1 c9=1012 c10=1519 c11=1012 c12=1500 step=0
4181.4427,MEAS ms=195214 seq=7195 src=1 c9=1012 c10=1519 c11=1012 c12=1500 step=0
4181.5777,MEAS ms=195259 seq=7196 src=1 c9=1012 c10=1519 c11=1012 c12=1500 step=0
4181.5777,MEAS ms=195304 seq=7197 src=1 c9=1012 c10=1519 c11=1012 c12=1500 step=0
4181.5777,MEAS ms=195349 seq=7198 src=1 c9=1012 c10=1519 c11=1012 c12=1500 step=0
4181.6955,MEAS ms=195394 seq=7199 src=1 c9=1012 c10=1519 c11=1012 c12=1500 step=0
4181.6955,MEAS ms=195439 seq=7200 src=1 c9=1012 c10=1519 c11=1012 c12=1500 step=0
4181.6955,MEAS ms=195484 seq=7201 src=1 c9=1010 c10=1519 c11=1012 c12=1500 step=0
4181.6955,MEAS ms=195504 seq=7202 src=1 c9=1010 c10=1519 c11=1012 c12=1500 step=0
4181.7226,MEAS ms=195512 seq=7203 src=1 c9=1012 c10=1517 c11=1012 c12=1500 step=0
4181.7226,MEAS ms=195521 seq=7204 src=1 c9=1012 c10=1517 c11=1012 c12=1500 step=0
4181.7227,MEAS ms=195530 seq=7205 src=1 c9=1012 c10=1517 c11=1012 c12=1500 step=0
4181.9028,MEAS ms=195539 seq=7206 src=1 c9=1012 c10=1517 c11=1012 c12=1500 step=0
4181.9028,MEAS ms=195584 seq=7207 src=1 c9=1012 c10=1519 c11=1012 c12=1500 step=0
4181.9028,MEAS ms=195629 seq=7208 src=1 c9=1012 c10=1529 c11=1012 c12=1500 step=0
4181.9028,MEAS ms=195674 seq=7209 src=1 c9=1012 c10=1529 c11=1012 c12=1500 step=0
4182.0378,MEAS ms=195719 seq=7210 src=1 c9=1012 c10=1529 c11=1012 c12=1500 step=0
4182.0378,MEAS ms=195764 seq=7211 src=1 c9=1012 c10=1529 c11=1012 c12=1500 step=0
4182.0378,MEAS ms=195809 seq=7212 src=1 c9=1012 c10=1529 c11=1012 c12=1500 step=0
4182.2176,MEAS ms=195854 seq=7213 src=1 c9=1012 c10=1529 c11=1012 c12=1500 step=0
4182.2177,MEAS ms=195899 seq=7214 src=1 c9=1012 c10=1529 c11=1012 c12=1500 step=0
4182.2177,MEAS ms=195944 seq=7215 src=1 c9=1012 c10=1529 c11=1012 c12=1500 step=0
4182.2177,MEAS ms=195989 seq=7216 src=1 c9=1012 c10=1529 c11=1012 c12=1500 step=0
4182.2544,MEAS ms=196034 seq=7217 src=1 c9=1012 c10=1529 c11=1012 c12=1500 step=0
4182.2545,MEAS ms=196054 seq=7218 src=1 c9=1012 c10=1529 c11=1012 c12=1500 step=0
4182.2545,MEAS ms=196062 seq=7219 src=1 c9=1012 c10=1529 c11=1012 c12=1500 step=0
4182.3629,MEAS ms=196071 seq=7220 src=1 c9=1012 c10=1529 c11=1012 c12=1500 step=0
4182.3629,MEAS ms=196080 seq=7221 src=1 c9=1012 c10=1529 c11=1012 c12=1500 step=0
4182.3629,MEAS ms=196089 seq=7222 src=1 c9=1012 c10=1529 c11=1012 c12=1500 step=0
4182.3629,MEAS ms=196134 seq=7223 src=1 c9=1012 c10=1529 c11=1012 c12=1500 step=0
4182.4977,MEAS ms=196179 seq=7224 src=1 c9=1012 c10=1529 c11=1012 c12=1500 step=0
4182.4978,MEAS ms=196224 seq=7225 src=1 c9=1012 c10=1529 c11=1012 c12=1500 step=0
4182.4978,MEAS ms=196269 seq=7226 src=1 c9=1012 c10=1529 c11=1012 c12=1500 step=0
4182.6777,MEAS ms=196314 seq=7227 src=1 c9=1012 c10=1529 c11=1012 c12=1500 step=0
4182.6777,MEAS ms=196359 seq=7228 src=1 c9=1012 c10=1529 c11=1012 c12=1500 step=0
4182.6777,MEAS ms=196404 seq=7229 src=1 c9=1012 c10=1529 c11=1012 c12=1500 step=0
4182.6777,MEAS ms=196449 seq=7230 src=1 c9=1012 c10=1529 c11=1012 c12=1500 step=0
4182.7877,MEAS ms=196494 seq=7231 src=1 c9=1012 c10=1529 c11=1012 c12=1500 step=0
4182.7880,MEAS ms=196539 seq=7232 src=1 c9=1012 c10=1529 c11=1012 c12=1500 step=0
4182.7880,MEAS ms=196584 seq=7233 src=1 c9=1012 c10=1529 c11=1012 c12=1499 step=0
4182.8228,MEAS ms=196604 seq=7234 src=1 c9=1012 c10=1529 c11=1012 c12=1499 step=0
4182.8228,MEAS ms=196612 seq=7235 src=1 c9=1012 c10=1539 c11=1012 c12=1499 step=0
4182.8228,MEAS ms=196621 seq=7236 src=1 c9=1012 c10=1539 c11=1012 c12=1500 step=0
4182.8228,MEAS ms=196630 seq=7237 src=1 c9=1012 c10=1539 c11=1012 c12=1500 step=0
4182.9576,MEAS ms=196639 seq=7238 src=1 c9=1012 c10=1539 c11=1012 c12=1500 step=0
4182.9577,MEAS ms=196684 seq=7239 src=1 c9=1012 c10=1539 c11=1012 c12=1500 step=0
4182.9577,MEAS ms=196729 seq=7240 src=1 c9=1012 c10=1539 c11=1012 c12=1500 step=0
4183.1376,MEAS ms=196774 seq=7241 src=1 c9=1012 c10=1539 c11=1012 c12=1500 step=0
4183.1376,MEAS ms=196819 seq=7242 src=1 c9=1012 c10=1539 c11=1012 c12=1500 step=0
4183.1376,MEAS ms=196864 seq=7243 src=1 c9=1012 c10=1539 c11=1012 c12=1500 step=0
4183.1376,MEAS ms=196909 seq=7244 src=1 c9=1012 c10=1539 c11=1012 c12=1500 step=0
4183.2727,MEAS ms=196954 seq=7245 src=1 c9=1012 c10=1539 c11=1012 c12=1500 step=0
4183.2728,MEAS ms=196999 seq=7246 src=1 c9=1012 c10=1539 c11=1012 c12=1500 step=0
4183.2728,MEAS ms=197044 seq=7247 src=1 c9=1012 c10=1539 c11=1012 c12=1500 step=0
4183.3548,MEAS ms=197089 seq=7248 src=1 c9=1012 c10=1539 c11=1012 c12=1500 step=0
4183.3548,MEAS ms=197134 seq=7249 src=1 c9=1012 c10=1539 c11=1012 c12=1500 step=0
4183.3548,MEAS ms=197154 seq=7250 src=1 c9=1012 c10=1539 c11=1012 c12=1500 step=0
4183.3548,MEAS ms=197162 seq=7251 src=1 c9=1012 c10=1539 c11=1012 c12=1500 step=0
4183.4178,MEAS ms=197171 seq=7252 src=1 c9=1012 c10=1539 c11=1012 c12=1500 step=0
4183.4178,MEAS ms=197180 seq=7253 src=1 c9=1012 c10=1539 c11=1012 c12=1500 step=0
4183.4178,MEAS ms=197189 seq=7254 src=1 c9=1012 c10=1539 c11=1012 c12=1500 step=0
4183.5977,MEAS ms=197234 seq=7255 src=1 c9=1012 c10=1539 c11=1012 c12=1500 step=0
4183.5977,MEAS ms=197279 seq=7256 src=1 c9=1012 c10=1539 c11=1012 c12=1500 step=0
4183.5978,MEAS ms=197324 seq=7257 src=1 c9=1012 c10=1539 c11=1012 c12=1500 step=0
4183.5978,MEAS ms=197369 seq=7258 src=1 c9=1012 c10=1539 c11=1012 c12=1500 step=0
4183.7328,MEAS ms=197414 seq=7259 src=1 c9=1012 c10=1539 c11=1012 c12=1500 step=0
4183.7328,MEAS ms=197459 seq=7260 src=1 c9=1012 c10=1539 c11=1012 c12=1500 step=0
4183.7328,MEAS ms=197504 seq=7261 src=1 c9=1012 c10=1537 c11=1012 c12=1500 step=0
4183.8879,MEAS ms=197549 seq=7262 src=1 c9=1012 c10=1537 c11=1012 c12=1500 step=0
4183.8880,MEAS ms=197594 seq=7263 src=1 c9=1012 c10=1539 c11=1012 c12=1499 step=0
4183.8880,MEAS ms=197639 seq=7264 src=1 c9=1012 c10=1539 c11=1012 c12=1500 step=0
4183.8880,MEAS ms=197684 seq=7265 src=1 c9=1012 c10=1549 c11=1012 c12=1500 step=0
4183.9138,MEAS ms=197704 seq=7266 src=1 c9=1012 c10=1549 c11=1012 c12=1500 step=0
4183.9139,MEAS ms=197712 seq=7267 src=1 c9=1012 c10=1549 c11=1012 c12=1500 step=0
4183.9139,MEAS ms=197721 seq=7268 src=1 c9=1012 c10=1549 c11=1012 c12=1500 step=0
4183.9856,MEAS ms=197730 seq=7269 src=1 c9=1012 c10=1549 c11=1012 c12=1500 step=0
4183.9856,MEAS ms=197739 seq=7270 src=1 c9=1012 c10=1549 c11=1012 c12=1500 step=0
4183.9856,MEAS ms=197774 seq=7271 src=1 c9=1012 c10=1549 c11=1012 c12=1500 step=0
4183.9856,MEAS ms=197794 seq=7272 src=1 c9=1012 c10=1549 c11=1012 c12=1500 step=0
4184.0129,MEAS ms=197802 seq=7273 src=1 c9=1012 c10=1549 c11=1012 c12=1500 step=0
4184.0130,MEAS ms=197811 seq=7274 src=1 c9=1012 c10=1549 c11=1012 c12=1500 step=0
4184.0130,MEAS ms=197820 seq=7275 src=1 c9=1012 c10=1549 c11=1012 c12=1500 step=0
4184.1928,MEAS ms=197829 seq=7276 src=1 c9=1012 c10=1549 c11=1012 c12=1500 step=0
4184.1928,MEAS ms=197874 seq=7277 src=1 c9=1012 c10=1549 c11=1012 c12=1500 step=0
4184.1928,MEAS ms=197919 seq=7278 src=1 c9=1012 c10=1549 c11=1012 c12=1500 step=0
4184.1928,MEAS ms=197964 seq=7279 src=1 c9=1012 c10=1549 c11=1012 c12=1500 step=0
4184.3278,MEAS ms=198009 seq=7280 src=1 c9=1012 c10=1549 c11=1012 c12=1500 step=0
4184.3278,MEAS ms=198054 seq=7281 src=1 c9=1012 c10=1549 c11=1012 c12=1500 step=0
4184.3278,MEAS ms=198099 seq=7282 src=1 c9=1012 c10=1549 c11=1012 c12=1500 step=0
4184.4456,MEAS ms=198144 seq=7283 src=1 c9=1012 c10=1549 c11=1012 c12=1500 step=0
4184.4456,MEAS ms=198189 seq=7284 src=1 c9=1012 c10=1549 c11=1012 c12=1500 step=0
4184.4456,MEAS ms=198234 seq=7285 src=1 c9=1012 c10=1549 c11=1012 c12=1500 step=0
4184.4456,MEAS ms=198254 seq=7286 src=1 c9=1012 c10=1549 c11=1012 c12=1500 step=0
4184.4729,MEAS ms=198262 seq=7287 src=1 c9=1012 c10=1549 c11=1012 c12=1500 step=0
4184.4729,MEAS ms=198271 seq=7288 src=1 c9=1012 c10=1549 c11=1012 c12=1500 step=0
4184.4729,MEAS ms=198280 seq=7289 src=1 c9=1012 c10=1549 c11=1012 c12=1500 step=0
4184.6527,MEAS ms=198289 seq=7290 src=1 c9=1012 c10=1549 c11=1012 c12=1500 step=0
4184.6527,MEAS ms=198334 seq=7291 src=1 c9=1012 c10=1549 c11=1012 c12=1500 step=0
4184.6527,MEAS ms=198379 seq=7292 src=1 c9=1012 c10=1549 c11=1012 c12=1500 step=0
4184.6527,MEAS ms=198424 seq=7293 src=1 c9=1012 c10=1549 c11=1012 c12=1500 step=0
4184.7878,MEAS ms=198469 seq=7294 src=1 c9=1012 c10=1549 c11=1012 c12=1500 step=0
4184.7878,MEAS ms=198514 seq=7295 src=1 c9=1012 c10=1547 c11=1012 c12=1500 step=0
4184.7878,MEAS ms=198559 seq=7296 src=1 c9=1012 c10=1547 c11=1012 c12=1500 step=0
4184.9677,MEAS ms=198604 seq=7297 src=1 c9=1012 c10=1549 c11=1012 c12=1500 step=0
4184.9677,MEAS ms=198649 seq=7298 src=1 c9=1012 c10=1558 c11=1012 c12=1500 step=0
4184.9677,MEAS ms=198694 seq=7299 src=1 c9=1012 c10=1558 c11=1012 c12=1500 step=0
4184.9677,MEAS ms=198739 seq=7300 src=1 c9=1012 c10=1558 c11=1012 c12=1500 step=0
4185.0403,MEAS ms=198784 seq=7301 src=1 c9=1012 c10=1558 c11=1012 c12=1500 step=0
4185.0404,MEAS ms=198829 seq=7302 src=1 c9=1012 c10=1558 c11=1012 c12=1500 step=0
4185.0404,MEAS ms=198849 seq=7303 src=1 c9=1012 c10=1558 c11=1012 c12=1500 step=0
4185.1127,MEAS ms=198857 seq=7304 src=1 c9=1012 c10=1558 c11=1012 c12=1500 step=0
4185.1127,MEAS ms=198866 seq=7305 src=1 c9=1012 c10=1558 c11=1012 c12=1500 step=0
4185.1127,MEAS ms=198875 seq=7306 src=1 c9=1012 c10=1558 c11=1012 c12=1500 step=0
4185.1127,MEAS ms=198884 seq=7307 src=1 c9=1012 c10=1558 c11=1012 c12=1500 step=0
4185.2478,MEAS ms=198929 seq=7308 src=1 c9=1012 c10=1558 c11=1012 c12=1500 step=0
4185.2479,MEAS ms=198974 seq=7309 src=1 c9=1012 c10=1558 c11=1012 c12=1500 step=0
4185.2479,MEAS ms=199019 seq=7310 src=1 c9=1012 c10=1558 c11=1012 c12=1500 step=0
4185.4281,MEAS ms=199064 seq=7311 src=1 c9=1012 c10=1558 c11=1012 c12=1500 step=0
4185.4281,MEAS ms=199109 seq=7312 src=1 c9=1012 c10=1558 c11=1012 c12=1500 step=0
4185.4281,MEAS ms=199154 seq=7313 src=1 c9=1012 c10=1558 c11=1012 c12=1500 step=0
4185.4281,MEAS ms=199199 seq=7314 src=1 c9=1012 c10=1558 c11=1012 c12=1500 step=0
4185.5627,MEAS ms=199244 seq=7315 src=1 c9=1012 c10=1558 c11=1012 c12=1500 step=0
4185.5627,MEAS ms=199289 seq=7316 src=1 c9=1012 c10=1558 c11=1012 c12=1500 step=0
4185.5627,MEAS ms=199334 seq=7317 src=1 c9=1012 c10=1558 c11=1012 c12=1500 step=0
4185.6087,MEAS ms=199379 seq=7318 src=1 c9=1012 c10=1558 c11=1012 c12=1500 step=0
4185.6087,MEAS ms=199399 seq=7319 src=1 c9=1012 c10=1558 c11=1012 c12=1500 step=0
4185.6087,MEAS ms=199407 seq=7320 src=1 c9=1012 c10=1558 c11=1012 c12=1500 step=0
4185.6087,MEAS ms=199416 seq=7321 src=1 c9=1012 c10=1558 c11=1012 c12=1500 step=0
4185.7077,MEAS ms=199425 seq=7322 src=1 c9=1012 c10=1558 c11=1012 c12=1500 step=0
4185.7077,MEAS ms=199434 seq=7323 src=1 c9=1012 c10=1558 c11=1012 c12=1500 step=0
4185.7077,MEAS ms=199479 seq=7324 src=1 c9=1012 c10=1558 c11=1012 c12=1500 step=0
4185.8878,MEAS ms=199524 seq=7325 src=1 c9=1012 c10=1557 c11=1012 c12=1500 step=0
4185.8878,MEAS ms=199569 seq=7326 src=1 c9=1012 c10=1558 c11=1010 c12=1500 step=0
4185.8878,MEAS ms=199614 seq=7327 src=1 c9=1012 c10=1558 c11=1012 c12=1500 step=0
4185.8878,MEAS ms=199659 seq=7328 src=1 c9=1012 c10=1568 c11=1012 c12=1500 step=0
4186.0228,MEAS ms=199704 seq=7329 src=1 c9=1012 c10=1568 c11=1012 c12=1500 step=0
4186.0229,MEAS ms=199749 seq=7330 src=1 c9=1012 c10=1568 c11=1012 c12=1500 step=0
4186.0229,MEAS ms=199794 seq=7331 src=1 c9=1012 c10=1568 c11=1012 c12=1500 step=0
4186.1403,MEAS ms=199839 seq=7332 src=1 c9=1012 c10=1568 c11=1012 c12=1500 step=0
4186.1403,MEAS ms=199884 seq=7333 src=1 c9=1012 c10=1568 c11=1012 c12=1500 step=0
4186.1403,MEAS ms=199929 seq=7334 src=1 c9=1012 c10=1568 c11=1012 c12=1500 step=0
4186.1404,MEAS ms=199949 seq=7335 src=1 c9=1012 c10=1568 c11=1012 c12=1500 step=0
4186.1676,MEAS ms=199957 seq=7336 src=1 c9=1012 c10=1568 c11=1012 c12=1500 step=0
4186.1676,MEAS ms=199966 seq=7337 src=1 c9=1012 c10=1568 c11=1012 c12=1500 step=0
4186.1677,MEAS ms=199975 seq=7338 src=1 c9=1012 c10=1568 c11=1012 c12=1500 step=0
4186.3476,MEAS ms=199984 seq=7339 src=1 c9=1012 c10=1568 c11=1012 c12=1500 step=0
4186.3477,MEAS ms=200029 seq=7340 src=1 c9=1012 c10=1568 c11=1012 c12=1500 step=0
4186.3477,MEAS ms=200074 seq=7341 src=1 c9=1012 c10=1568 c11=1012 c12=1500 step=0
4186.3477,MEAS ms=200119 seq=7342 src=1 c9=1012 c10=1568 c11=1012 c12=1500 step=0
4186.4827,MEAS ms=200164 seq=7343 src=1 c9=1012 c10=1568 c11=1012 c12=1500 step=0
4186.4827,MEAS ms=200209 seq=7344 src=1 c9=1012 c10=1568 c11=1012 c12=1500 step=0
4186.4827,MEAS ms=200254 seq=7345 src=1 c9=1012 c10=1568 c11=1012 c12=1500 step=0
4186.6625,MEAS ms=200299 seq=7346 src=1 c9=1012 c10=1568 c11=1012 c12=1500 step=0
4186.6626,MEAS ms=200344 seq=7347 src=1 c9=1012 c10=1568 c11=1012 c12=1500 step=0
4186.6626,MEAS ms=200389 seq=7348 src=1 c9=1012 c10=1568 c11=1012 c12=1500 step=0
4186.6626,MEAS ms=200434 seq=7349 src=1 c9=1012 c10=1568 c11=1012 c12=1500 step=0
4186.6995,MEAS ms=200479 seq=7350 src=1 c9=1012 c10=1568 c11=1012 c12=1500 step=0
4186.6995,MEAS ms=200499 seq=7351 src=1 c9=1010 c10=1568 c11=1012 c12=1500 step=0
4186.6995,MEAS ms=200507 seq=7352 src=1 c9=1010 c10=1568 c11=1012 c12=1500 step=0
4186.8076,MEAS ms=200516 seq=7353 src=1 c9=1010 c10=1566 c11=1012 c12=1500 step=0
4186.8076,MEAS ms=200525 seq=7354 src=1 c9=1012 c10=1566 c11=1012 c12=1500 step=0
4186.8076,MEAS ms=200534 seq=7355 src=1 c9=1012 c10=1566 c11=1012 c12=1500 step=0
4186.8076,MEAS ms=200579 seq=7356 src=1 c9=1012 c10=1568 c11=1010 c12=1500 step=0
4186.9426,MEAS ms=200624 seq=7357 src=1 c9=1012 c10=1568 c11=1012 c12=1500 step=0
4186.9428,MEAS ms=200669 seq=7358 src=1 c9=1012 c10=1578 c11=1012 c12=1500 step=0
4186.9428,MEAS ms=200714 seq=7359 src=1 c9=1012 c10=1578 c11=1012 c12=1500 step=0
4187.1225,MEAS ms=200759 seq=7360 src=1 c9=1012 c10=1578 c11=1012 c12=1500 step=0
4187.1226,MEAS ms=200804 seq=7361 src=1 c9=1012 c10=1578 c11=1012 c12=1500 step=0
4187.1226,MEAS ms=200849 seq=7362 src=1 c9=1012 c10=1578 c11=1012 c12=1500 step=0
4187.1226,MEAS ms=200894 seq=7363 src=1 c9=1012 c10=1578 c11=1012 c12=1500 step=0
4187.2326,MEAS ms=200939 seq=7364 src=1 c9=1012 c10=1578 c11=1012 c12=1500 step=0
4187.2326,MEAS ms=200984 seq=7365 src=1 c9=1012 c10=1578 c11=1012 c12=1500 step=0
4187.2326,MEAS ms=201029 seq=7366 src=1 c9=1012 c10=1578 c11=1012 c12=1500 step=0
4187.2679,MEAS ms=201049 seq=7367 src=1 c9=1012 c10=1578 c11=1012 c12=1500 step=0
4187.2679,MEAS ms=201057 seq=7368 src=1 c9=1012 c10=1578 c11=1012 c12=1500 step=0
4187.2679,MEAS ms=201066 seq=7369 src=1 c9=1012 c10=1578 c11=1012 c12=1500 step=0
4187.2679,MEAS ms=201075 seq=7370 src=1 c9=1012 c10=1578 c11=1012 c12=1500 step=0
4187.4028,MEAS ms=201084 seq=7371 src=1 c9=1012 c10=1578 c11=1012 c12=1500 step=0
4187.4028,MEAS ms=201129 seq=7372 src=1 c9=1012 c10=1578 c11=1012 c12=1500 step=0
4187.4028,MEAS ms=201174 seq=7373 src=1 c9=1012 c10=1578 c11=1012 c12=1500 step=0
4187.5827,MEAS ms=201219 seq=7374 src=1 c9=1012 c10=1578 c11=1012 c12=1500 step=0
4187.5828,MEAS ms=201264 seq=7375 src=1 c9=1012 c10=1578 c11=1012 c12=1500 step=0
4187.5828,MEAS ms=201309 seq=7376 src=1 c9=1012 c10=1578 c11=1012 c12=1500 step=0
4187.5828,MEAS ms=201354 seq=7377 src=1 c9=1012 c10=1578 c11=1012 c12=1500 step=0
4187.7177,MEAS ms=201399 seq=7378 src=1 c9=1012 c10=1578 c11=1012 c12=1500 step=0
4187.7177,MEAS ms=201444 seq=7379 src=1 c9=1012 c10=1578 c11=1012 c12=1500 step=0
4187.7178,MEAS ms=201489 seq=7380 src=1 c9=1010 c10=1578 c11=1012 c12=1500 step=0
4187.7178,MEAS ms=201534 seq=7381 src=1 c9=1012 c10=1576 c11=1012 c12=1500 step=0
4187.7998,MEAS ms=201579 seq=7382 src=1 c9=1012 c10=1576 c11=1012 c12=1500 step=0
4187.7998,MEAS ms=201599 seq=7383 src=1 c9=1012 c10=1578 c11=1012 c12=1499 step=0
4187.7998,MEAS ms=201607 seq=7384 src=1 c9=1012 c10=1578 c11=1012 c12=1499 step=0
4187.9076,MEAS ms=201616 seq=7385 src=1 c9=1012 c10=1578 c11=1012 c12=1499 step=0
4187.9077,MEAS ms=201625 seq=7386 src=1 c9=1012 c10=1578 c11=1012 c12=1499 step=0
4187.9077,MEAS ms=201634 seq=7387 src=1 c9=1012 c10=1578 c11=1012 c12=1500 step=0
4187.9077,MEAS ms=201679 seq=7388 src=1 c9=1012 c10=1588 c11=1012 c12=1500 step=0
4188.0426,MEAS ms=201724 seq=7389 src=1 c9=1012 c10=1588 c11=1012 c12=1500 step=0
4188.0426,MEAS ms=201769 seq=7390 src=1 c9=1012 c10=1588 c11=1012 c12=1500 step=0
4188.0427,MEAS ms=201814 seq=7391 src=1 c9=1012 c10=1588 c11=1012 c12=1500 step=0
4188.2233,MEAS ms=201859 seq=7392 src=1 c9=1012 c10=1588 c11=1012 c12=1500 step=0
4188.2233,MEAS ms=201904 seq=7393 src=1 c9=1012 c10=1588 c11=1012 c12=1500 step=0
4188.2233,MEAS ms=201949 seq=7394 src=1 c9=1012 c10=1588 c11=1012 c12=1500 step=0
4188.2233,MEAS ms=201994 seq=7395 src=1 c9=1012 c10=1588 c11=1012 c12=1500 step=0
4188.3329,MEAS ms=202039 seq=7396 src=1 c9=1012 c10=1588 c11=1012 c12=1500 step=0
4188.3329,MEAS ms=202084 seq=7397 src=1 c9=1012 c10=1588 c11=1012 c12=1500 step=0
4188.3329,MEAS ms=202129 seq=7398 src=1 c9=1012 c10=1588 c11=1012 c12=1500 step=0
4188.3678,MEAS ms=202149 seq=7399 src=1 c9=1012 c10=1588 c11=1012 c12=1500 step=0
4188.3679,MEAS ms=202157 seq=7400 src=1 c9=1012 c10=1588 c11=1012 c12=1500 step=0
4188.3679,MEAS ms=202166 seq=7401 src=1 c9=1012 c10=1588 c11=1012 c12=1500 step=0
4188.3679,MEAS ms=202175 seq=7402 src=1 c9=1012 c10=1588 c11=1012 c12=1500 step=0
4188.5027,MEAS ms=202184 seq=7403 src=1 c9=1012 c10=1588 c11=1012 c12=1500 step=0
4188.5028,MEAS ms=202229 seq=7404 src=1 c9=1012 c10=1588 c11=1012 c12=1500 step=0
4188.5028,MEAS ms=202274 seq=7405 src=1 c9=1012 c10=1588 c11=1012 c12=1500 step=0
4188.6826,MEAS ms=202319 seq=7406 src=1 c9=1012 c10=1588 c11=1012 c12=1500 step=0
4188.6826,MEAS ms=202364 seq=7407 src=1 c9=1012 c10=1588 c11=1012 c12=1500 step=0
4188.6826,MEAS ms=202409 seq=7408 src=1 c9=1012 c10=1588 c11=1012 c12=1500 step=0
4188.6826,MEAS ms=202454 seq=7409 src=1 c9=1012 c10=1588 c11=1012 c12=1500 step=0
4188.8176,MEAS ms=202499 seq=7410 src=1 c9=1010 c10=1588 c11=1012 c12=1500 step=0
4188.8176,MEAS ms=202544 seq=7411 src=1 c9=1012 c10=1586 c11=1012 c12=1500 step=0
4188.8176,MEAS ms=202589 seq=7412 src=1 c9=1012 c10=1588 c11=1010 c12=1500 step=0
4188.8996,MEAS ms=202634 seq=7413 src=1 c9=1012 c10=1588 c11=1012 c12=1499 step=0
4188.8997,MEAS ms=202679 seq=7414 src=1 c9=1012 c10=1597 c11=1012 c12=1500 step=0
4188.8997,MEAS ms=202699 seq=7415 src=1 c9=1012 c10=1597 c11=1012 c12=1500 step=0
4188.8997,MEAS ms=202707 seq=7416 src=1 c9=1012 c10=1597 c11=1012 c12=1500 step=0
4188.9629,MEAS ms=202716 seq=7417 src=1 c9=1012 c10=1597 c11=1012 c12=1500 step=0
4188.9629,MEAS ms=202725 seq=7418 src=1 c9=1012 c10=1597 c11=1012 c12=1500 step=0
4188.9629,MEAS ms=202734 seq=7419 src=1 c9=1012 c10=1597 c11=1012 c12=1500 step=0
4189.1426,MEAS ms=202779 seq=7420 src=1 c9=1012 c10=1597 c11=1012 c12=1500 step=0
4189.1427,MEAS ms=202824 seq=7421 src=1 c9=1012 c10=1597 c11=1012 c12=1500 step=0
4189.1427,MEAS ms=202869 seq=7422 src=1 c9=1012 c10=1597 c11=1012 c12=1500 step=0
4189.1427,MEAS ms=202914 seq=7423 src=1 c9=1012 c10=1597 c11=1012 c12=1500 step=0
4189.2777,MEAS ms=202959 seq=7424 src=1 c9=1012 c10=1597 c11=1012 c12=1500 step=0
4189.2778,MEAS ms=203004 seq=7425 src=1 c9=1012 c10=1597 c11=1012 c12=1500 step=0
4189.2778,MEAS ms=203049 seq=7426 src=1 c9=1012 c10=1597 c11=1012 c12=1500 step=0
4189.4327,MEAS ms=203094 seq=7427 src=1 c9=1012 c10=1597 c11=1012 c12=1500 step=0
4189.4328,MEAS ms=203139 seq=7428 src=1 c9=1012 c10=1597 c11=1012 c12=1500 step=0
4189.4328,MEAS ms=203184 seq=7429 src=1 c9=1012 c10=1597 c11=1012 c12=1500 step=0
4189.4328,MEAS ms=203229 seq=7430 src=1 c9=1012 c10=1597 c11=1012 c12=1500 step=0
4189.4589,MEAS ms=203249 seq=7431 src=1 c9=1012 c10=1597 c11=1012 c12=1500 step=0
4189.4589,MEAS ms=203257 seq=7432 src=1 c9=1012 c10=1597 c11=1012 c12=1500 step=0
4189.4589,MEAS ms=203266 seq=7433 src=1 c9=1012 c10=1597 c11=1012 c12=1500 step=0
4189.5308,MEAS ms=203275 seq=7434 src=1 c9=1012 c10=1597 c11=1012 c12=1500 step=0
4189.5309,MEAS ms=203284 seq=7435 src=1 c9=1012 c10=1597 c11=1012 c12=1500 step=0
4189.5309,MEAS ms=203319 seq=7436 src=1 c9=1012 c10=1597 c11=1012 c12=1500 step=0
4189.5309,MEAS ms=203339 seq=7437 src=1 c9=1012 c10=1597 c11=1012 c12=1500 step=0
4189.5579,MEAS ms=203347 seq=7438 src=1 c9=1012 c10=1597 c11=1012 c12=1500 step=0
4189.5579,MEAS ms=203356 seq=7439 src=1 c9=1012 c10=1597 c11=1012 c12=1500 step=0
4189.5579,MEAS ms=203365 seq=7440 src=1 c9=1012 c10=1597 c11=1012 c12=1500 step=0
4189.7377,MEAS ms=203374 seq=7441 src=1 c9=1012 c10=1597 c11=1012 c12=1500 step=0
4189.7377,MEAS ms=203419 seq=7442 src=1 c9=1012 c10=1597 c11=1012 c12=1500 step=0
4189.7377,MEAS ms=203464 seq=7443 src=1 c9=1012 c10=1597 c11=1012 c12=1500 step=0
4189.7378,MEAS ms=203509 seq=7444 src=1 c9=1010 c10=1597 c11=1012 c12=1500 step=0
4189.8727,MEAS ms=203554 seq=7445 src=1 c9=1012 c10=1596 c11=1012 c12=1500 step=0
4189.8728,MEAS ms=203599 seq=7446 src=1 c9=1012 c10=1597 c11=1010 c12=1500 step=0
4189.8728,MEAS ms=203644 seq=7447 src=1 c9=1012 c10=1597 c11=1012 c12=1499 step=0
4189.9902,MEAS ms=203689 seq=7448 src=1 c9=1012 c10=1607 c11=1012 c12=1500 step=0
4189.9903,MEAS ms=203734 seq=7449 src=1 c9=1012 c10=1607 c11=1012 c12=1500 step=0
4189.9903,MEAS ms=203779 seq=7450 src=1 c9=1012 c10=1607 c11=1012 c12=1500 step=0
4189.9903,MEAS ms=203799 seq=7451 src=1 c9=1012 c10=1607 c11=1012 c12=1500 step=0
4190.0176,MEAS ms=203807 seq=7452 src=1 c9=1012 c10=1607 c11=1012 c12=1500 step=0
4190.0176,MEAS ms=203816 seq=7453 src=1 c9=1012 c10=1607 c11=1012 c12=1500 step=0
4190.0176,MEAS ms=203825 seq=7454 src=1 c9=1012 c10=1607 c11=1012 c12=1500 step=0
4190.1977,MEAS ms=203834 seq=7455 src=1 c9=1012 c10=1607 c11=1012 c12=1500 step=0
4190.1978,MEAS ms=203879 seq=7456 src=1 c9=1012 c10=1607 c11=1012 c12=1500 step=0
4190.1978,MEAS ms=203924 seq=7457 src=1 c9=1012 c10=1607 c11=1012 c12=1500 step=0
4190.1978,MEAS ms=203969 seq=7458 src=1 c9=1012 c10=1607 c11=1012 c12=1500 step=0
4190.3325,MEAS ms=204014 seq=7459 src=1 c9=1012 c10=1607 c11=1012 c12=1500 step=0
4190.3326,MEAS ms=204059 seq=7460 src=1 c9=1012 c10=1607 c11=1012 c12=1500 step=0
4190.3326,MEAS ms=204104 seq=7461 src=1 c9=1012 c10=1607 c11=1012 c12=1500 step=0
4190.5128,MEAS ms=204149 seq=7462 src=1 c9=1012 c10=1607 c11=1012 c12=1500 step=0
4190.5128,MEAS ms=204194 seq=7463 src=1 c9=1012 c10=1607 c11=1012 c12=1500 step=0
4190.5128,MEAS ms=204239 seq=7464 src=1 c9=1012 c10=1607 c11=1012 c12=1500 step=0
4190.5129,MEAS ms=204284 seq=7465 src=1 c9=1012 c10=1607 c11=1012 c12=1500 step=0
4190.5499,MEAS ms=204329 seq=7466 src=1 c9=1012 c10=1607 c11=1012 c12=1500 step=0
4190.5500,MEAS ms=204349 seq=7467 src=1 c9=1012 c10=1607 c11=1012 c12=1500 step=0
4190.5500,MEAS ms=204357 seq=7468 src=1 c9=1012 c10=1607 c11=1012 c12=1500 step=0
4190.6577,MEAS ms=204366 seq=7469 src=1 c9=1012 c10=1607 c11=1012 c12=1500 step=0
4190.6577,MEAS ms=204375 seq=7470 src=1 c9=1012 c10=1607 c11=1012 c12=1500 step=0
4190.6577,MEAS ms=204384 seq=7471 src=1 c9=1012 c10=1607 c11=1012 c12=1500 step=0
4190.6578,MEAS ms=204429 seq=7472 src=1 c9=1012 c10=1607 c11=1012 c12=1500 step=0
4190.7927,MEAS ms=204474 seq=7473 src=1 c9=1012 c10=1607 c11=1012 c12=1500 step=0
4190.7928,MEAS ms=204519 seq=7474 src=1 c9=1012 c10=1607 c11=1012 c12=1500 step=0
4190.7928,MEAS ms=204564 seq=7475 src=1 c9=1012 c10=1605 c11=1012 c12=1500 step=0
4190.9726,MEAS ms=204609 seq=7476 src=1 c9=1012 c10=1607 c11=1012 c12=1499 step=0
4190.9727,MEAS ms=204654 seq=7477 src=1 c9=1012 c10=1607 c11=1012 c12=1499 step=0
4190.9727,MEAS ms=204699 seq=7478 src=1 c9=1012 c10=1617 c11=1012 c12=1500 step=0
4190.9727,MEAS ms=204744 seq=7479 src=1 c9=1012 c10=1617 c11=1012 c12=1500 step=0
4191.0827,MEAS ms=204789 seq=7480 src=1 c9=1012 c10=1617 c11=1012 c12=1500 step=0
4191.0828,MEAS ms=204834 seq=7481 src=1 c9=1012 c10=1617 c11=1012 c12=1500 step=0
4191.0828,MEAS ms=204879 seq=7482 src=1 c9=1012 c10=1617 c11=1012 c12=1500 step=0
4191.1178,MEAS ms=204899 seq=7483 src=1 c9=1012 c10=1617 c11=1012 c12=1500 step=0
4191.1178,MEAS ms=204907 seq=7484 src=1 c9=1012 c10=1617 c11=1012 c12=1500 step=0
4191.1178,MEAS ms=204916 seq=7485 src=1 c9=1012 c10=1617 c11=1012 c12=1500 step=0
4191.1178,MEAS ms=204925 seq=7486 src=1 c9=1012 c10=1617 c11=1012 c12=1500 step=0
4191.2529,MEAS ms=204934 seq=7487 src=1 c9=1012 c10=1617 c11=1012 c12=1500 step=0
4191.2529,MEAS ms=204979 seq=7488 src=1 c9=1012 c10=1617 c11=1012 c12=1500 step=0
4191.2529,MEAS ms=205024 seq=7489 src=1 c9=1012 c10=1617 c11=1012 c12=1500 step=0
4191.4328,MEAS ms=205069 seq=7490 src=1 c9=1012 c10=1617 c11=1012 c12=1500 step=0
4191.4328,MEAS ms=205114 seq=7491 src=1 c9=1012 c10=1617 c11=1012 c12=1500 step=0
4191.4328,MEAS ms=205159 seq=7492 src=1 c9=1012 c10=1617 c11=1012 c12=1500 step=0
4191.4329,MEAS ms=205204 seq=7493 src=1 c9=1012 c10=1617 c11=1012 c12=1500 step=0
4191.5677,MEAS ms=205249 seq=7494 src=1 c9=1012 c10=1617 c11=1012 c12=1500 step=0
4191.5677,MEAS ms=205294 seq=7495 src=1 c9=1012 c10=1617 c11=1012 c12=1500 step=0
4191.5678,MEAS ms=205339 seq=7496 src=1 c9=1012 c10=1617 c11=1012 c12=1500 step=0
4191.6496,MEAS ms=205384 seq=7497 src=1 c9=1012 c10=1617 c11=1012 c12=1500 step=0
4191.6496,MEAS ms=205429 seq=7498 src=1 c9=1012 c10=1617 c11=1012 c12=1500 step=0
4191.6496,MEAS ms=205449 seq=7499 src=1 c9=1012 c10=1617 c11=1012 c12=1500 step=0
4191.6496,MEAS ms=205457 seq=7500 src=1 c9=1012 c10=1617 c11=1012 c12=1500 step=0
4191.7126,MEAS ms=205466 seq=7501 src=1 c9=1012 c10=1617 c11=1012 c12=1500 step=0
4191.7127,MEAS ms=205475 seq=7502 src=1 c9=1012 c10=1617 c11=1012 c12=1500 step=0
4191.7127,MEAS ms=205484 seq=7503 src=1 c9=1012 c10=1617 c11=1012 c12=1500 step=0
4191.8926,MEAS ms=205529 seq=7504 src=1 c9=1010 c10=1617 c11=1012 c12=1500 step=0
4191.8926,MEAS ms=205574 seq=7505 src=1 c9=1012 c10=1615 c11=1012 c12=1500 step=0
4191.8927,MEAS ms=205619 seq=7506 src=1 c9=1012 c10=1617 c11=1010 c12=1500 step=0
4191.8927,MEAS ms=205664 seq=7507 src=1 c9=1012 c10=1627 c11=1012 c12=1499 step=0
4192.0278,MEAS ms=205709 seq=7508 src=1 c9=1012 c10=1627 c11=1012 c12=1500 step=0
4192.0279,MEAS ms=205754 seq=7509 src=1 c9=1012 c10=1627 c11=1012 c12=1500 step=0
4192.0279,MEAS ms=205799 seq=7510 src=1 c9=1012 c10=1627 c11=1012 c12=1500 step=0
4192.2077,MEAS ms=205844 seq=7511 src=1 c9=1012 c10=1627 c11=1012 c12=1500 step=0
4192.2077,MEAS ms=205889 seq=7512 src=1 c9=1012 c10=1627 c11=1012 c12=1500 step=0
4192.2077,MEAS ms=205934 seq=7513 src=1 c9=1012 c10=1627 c11=1012 c12=1500 step=0
4192.2077,MEAS ms=205979 seq=7514 src=1 c9=1012 c10=1627 c11=1012 c12=1500 step=0
4192.2444,MEAS ms=206024 seq=7515 src=1 c9=1012 c10=1627 c11=1012 c12=1500 step=0
4192.2445,MEAS ms=206044 seq=7516 src=1 c9=1012 c10=1627 c11=1012 c12=1500 step=0
4192.2445,MEAS ms=206052 seq=7517 src=1 c9=1012 c10=1627 c11=1012 c12=1500 step=0
4192.3526,MEAS ms=206061 seq=7518 src=1 c9=1012 c10=1627 c11=1012 c12=1500 step=0
4192.3526,MEAS ms=206070 seq=7519 src=1 c9=1012 c10=1627 c11=1012 c12=1500 step=0
4192.3526,MEAS ms=206079 seq=7520 src=1 c9=1012 c10=1627 c11=1012 c12=1500 step=0
4192.3526,MEAS ms=206124 seq=7521 src=1 c9=1012 c10=1627 c11=1012 c12=1500 step=0
4192.4878,MEAS ms=206169 seq=7522 src=1 c9=1012 c10=1627 c11=1012 c12=1500 step=0
4192.4878,MEAS ms=206214 seq=7523 src=1 c9=1012 c10=1627 c11=1012 c12=1500 step=0
4192.4878,MEAS ms=206259 seq=7524 src=1 c9=1012 c10=1627 c11=1012 c12=1500 step=0
4192.6677,MEAS ms=206304 seq=7525 src=1 c9=1012 c10=1627 c11=1012 c12=1500 step=0
4192.6677,MEAS ms=206349 seq=7526 src=1 c9=1012 c10=1627 c11=1012 c12=1500 step=0
4192.6677,MEAS ms=206394 seq=7527 src=1 c9=1012 c10=1627 c11=1012 c12=1500 step=0
4192.6677,MEAS ms=206439 seq=7528 src=1 c9=1012 c10=1627 c11=1012 c12=1500 step=0
4192.7778,MEAS ms=206484 seq=7529 src=1 c9=1012 c10=1627 c11=1012 c12=1500 step=0
4192.7778,MEAS ms=206529 seq=7530 src=1 c9=1010 c10=1627 c11=1012 c12=1500 step=0
4192.7778,MEAS ms=206574 seq=7531 src=1 c9=1012 c10=1625 c11=1012 c12=1500 step=0
4192.8127,MEAS ms=206594 seq=7532 src=1 c9=1012 c10=1627 c11=1010 c12=1500 step=0
4192.8128,MEAS ms=206602 seq=7533 src=1 c9=1012 c10=1627 c11=1010 c12=1500 step=0
4192.8128,MEAS ms=206611 seq=7534 src=1 c9=1012 c10=1627 c11=1010 c12=1500 step=0
4192.8128,MEAS ms=206620 seq=7535 src=1 c9=1012 c10=1627 c11=1010 c12=1500 step=0
4192.9478,MEAS ms=206629 seq=7536 src=1 c9=1012 c10=1627 c11=1012 c12=1499 step=0
4192.9478,MEAS ms=206674 seq=7537 src=1 c9=1012 c10=1627 c11=1012 c12=1499 step=0
4192.9478,MEAS ms=206719 seq=7538 src=1 c9=1012 c10=1636 c11=1012 c12=1500 step=0
4193.1278,MEAS ms=206764 seq=7539 src=1 c9=1012 c10=1636 c11=1012 c12=1500 step=0
4193.1278,MEAS ms=206809 seq=7540 src=1 c9=1012 c10=1636 c11=1012 c12=1500 step=0
4193.1279,MEAS ms=206854 seq=7541 src=1 c9=1012 c10=1636 c11=1012 c12=1500 step=0
4193.1279,MEAS ms=206899 seq=7542 src=1 c9=1012 c10=1636 c11=1012 c12=1500 step=0
4193.2627,MEAS ms=206944 seq=7543 src=1 c9=1012 c10=1636 c11=1012 c12=1500 step=0
4193.2628,MEAS ms=206989 seq=7544 src=1 c9=1012 c10=1636 c11=1012 c12=1500 step=0
4193.2628,MEAS ms=207034 seq=7545 src=1 c9=1012 c10=1636 c11=1012 c12=1500 step=0
4193.3447,MEAS ms=207079 seq=7546 src=1 c9=1012 c10=1636 c11=1012 c12=1500 step=0
4193.3447,MEAS ms=207124 seq=7547 src=1 c9=1012 c10=1636 c11=1012 c12=1500 step=0
4193.3447,MEAS ms=207144 seq=7548 src=1 c9=1012 c10=1636 c11=1012 c12=1500 step=0
4193.3448,MEAS ms=207152 seq=7549 src=1 c9=1012 c10=1636 c11=1012 c12=1500 step=0
4193.4075,MEAS ms=207161 seq=7550 src=1 c9=1012 c10=1636 c11=1012 c12=1500 step=0
4193.4075,MEAS ms=207170 seq=7551 src=1 c9=1012 c10=1636 c11=1012 c12=1500 step=0
4193.4075,MEAS ms=207179 seq=7552 src=1 c9=1012 c10=1636 c11=1012 c12=1500 step=0
4193.5874,MEAS ms=207224 seq=7553 src=1 c9=1012 c10=1636 c11=1012 c12=1500 step=0
4193.5875,MEAS ms=207269 seq=7554 src=1 c9=1012 c10=1636 c11=1012 c12=1500 step=0
4193.5875,MEAS ms=207314 seq=7555 src=1 c9=1012 c10=1636 c11=1012 c12=1500 step=0
4193.5875,MEAS ms=207359 seq=7556 src=1 c9=1012 c10=1636 c11=1012 c12=1500 step=0
4193.7225,MEAS ms=207404 seq=7557 src=1 c9=1012 c10=1636 c11=1012 c12=1500 step=0
4193.7226,MEAS ms=207449 seq=7558 src=1 c9=1012 c10=1636 c11=1012 c12=1500 step=0
4193.7226,MEAS ms=207494 seq=7559 src=1 c9=1012 c10=1636 c11=1012 c12=1500 step=0
4193.8404,MEAS ms=207539 seq=7560 src=1 c9=1012 c10=1636 c11=1012 c12=1500 step=0
4193.8405,MEAS ms=207584 seq=7561 src=1 c9=1010 c10=1635 c11=1012 c12=1500 step=0
4193.8405,MEAS ms=207629 seq=7562 src=1 c9=1012 c10=1636 c11=1010 c12=1500 step=0
4193.8405,MEAS ms=207649 seq=7563 src=1 c9=1012 c10=1636 c11=1010 c12=1500 step=0
4193.8678,MEAS ms=207657 seq=7564 src=1 c9=1012 c10=1636 c11=1012 c12=1499 step=0
4193.8679,MEAS ms=207666 seq=7565 src=1 c9=1012 c10=1636 c11=1012 c12=1499 step=0
4193.8679,MEAS ms=207675 seq=7566 src=1 c9=1012 c10=1636 c11=1012 c12=1499 step=0
4193.9401,MEAS ms=207684 seq=7567 src=1 c9=1012 c10=1636 c11=1012 c12=1499 step=0
4193.9402,MEAS ms=207719 seq=7568 src=1 c9=1012 c10=1646 c11=1012 c12=1500 step=0
4193.9402,MEAS ms=207739 seq=7569 src=1 c9=1012 c10=1646 c11=1012 c12=1500 step=0
4193.9402,MEAS ms=207747 seq=7570 src=1 c9=1012 c10=1646 c11=1012 c12=1500 step=0
4194.0026,MEAS ms=207756 seq=7571 src=1 c9=1012 c10=1646 c11=1012 c12=1500 step=0
4194.0027,MEAS ms=207765 seq=7572 src=1 c9=1012 c10=1646 c11=1012 c12=1500 step=0
4194.0027,MEAS ms=207774 seq=7573 src=1 c9=1012 c10=1646 c11=1012 c12=1500 step=0
4194.1826,MEAS ms=207819 seq=7574 src=1 c9=1012 c10=1646 c11=1012 c12=1500 step=0
4194.1826,MEAS ms=207864 seq=7575 src=1 c9=1012 c10=1646 c11=1012 c12=1500 step=0
4194.1826,MEAS ms=207909 seq=7576 src=1 c9=1012 c10=1646 c11=1012 c12=1500 step=0
4194.1826,MEAS ms=207954 seq=7577 src=1 c9=1012 c10=1646 c11=1012 c12=1500 step=0
4194.3176,MEAS ms=207999 seq=7578 src=1 c9=1012 c10=1646 c11=1012 c12=1500 step=0
4194.3177,MEAS ms=208044 seq=7579 src=1 c9=1012 c10=1646 c11=1012 c12=1500 step=0
4194.3177,MEAS ms=208089 seq=7580 src=1 c9=1012 c10=1646 c11=1012 c12=1500 step=0
4194.4357,MEAS ms=208134 seq=7581 src=1 c9=1012 c10=1646 c11=1012 c12=1500 step=0
4194.4357,MEAS ms=208179 seq=7582 src=1 c9=1012 c10=1646 c11=1012 c12=1500 step=0
4194.4357,MEAS ms=208224 seq=7583 src=1 c9=1012 c10=1646 c11=1012 c12=1500 step=0
4194.4357,MEAS ms=208244 seq=7584 src=1 c9=1012 c10=1646 c11=1012 c12=1500 step=0
4194.4629,MEAS ms=208252 seq=7585 src=1 c9=1012 c10=1646 c11=1012 c12=1500 step=0
4194.4629,MEAS ms=208261 seq=7586 src=1 c9=1012 c10=1646 c11=1012 c12=1500 step=0
4194.4629,MEAS ms=208270 seq=7587 src=1 c9=1012 c10=1646 c11=1012 c12=1500 step=0
4194.6426,MEAS ms=208279 seq=7588 src=1 c9=1012 c10=1646 c11=1012 c12=1500 step=0
4194.6426,MEAS ms=208324 seq=7589 src=1 c9=1012 c10=1646 c11=1012 c12=1500 step=0
4194.6427,MEAS ms=208369 seq=7590 src=1 c9=1012 c10=1646 c11=1012 c12=1500 step=0
4194.6427,MEAS ms=208414 seq=7591 src=1 c9=1012 c10=1646 c11=1012 c12=1500 step=0
4194.7776,MEAS ms=208459 seq=7592 src=1 c9=1012 c10=1646 c11=1012 c12=1500 step=0
4194.7776,MEAS ms=208504 seq=7593 src=1 c9=1012 c10=1646 c11=1012 c12=1500 step=0
4194.7776,MEAS ms=208549 seq=7594 src=1 c9=1012 c10=1646 c11=1012 c12=1500 step=0
4194.9576,MEAS ms=208594 seq=7595 src=1 c9=1010 c10=1646 c11=1012 c12=1500 step=0
4194.9576,MEAS ms=208639 seq=7596 src=1 c9=1012 c10=1644 c11=1012 c12=1500 step=0
4194.9576,MEAS ms=208684 seq=7597 src=1 c9=1012 c10=1656 c11=1012 c12=1500 step=0
4194.9577,MEAS ms=208729 seq=7598 src=1 c9=1012 c10=1656 c11=1012 c12=1500 step=0
4194.9945,MEAS ms=208774 seq=7599 src=1 c9=1012 c10=1656 c11=1012 c12=1500 step=0
4194.9945,MEAS ms=208794 seq=7600 src=1 c9=1012 c10=1656 c11=1012 c12=1500 step=0
4194.9945,MEAS ms=208802 seq=7601 src=1 c9=1012 c10=1656 c11=1012 c12=1500 step=0
4195.1028,MEAS ms=208811 seq=7602 src=1 c9=1012 c10=1656 c11=1012 c12=1500 step=0
4195.1028,MEAS ms=208820 seq=7603 src=1 c9=1012 c10=1656 c11=1012 c12=1500 step=0
4195.1028,MEAS ms=208829 seq=7604 src=1 c9=1012 c10=1656 c11=1012 c12=1500 step=0
4195.1028,MEAS ms=208874 seq=7605 src=1 c9=1012 c10=1656 c11=1012 c12=1500 step=0
4195.2376,MEAS ms=208919 seq=7606 src=1 c9=1012 c10=1656 c11=1012 c12=1500 step=0
4195.2377,MEAS ms=208964 seq=7607 src=1 c9=1012 c10=1656 c11=1012 c12=1500 step=0
4195.2377,MEAS ms=209009 seq=7608 src=1 c9=1012 c10=1656 c11=1012 c12=1500 step=0
4195.4175,MEAS ms=209054 seq=7609 src=1 c9=1012 c10=1656 c11=1012 c12=1500 step=0
4195.4176,MEAS ms=209099 seq=7610 src=1 c9=1012 c10=1656 c11=1012 c12=1500 step=0
4195.4176,MEAS ms=209144 seq=7611 src=1 c9=1012 c10=1656 c11=1012 c12=1500 step=0
4195.4176,MEAS ms=209189 seq=7612 src=1 c9=1012 c10=1656 c11=1012 c12=1500 step=0
4195.5276,MEAS ms=209234 seq=7613 src=1 c9=1012 c10=1656 c11=1012 c12=1500 step=0
4195.5276,MEAS ms=209279 seq=7614 src=1 c9=1012 c10=1656 c11=1012 c12=1500 step=0
4195.5276,MEAS ms=209324 seq=7615 src=1 c9=1012 c10=1656 c11=1012 c12=1500 step=0
4195.5628,MEAS ms=209344 seq=7616 src=1 c9=1012 c10=1656 c11=1012 c12=1500 step=0
4195.5628,MEAS ms=209352 seq=7617 src=1 c9=1012 c10=1656 c11=1012 c12=1500 step=0
4195.5628,MEAS ms=209361 seq=7618 src=1 c9=1012 c10=1656 c11=1012 c12=1500 step=0
4195.5628,MEAS ms=209370 seq=7619 src=1 c9=1012 c10=1656 c11=1012 c12=1500 step=0
4195.6976,MEAS ms=209379 seq=7620 src=1 c9=1012 c10=1656 c11=1012 c12=1500 step=0
4195.6976,MEAS ms=209424 seq=7621 src=1 c9=1012 c10=1656 c11=1012 c12=1500 step=0
4195.6976,MEAS ms=209469 seq=7622 src=1 c9=1012 c10=1656 c11=1012 c12=1500 step=0
4195.8775,MEAS ms=209514 seq=7623 src=1 c9=1012 c10=1656 c11=1012 c12=1500 step=0
4195.8775,MEAS ms=209559 seq=7624 src=1 c9=1012 c10=1656 c11=1012 c12=1500 step=0
4195.8775,MEAS ms=209604 seq=7625 src=1 c9=1012 c10=1654 c11=1012 c12=1500 step=0
4195.8775,MEAS ms=209649 seq=7626 src=1 c9=1012 c10=1654 c11=1012 c12=1500 step=0
4196.0126,MEAS ms=209694 seq=7627 src=1 c9=1012 c10=1656 c11=1012 c12=1499 step=0
4196.0127,MEAS ms=209739 seq=7628 src=1 c9=1012 c10=1666 c11=1012 c12=1499 step=0
4196.0127,MEAS ms=209784 seq=7629 src=1 c9=1012 c10=1666 c11=1012 c12=1500 step=0
4196.0945,MEAS ms=209829 seq=7630 src=1 c9=1012 c10=1666 c11=1012 c12=1500 step=0
4196.0945,MEAS ms=209874 seq=7631 src=1 c9=1012 c10=1666 c11=1012 c12=1500 step=0
4196.0945,MEAS ms=209894 seq=7632 src=1 c9=1012 c10=1666 c11=1012 c12=1500 step=0
4196.0946,MEAS ms=209902 seq=7633 src=1 c9=1012 c10=1666 c11=1012 c12=1500 step=0
4196.1579,MEAS ms=209911 seq=7634 src=1 c9=1012 c10=1666 c11=1012 c12=1500 step=0
4196.1579,MEAS ms=209920 seq=7635 src=1 c9=1012 c10=1666 c11=1012 c12=1500 step=0
4196.1579,MEAS ms=209929 seq=7636 src=1 c9=1012 c10=1666 c11=1012 c12=1500 step=0
4196.1580,MEAS ms=209974 seq=7637 src=1 c9=1012 c10=1666 c11=1012 c12=1500 step=0
4196.3378,MEAS ms=210019 seq=7638 src=1 c9=1012 c10=1666 c11=1012 c12=1500 step=0
4196.3378,MEAS ms=210064 seq=7639 src=1 c9=1012 c10=1666 c11=1012 c12=1500 step=0
4196.3379,MEAS ms=210109 seq=7640 src=1 c9=1012 c10=1666 c11=1012 c12=1500 step=0
4196.5177,MEAS ms=210154 seq=7641 src=1 c9=1012 c10=1666 c11=1012 c12=1500 step=0
4196.5177,MEAS ms=210199 seq=7642 src=1 c9=1012 c10=1666 c11=1012 c12=1500 step=0
4196.5177,MEAS ms=210244 seq=7643 src=1 c9=1012 c10=1666 c11=1012 c12=1500 step=0
4196.5178,MEAS ms=210289 seq=7644 src=1 c9=1012 c10=1666 c11=1012 c12=1500 step=0
4196.6277,MEAS ms=210334 seq=7645 src=1 c9=1012 c10=1666 c11=1012 c12=1500 step=0
4196.6278,MEAS ms=210379 seq=7646 src=1 c9=1012 c10=1666 c11=1012 c12=1500 step=0
4196.6278,MEAS ms=210424 seq=7647 src=1 c9=1012 c10=1666 c11=1012 c12=1500 step=0
4196.6627,MEAS ms=210444 seq=7648 src=1 c9=1012 c10=1666 c11=1012 c12=1500 step=0
4196.6627,MEAS ms=210452 seq=7649 src=1 c9=1012 c10=1666 c11=1012 c12=1500 step=0
4196.6627,MEAS ms=210461 seq=7650 src=1 c9=1012 c10=1666 c11=1012 c12=1500 step=0
4196.6627,MEAS ms=210470 seq=7651 src=1 c9=1012 c10=1666 c11=1012 c12=1500 step=0
4196.7976,MEAS ms=210479 seq=7652 src=1 c9=1012 c10=1666 c11=1012 c12=1500 step=0
4196.7976,MEAS ms=210524 seq=7653 src=1 c9=1012 c10=1666 c11=1012 c12=1500 step=0
4196.7976,MEAS ms=210569 seq=7654 src=1 c9=1012 c10=1666 c11=1012 c12=1500 step=0
4196.9775,MEAS ms=210614 seq=7655 src=1 c9=1010 c10=1666 c11=1012 c12=1500 step=0
4196.9776,MEAS ms=210659 seq=7656 src=1 c9=1012 c10=1664 c11=1012 c12=1500 step=0
4196.9776,MEAS ms=210704 seq=7657 src=1 c9=1012 c10=1676 c11=1012 c12=1500 step=0
4196.9776,MEAS ms=210749 seq=7658 src=1 c9=1012 c10=1676 c11=1012 c12=1499 step=0
4197.1125,MEAS ms=210794 seq=7659 src=1 c9=1012 c10=1676 c11=1012 c12=1500 step=0
4197.1125,MEAS ms=210839 seq=7660 src=1 c9=1012 c10=1676 c11=1012 c12=1500 step=0
4197.1125,MEAS ms=210884 seq=7661 src=1 c9=1012 c10=1676 c11=1012 c12=1500 step=0
4197.1946,MEAS ms=210929 seq=7662 src=1 c9=1012 c10=1676 c11=1012 c12=1500 step=0
4197.1946,MEAS ms=210974 seq=7663 src=1 c9=1012 c10=1676 c11=1012 c12=1500 step=0
4197.1946,MEAS ms=210994 seq=7664 src=1 c9=1012 c10=1676 c11=1012 c12=1500 step=0
4197.1946,MEAS ms=211002 seq=7665 src=1 c9=1012 c10=1676 c11=1012 c12=1500 step=0
4197.2577,MEAS ms=211011 seq=7666 src=1 c9=1012 c10=1676 c11=1012 c12=1500 step=0
4197.2577,MEAS ms=211020 seq=7667 src=1 c9=1012 c10=1676 c11=1012 c12=1500 step=0
4197.2577,MEAS ms=211029 seq=7668 src=1 c9=1012 c10=1676 c11=1012 c12=1500 step=0
4197.4377,MEAS ms=211074 seq=7669 src=1 c9=1012 c10=1676 c11=1012 c12=1500 step=0
4197.4377,MEAS ms=211119 seq=7670 src=1 c9=1012 c10=1676 c11=1012 c12=1500 step=0
4197.4377,MEAS ms=211164 seq=7671 src=1 c9=1012 c10=1676 c11=1012 c12=1500 step=0
4197.4378,MEAS ms=211209 seq=7672 src=1 c9=1012 c10=1676 c11=1012 c12=1500 step=0
4197.5726,MEAS ms=211254 seq=7673 src=1 c9=1012 c10=1676 c11=1012 c12=1500 step=0
4197.5727,MEAS ms=211299 seq=7674 src=1 c9=1012 c10=1676 c11=1012 c12=1500 step=0
4197.5727,MEAS ms=211344 seq=7675 src=1 c9=1012 c10=1676 c11=1012 c12=1500 step=0
4197.7279,MEAS ms=211389 seq=7676 src=1 c9=1012 c10=1676 c11=1012 c12=1500 step=0
4197.7279,MEAS ms=211434 seq=7677 src=1 c9=1012 c10=1676 c11=1012 c12=1500 step=0
4197.7280,MEAS ms=211479 seq=7678 src=1 c9=1012 c10=1676 c11=1012 c12=1500 step=0
4197.7280,MEAS ms=211524 seq=7679 src=1 c9=1012 c10=1676 c11=1012 c12=1500 step=0
4197.7537,MEAS ms=211544 seq=7680 src=1 c9=1012 c10=1676 c11=1012 c12=1500 step=0
4197.7538,MEAS ms=211552 seq=7681 src=1 c9=1012 c10=1676 c11=1012 c12=1500 step=0
4197.7538,MEAS ms=211561 seq=7682 src=1 c9=1012 c10=1676 c11=1012 c12=1500 step=0
4197.8978,MEAS ms=211570 seq=7683 src=1 c9=1012 c10=1676 c11=1012 c12=1500 step=0
4197.8978,MEAS ms=211579 seq=7684 src=1 c9=1012 c10=1676 c11=1012 c12=1500 step=0
4197.8979,MEAS ms=211624 seq=7685 src=1 c9=1012 c10=1676 c11=1012 c12=1500 step=0
4197.8979,MEAS ms=211669 seq=7686 src=1 c9=1012 c10=1674 c11=1012 c12=1500 step=0
4198.0328,MEAS ms=211714 seq=7687 src=1 c9=1012 c10=1685 c11=1010 c12=1500 step=0
4198.0328,MEAS ms=211759 seq=7688 src=1 c9=1012 c10=1685 c11=1012 c12=1499 step=0
4198.0328,MEAS ms=211804 seq=7689 src=1 c9=1012 c10=1685 c11=1012 c12=1500 step=0
4198.2126,MEAS ms=211849 seq=7690 src=1 c9=1012 c10=1685 c11=1012 c12=1500 step=0
4198.2126,MEAS ms=211894 seq=7691 src=1 c9=1012 c10=1685 c11=1012 c12=1500 step=0
4198.2127,MEAS ms=211939 seq=7692 src=1 c9=1012 c10=1685 c11=1012 c12=1500 step=0
4198.2127,MEAS ms=211984 seq=7693 src=1 c9=1012 c10=1685 c11=1012 c12=1500 step=0
4198.2859,MEAS ms=212029 seq=7694 src=1 c9=1012 c10=1685 c11=1012 c12=1500 step=0
4198.2860,MEAS ms=212074 seq=7695 src=1 c9=1012 c10=1685 c11=1012 c12=1500 step=0
4198.2860,MEAS ms=212094 seq=7696 src=1 c9=1012 c10=1685 c11=1012 c12=1500 step=0
4198.3577,MEAS ms=212102 seq=7697 src=1 c9=1012 c10=1685 c11=1012 c12=1500 step=0
4198.3577,MEAS ms=212111 seq=7698 src=1 c9=1012 c10=1685 c11=1012 c12=1500 step=0
4198.3577,MEAS ms=212120 seq=7699 src=1 c9=1012 c10=1685 c11=1012 c12=1500 step=0
4198.3578,MEAS ms=212129 seq=7700 src=1 c9=1012 c10=1685 c11=1012 c12=1500 step=0
4198.4927,MEAS ms=212174 seq=7701 src=1 c9=1012 c10=1685 c11=1012 c12=1500 step=0
4198.4927,MEAS ms=212219 seq=7702 src=1 c9=1012 c10=1685 c11=1012 c12=1500 step=0
4198.4927,MEAS ms=212264 seq=7703 src=1 c9=1012 c10=1685 c11=1012 c12=1500 step=0
4198.6725,MEAS ms=212309 seq=7704 src=1 c9=1012 c10=1685 c11=1012 c12=1500 step=0
4198.6726,MEAS ms=212354 seq=7705 src=1 c9=1012 c10=1685 c11=1012 c12=1500 step=0
4198.6726,MEAS ms=212399 seq=7706 src=1 c9=1012 c10=1685 c11=1012 c12=1500 step=0
4198.6726,MEAS ms=212444 seq=7707 src=1 c9=1012 c10=1685 c11=1012 c12=1500 step=0
4198.8074,MEAS ms=212489 seq=7708 src=1 c9=1012 c10=1685 c11=1012 c12=1500 step=0
4198.8075,MEAS ms=212534 seq=7709 src=1 c9=1012 c10=1685 c11=1012 c12=1500 step=0
4198.8075,MEAS ms=212579 seq=7710 src=1 c9=1012 c10=1685 c11=1012 c12=1500 step=0
4198.8541,MEAS ms=212624 seq=7711 src=1 c9=1010 c10=1685 c11=1012 c12=1500 step=0
4198.8541,MEAS ms=212644 seq=7712 src=1 c9=1010 c10=1685 c11=1012 c12=1500 step=0
4198.8542,MEAS ms=212652 seq=7713 src=1 c9=1010 c10=1685 c11=1012 c12=1500 step=0
4198.8542,MEAS ms=212661 seq=7714 src=1 c9=1012 c10=1683 c11=1012 c12=1500 step=0
4198.9528,MEAS ms=212670 seq=7715 src=1 c9=1012 c10=1683 c11=1012 c12=1500 step=0
4198.9528,MEAS ms=212679 seq=7716 src=1 c9=1012 c10=1683 c11=1012 c12=1500 step=0
4198.9528,MEAS ms=212724 seq=7717 src=1 c9=1012 c10=1685 c11=1010 c12=1500 step=0
4199.1327,MEAS ms=212769 seq=7718 src=1 c9=1012 c10=1695 c11=1012 c12=1499 step=0
4199.1328,MEAS ms=212814 seq=7719 src=1 c9=1012 c10=1695 c11=1012 c12=1500 step=0
4199.1328,MEAS ms=212859 seq=7720 src=1 c9=1012 c10=1695 c11=1012 c12=1500 step=0
4199.1328,MEAS ms=212904 seq=7721 src=1 c9=1012 c10=1695 c11=1012 c12=1500 step=0
4199.2675,MEAS ms=212949 seq=7722 src=1 c9=1012 c10=1695 c11=1012 c12=1500 step=0
4199.2675,MEAS ms=212994 seq=7723 src=1 c9=1012 c10=1695 c11=1012 c12=1500 step=0
4199.2675,MEAS ms=213039 seq=7724 src=1 c9=1012 c10=1695 c11=1012 c12=1500 step=0
4199.3852,MEAS ms=213084 seq=7725 src=1 c9=1012 c10=1695 c11=1012 c12=1500 step=0
4199.3853,MEAS ms=213129 seq=7726 src=1 c9=1012 c10=1695 c11=1012 c12=1500 step=0
4199.3853,MEAS ms=213174 seq=7727 src=1 c9=1012 c10=1695 c11=1012 c12=1500 step=0
4199.3853,MEAS ms=213194 seq=7728 src=1 c9=1012 c10=1695 c11=1012 c12=1500 step=0
4199.4126,MEAS ms=213202 seq=7729 src=1 c9=1012 c10=1695 c11=1012 c12=1500 step=0
4199.4127,MEAS ms=213211 seq=7730 src=1 c9=1012 c10=1695 c11=1012 c12=1500 step=0
4199.4127,MEAS ms=213220 seq=7731 src=1 c9=1012 c10=1695 c11=1012 c12=1500 step=0
4199.5925,MEAS ms=213229 seq=7732 src=1 c9=1012 c10=1695 c11=1012 c12=1500 step=0
4199.5925,MEAS ms=213274 seq=7733 src=1 c9=1012 c10=1695 c11=1012 c12=1500 step=0
4199.5925,MEAS ms=213319 seq=7734 src=1 c9=1012 c10=1695 c11=1012 c12=1500 step=0
4199.5926,MEAS ms=213364 seq=7735 src=1 c9=1012 c10=1695 c11=1012 c12=1500 step=0
4199.7281,MEAS ms=213409 seq=7736 src=1 c9=1012 c10=1695 c11=1012 c12=1500 step=0
4199.7282,MEAS ms=213454 seq=7737 src=1 c9=1012 c10=1695 c11=1012 c12=1500 step=0
4199.7282,MEAS ms=213499 seq=7738 src=1 c9=1012 c10=1695 c11=1012 c12=1500 step=0
4199.9075,MEAS ms=213544 seq=7739 src=1 c9=1012 c10=1695 c11=1012 c12=1500 step=0
4199.9075,MEAS ms=213589 seq=7740 src=1 c9=1012 c10=1695 c11=1012 c12=1500 step=0
4199.9075,MEAS ms=213634 seq=7741 src=1 c9=1012 c10=1695 c11=1012 c12=1500 step=0
4199.9076,MEAS ms=213679 seq=7742 src=1 c9=1012 c10=1693 c11=1012 c12=1500 step=0
4199.9446,MEAS ms=213724 seq=7743 src=1 c9=1012 c10=1705 c11=1010 c12=1500 step=0
4199.9446,MEAS ms=213744 seq=7744 src=1 c9=1012 c10=1705 c11=1010 c12=1500 step=0
4199.9446,MEAS ms=213752 seq=7745 src=1 c9=1012 c10=1705 c11=1010 c12=1500 step=0
4200.0524,MEAS ms=213761 seq=7746 src=1 c9=1012 c10=1705 c11=1012 c12=1500 step=0
4200.0525,MEAS ms=213770 seq=7747 src=1 c9=1012 c10=1705 c11=1012 c12=1499 step=0
4200.0525,MEAS ms=213779 seq=7748 src=1 c9=1012 c10=1705 c11=1012 c12=1499 step=0
4200.0525,MEAS ms=213824 seq=7749 src=1 c9=1012 c10=1705 c11=1012 c12=1500 step=0
4200.1874,MEAS ms=213869 seq=7750 src=1 c9=1012 c10=1705 c11=1012 c12=1500 step=0
4200.1875,MEAS ms=213914 seq=7751 src=1 c9=1012 c10=1705 c11=1012 c12=1500 step=0
4200.1875,MEAS ms=213959 seq=7752 src=1 c9=1012 c10=1705 c11=1012 c12=1500 step=0
4200.3677,MEAS ms=214004 seq=7753 src=1 c9=1012 c10=1705 c11=1012 c12=1500 step=0
4200.3677,MEAS ms=214049 seq=7754 src=1 c9=1012 c10=1705 c11=1012 c12=1500 step=0
4200.3677,MEAS ms=214094 seq=7755 src=1 c9=1012 c10=1705 c11=1012 c12=1500 step=0
4200.3677,MEAS ms=214139 seq=7756 src=1 c9=1012 c10=1705 c11=1012 c12=1500 step=0
4200.5024,MEAS ms=214184 seq=7757 src=1 c9=1012 c10=1705 c11=1012 c12=1500 step=0
4200.5024,MEAS ms=214229 seq=7758 src=1 c9=1012 c10=1705 c11=1012 c12=1500 step=0
4200.5025,MEAS ms=214274 seq=7759 src=1 c9=1012 c10=1705 c11=1012 c12=1500 step=0
4200.5484,MEAS ms=214319 seq=7760 src=1 c9=1012 c10=1705 c11=1012 c12=1500 step=0
4200.5484,MEAS ms=214339 seq=7761 src=1 c9=1012 c10=1705 c11=1012 c12=1500 step=0
4200.5484,MEAS ms=214347 seq=7762 src=1 c9=1012 c10=1705 c11=1012 c12=1500 step=0
4200.5484,MEAS ms=214356 seq=7763 src=1 c9=1012 c10=1705 c11=1012 c12=1500 step=0
4200.6475,MEAS ms=214365 seq=7764 src=1 c9=1012 c10=1705 c11=1012 c12=1500 step=0
4200.6475,MEAS ms=214374 seq=7765 src=1 c9=1012 c10=1705 c11=1012 c12=1500 step=0
4200.6475,MEAS ms=214419 seq=7766 src=1 c9=1012 c10=1705 c11=1012 c12=1500 step=0
4200.8281,MEAS ms=214464 seq=7767 src=1 c9=1012 c10=1705 c11=1012 c12=1500 step=0
4200.8284,MEAS ms=214509 seq=7768 src=1 c9=1012 c10=1705 c11=1012 c12=1500 step=0
4200.8284,MEAS ms=214554 seq=7769 src=1 c9=1012 c10=1705 c11=1012 c12=1500 step=0
4200.8284,MEAS ms=214599 seq=7770 src=1 c9=1012 c10=1705 c11=1012 c12=1500 step=0
4200.9628,MEAS ms=214644 seq=7771 src=1 c9=1012 c10=1705 c11=1012 c12=1500 step=0
4200.9628,MEAS ms=214689 seq=7772 src=1 c9=1012 c10=1703 c11=1012 c12=1500 step=0
4200.9628,MEAS ms=214734 seq=7773 src=1 c9=1012 c10=1715 c11=1010 c12=1500 step=0
4201.0806,MEAS ms=214779 seq=7774 src=1 c9=1012 c10=1715 c11=1012 c12=1499 step=0
4201.0806,MEAS ms=214824 seq=7775 src=1 c9=1012 c10=1715 c11=1012 c12=1500 step=0
4201.0806,MEAS ms=214869 seq=7776 src=1 c9=1012 c10=1715 c11=1012 c12=1500 step=0
4201.0807,MEAS ms=214889 seq=7777 src=1 c9=1012 c10=1715 c11=1012 c12=1500 step=0
4201.1078,MEAS ms=214897 seq=7778 src=1 c9=1012 c10=1715 c11=1012 c12=1500 step=0
4201.1078,MEAS ms=214906 seq=7779 src=1 c9=1012 c10=1715 c11=1012 c12=1500 step=0
4201.1079,MEAS ms=214915 seq=7780 src=1 c9=1012 c10=1715 c11=1012 c12=1500 step=0
4201.2878,MEAS ms=214924 seq=7781 src=1 c9=1012 c10=1715 c11=1012 c12=1500 step=0
4201.2878,MEAS ms=214969 seq=7782 src=1 c9=1012 c10=1715 c11=1012 c12=1500 step=0
4201.2879,MEAS ms=215014 seq=7783 src=1 c9=1012 c10=1715 c11=1012 c12=1500 step=0
4201.2879,MEAS ms=215059 seq=7784 src=1 c9=1012 c10=1715 c11=1012 c12=1500 step=0
4201.4226,MEAS ms=215104 seq=7785 src=1 c9=1012 c10=1715 c11=1012 c12=1500 step=0
4201.4226,MEAS ms=215149 seq=7786 src=1 c9=1012 c10=1715 c11=1012 c12=1500 step=0
4201.4226,MEAS ms=215194 seq=7787 src=1 c9=1012 c10=1715 c11=1012 c12=1500 step=0
4201.6026,MEAS ms=215239 seq=7788 src=1 c9=1012 c10=1715 c11=1012 c12=1500 step=0
4201.6027,MEAS ms=215284 seq=7789 src=1 c9=1012 c10=1715 c11=1012 c12=1500 step=0
4201.6027,MEAS ms=215329 seq=7790 src=1 c9=1012 c10=1715 c11=1012 c12=1500 step=0
4201.6027,MEAS ms=215374 seq=7791 src=1 c9=1012 c10=1715 c11=1012 c12=1500 step=0
4201.6395,MEAS ms=215419 seq=7792 src=1 c9=1012 c10=1715 c11=1012 c12=1500 step=0
4201.6395,MEAS ms=215439 seq=7793 src=1 c9=1012 c10=1715 c11=1012 c12=1500 step=0
4201.6395,MEAS ms=215447 seq=7794 src=1 c9=1012 c10=1715 c11=1012 c12=1500 step=0
4201.7476,MEAS ms=215456 seq=7795 src=1 c9=1012 c10=1715 c11=1012 c12=1500 step=0
4201.7477,MEAS ms=215465 seq=7796 src=1 c9=1012 c10=1715 c11=1012 c12=1500 step=0
4201.7477,MEAS ms=215474 seq=7797 src=1 c9=1012 c10=1715 c11=1012 c12=1500 step=0
4201.7477,MEAS ms=215519 seq=7798 src=1 c9=1012 c10=1715 c11=1012 c12=1500 step=0
4201.8827,MEAS ms=215564 seq=7799 src=1 c9=1012 c10=1715 c11=1012 c12=1500 step=0
4201.8827,MEAS ms=215609 seq=7800 src=1 c9=1012 c10=1715 c11=1012 c12=1500 step=0
4201.8827,MEAS ms=215654 seq=7801 src=1 c9=1012 c10=1715 c11=1012 c12=1500 step=0
4202.0625,MEAS ms=215699 seq=7802 src=1 c9=1010 c10=1715 c11=1012 c12=1500 step=0
4202.0625,MEAS ms=215744 seq=7803 src=1 c9=1012 c10=1724 c11=1012 c12=1500 step=0
4202.0625,MEAS ms=215789 seq=7804 src=1 c9=1012 c10=1724 c11=1012 c12=1499 step=0
4202.0625,MEAS ms=215834 seq=7805 src=1 c9=1012 c10=1724 c11=1012 c12=1500 step=0
4202.1726,MEAS ms=215879 seq=7806 src=1 c9=1012 c10=1724 c11=1012 c12=1500 step=0
4202.1727,MEAS ms=215924 seq=7807 src=1 c9=1012 c10=1724 c11=1012 c12=1500 step=0
4202.1727,MEAS ms=215969 seq=7808 src=1 c9=1012 c10=1724 c11=1012 c12=1500 step=0
4202.2078,MEAS ms=215989 seq=7809 src=1 c9=1012 c10=1724 c11=1012 c12=1500 step=0
4202.2079,MEAS ms=215997 seq=7810 src=1 c9=1012 c10=1724 c11=1012 c12=1500 step=0
4202.2079,MEAS ms=216006 seq=7811 src=1 c9=1012 c10=1724 c11=1012 c12=1500 step=0
4202.2079,MEAS ms=216015 seq=7812 src=1 c9=1012 c10=1724 c11=1012 c12=1500 step=0
4202.3426,MEAS ms=216024 seq=7813 src=1 c9=1012 c10=1724 c11=1012 c12=1500 step=0
4202.3427,MEAS ms=216069 seq=7814 src=1 c9=1012 c10=1724 c11=1012 c12=1500 step=0
4202.3427,MEAS ms=216114 seq=7815 src=1 c9=1012 c10=1724 c11=1012 c12=1500 step=0
4202.5225,MEAS ms=216159 seq=7816 src=1 c9=1012 c10=1724 c11=1012 c12=1500 step=0
4202.5225,MEAS ms=216204 seq=7817 src=1 c9=1012 c10=1724 c11=1012 c12=1500 step=0
4202.5226,MEAS ms=216249 seq=7818 src=1 c9=1012 c10=1724 c11=1012 c12=1500 step=0
4202.5226,MEAS ms=216294 seq=7819 src=1 c9=1012 c10=1724 c11=1012 c12=1500 step=0
4202.6575,MEAS ms=216339 seq=7820 src=1 c9=1012 c10=1724 c11=1012 c12=1500 step=0
4202.6575,MEAS ms=216384 seq=7821 src=1 c9=1012 c10=1724 c11=1012 c12=1500 step=0
4202.6575,MEAS ms=216429 seq=7822 src=1 c9=1012 c10=1724 c11=1012 c12=1500 step=0
4202.7394,MEAS ms=216474 seq=7823 src=1 c9=1012 c10=1724 c11=1012 c12=1500 step=0
4202.7394,MEAS ms=216519 seq=7824 src=1 c9=1012 c10=1724 c11=1012 c12=1500 step=0
4202.7394,MEAS ms=216539 seq=7825 src=1 c9=1012 c10=1724 c11=1012 c12=1500 step=0
4202.7395,MEAS ms=216547 seq=7826 src=1 c9=1012 c10=1724 c11=1012 c12=1500 step=0
4202.8024,MEAS ms=216556 seq=7827 src=1 c9=1012 c10=1724 c11=1012 c12=1500 step=0
4202.8025,MEAS ms=216565 seq=7828 src=1 c9=1012 c10=1724 c11=1012 c12=1500 step=0
4202.8025,MEAS ms=216574 seq=7829 src=1 c9=1012 c10=1724 c11=1012 c12=1500 step=0
4202.9828,MEAS ms=216619 seq=7830 src=1 c9=1012 c10=1724 c11=1012 c12=1500 step=0
4202.9828,MEAS ms=216664 seq=7831 src=1 c9=1012 c10=1724 c11=1012 c12=1500 step=0
4202.9828,MEAS ms=216709 seq=7832 src=1 c9=1012 c10=1723 c11=1012 c12=1500 step=0
4202.9828,MEAS ms=216754 seq=7833 src=1 c9=1012 c10=1732 c11=1012 c12=1500 step=0
4203.1176,MEAS ms=216799 seq=7834 src=1 c9=1012 c10=1734 c11=1012 c12=1499 step=0
4203.1176,MEAS ms=216844 seq=7835 src=1 c9=1012 c10=1734 c11=1012 c12=1500 step=0
4203.1176,MEAS ms=216889 seq=7836 src=1 c9=1012 c10=1734 c11=1012 c12=1500 step=0
4203.2726,MEAS ms=216934 seq=7837 src=1 c9=1012 c10=1734 c11=1012 c12=1500 step=0
4203.2727,MEAS ms=216979 seq=7838 src=1 c9=1012 c10=1734 c11=1012 c12=1500 step=0
4203.2727,MEAS ms=217024 seq=7839 src=1 c9=1012 c10=1734 c11=1012 c12=1500 step=0
4203.2727,MEAS ms=217069 seq=7840 src=1 c9=1012 c10=1734 c11=1012 c12=1500 step=0
4203.2986,MEAS ms=217089 seq=7841 src=1 c9=1012 c10=1734 c11=1012 c12=1500 step=0
4203.2986,MEAS ms=217097 seq=7842 src=1 c9=1012 c10=1734 c11=1012 c12=1500 step=0
4203.2987,MEAS ms=217106 seq=7843 src=1 c9=1012 c10=1734 c11=1012 c12=1500 step=0
4203.4427,MEAS ms=217115 seq=7844 src=1 c9=1012 c10=1734 c11=1012 c12=1500 step=0
4203.4427,MEAS ms=217124 seq=7845 src=1 c9=1012 c10=1734 c11=1012 c12=1500 step=0
4203.4428,MEAS ms=217169 seq=7846 src=1 c9=1012 c10=1734 c11=1012 c12=1500 step=0
4203.4428,MEAS ms=217214 seq=7847 src=1 c9=1012 c10=1734 c11=1012 c12=1500 step=0
4203.5774,MEAS ms=217259 seq=7848 src=1 c9=1012 c10=1734 c11=1012 c12=1500 step=0
4203.5774,MEAS ms=217304 seq=7849 src=1 c9=1012 c10=1734 c11=1012 c12=1500 step=0
4203.5775,MEAS ms=217349 seq=7850 src=1 c9=1012 c10=1734 c11=1012 c12=1500 step=0
4203.7577,MEAS ms=217394 seq=7851 src=1 c9=1012 c10=1734 c11=1012 c12=1500 step=0
4203.7577,MEAS ms=217439 seq=7852 src=1 c9=1012 c10=1734 c11=1012 c12=1500 step=0
4203.7577,MEAS ms=217484 seq=7853 src=1 c9=1012 c10=1734 c11=1012 c12=1500 step=0
4203.7577,MEAS ms=217529 seq=7854 src=1 c9=1012 c10=1734 c11=1012 c12=1500 step=0
4203.8304,MEAS ms=217574 seq=7855 src=1 c9=1012 c10=1734 c11=1012 c12=1500 step=0
4203.8304,MEAS ms=217619 seq=7856 src=1 c9=1012 c10=1734 c11=1012 c12=1500 step=0
4203.8304,MEAS ms=217639 seq=7857 src=1 c9=1012 c10=1734 c11=1012 c12=1500 step=0
4203.9025,MEAS ms=217647 seq=7858 src=1 c9=1012 c10=1734 c11=1012 c12=1500 step=0
4203.9025,MEAS ms=217656 seq=7859 src=1 c9=1012 c10=1734 c11=1012 c12=1500 step=0
4203.9026,MEAS ms=217665 seq=7860 src=1 c9=1012 c10=1734 c11=1012 c12=1500 step=0
4203.9026,MEAS ms=217674 seq=7861 src=1 c9=1012 c10=1734 c11=1012 c12=1500 step=0
4204.0374,MEAS ms=217719 seq=7862 src=1 c9=1010 c10=1734 c11=1012 c12=1500 step=0
4204.0374,MEAS ms=217764 seq=7863 src=1 c9=1012 c10=1742 c11=1012 c12=1500 step=0
4204.0374,MEAS ms=217809 seq=7864 src=1 c9=1012 c10=1744 c11=1012 c12=1499 step=0
4204.2177,MEAS ms=217854 seq=7865 src=1 c9=1012 c10=1744 c11=1012 c12=1500 step=0
4204.2178,MEAS ms=217899 seq=7866 src=1 c9=1012 c10=1744 c11=1012 c12=1500 step=0
4204.2178,MEAS ms=217944 seq=7867 src=1 c9=1012 c10=1744 c11=1012 c12=1500 step=0
4204.2178,MEAS ms=217989 seq=7868 src=1 c9=1012 c10=1744 c11=1012 c12=1500 step=0
4204.3527,MEAS ms=218034 seq=7869 src=1 c9=1012 c10=1744 c11=1012 c12=1500 step=0
4204.3527,MEAS ms=218079 seq=7870 src=1 c9=1012 c10=1744 c11=1012 c12=1500 step=0
4204.3527,MEAS ms=218124 seq=7871 src=1 c9=1012 c10=1744 c11=1012 c12=1500 step=0
4204.3986,MEAS ms=218169 seq=7872 src=1 c9=1012 c10=1744 c11=1012 c12=1500 step=0
4204.3986,MEAS ms=218189 seq=7873 src=1 c9=1012 c10=1744 c11=1012 c12=1500 step=0
4204.3987,MEAS ms=218197 seq=7874 src=1 c9=1012 c10=1744 c11=1012 c12=1500 step=0
4204.3987,MEAS ms=218206 seq=7875 src=1 c9=1012 c10=1744 c11=1012 c12=1500 step=0
4204.4975,MEAS ms=218215 seq=7876 src=1 c9=1012 c10=1744 c11=1012 c12=1500 step=0
4204.4976,MEAS ms=218224 seq=7877 src=1 c9=1012 c10=1744 c11=1012 c12=1500 step=0
4204.4976,MEAS ms=218269 seq=7878 src=1 c9=1012 c10=1744 c11=1012 c12=1500 step=0
4204.6774,MEAS ms=218314 seq=7879 src=1 c9=1012 c10=1744 c11=1012 c12=1500 step=0
4204.6775,MEAS ms=218359 seq=7880 src=1 c9=1012 c10=1744 c11=1012 c12=1500 step=0
4204.6775,MEAS ms=218404 seq=7881 src=1 c9=1012 c10=1744 c11=1012 c12=1500 step=0
4204.6775,MEAS ms=218449 seq=7882 src=1 c9=1012 c10=1744 c11=1012 c12=1500 step=0
4204.8127,MEAS ms=218494 seq=7883 src=1 c9=1012 c10=1744 c11=1012 c12=1500 step=0
4204.8127,MEAS ms=218539 seq=7884 src=1 c9=1012 c10=1744 c11=1012 c12=1500 step=0
4204.8127,MEAS ms=218584 seq=7885 src=1 c9=1012 c10=1744 c11=1012 c12=1500 step=0
4204.9304,MEAS ms=218629 seq=7886 src=1 c9=1012 c10=1744 c11=1012 c12=1500 step=0
4204.9304,MEAS ms=218674 seq=7887 src=1 c9=1012 c10=1744 c11=1012 c12=1500 step=0
4204.9304,MEAS ms=218719 seq=7888 src=1 c9=1012 c10=1744 c11=1012 c12=1500 step=0
4204.9305,MEAS ms=218739 seq=7889 src=1 c9=1010 c10=1754 c11=1012 c12=1500 step=0
4204.9577,MEAS ms=218747 seq=7890 src=1 c9=1010 c10=1754 c11=1012 c12=1500 step=0
4204.9578,MEAS ms=218756 seq=7891 src=1 c9=1010 c10=1754 c11=1012 c12=1500 step=0
4204.9578,MEAS ms=218765 seq=7892 src=1 c9=1012 c10=1752 c11=1012 c12=1500 step=0
4204.9578,MEAS ms=218774 seq=7893 src=1 c9=1012 c10=1752 c11=1012 c12=1500 step=0
4205.1375,MEAS ms=218819 seq=7894 src=1 c9=1012 c10=1754 c11=1010 c12=1500 step=0
4205.1376,MEAS ms=218864 seq=7895 src=1 c9=1012 c10=1754 c11=1012 c12=1499 step=0
4205.1376,MEAS ms=218909 seq=7896 src=1 c9=1012 c10=1754 c11=1012 c12=1500 step=0
4205.3175,MEAS ms=218954 seq=7897 src=1 c9=1012 c10=1754 c11=1012 c12=1500 step=0
4205.3176,MEAS ms=218999 seq=7898 src=1 c9=1012 c10=1754 c11=1012 c12=1500 step=0
4205.3176,MEAS ms=219044 seq=7899 src=1 c9=1012 c10=1754 c11=1012 c12=1500 step=0
4205.3176,MEAS ms=219089 seq=7900 src=1 c9=1012 c10=1754 c11=1012 c12=1500 step=0
4205.4531,MEAS ms=219134 seq=7901 src=1 c9=1012 c10=1754 c11=1012 c12=1500 step=0
4205.4531,MEAS ms=219179 seq=7902 src=1 c9=1012 c10=1754 c11=1012 c12=1500 step=0
4205.4531,MEAS ms=219224 seq=7903 src=1 c9=1012 c10=1754 c11=1012 c12=1500 step=0
4205.4986,MEAS ms=219269 seq=7904 src=1 c9=1012 c10=1754 c11=1012 c12=1500 step=0
4205.4986,MEAS ms=219289 seq=7905 src=1 c9=1012 c10=1754 c11=1012 c12=1500 step=0
4205.4986,MEAS ms=219297 seq=7906 src=1 c9=1012 c10=1754 c11=1012 c12=1500 step=0
4205.4986,MEAS ms=219306 seq=7907 src=1 c9=1012 c10=1754 c11=1012 c12=1500 step=0
4205.5974,MEAS ms=219315 seq=7908 src=1 c9=1012 c10=1754 c11=1012 c12=1500 step=0
4205.5974,MEAS ms=219324 seq=7909 src=1 c9=1012 c10=1754 c11=1012 c12=1500 step=0
4205.5974,MEAS ms=219369 seq=7910 src=1 c9=1012 c10=1754 c11=1012 c12=1500 step=0
4205.7775,MEAS ms=219414 seq=7911 src=1 c9=1012 c10=1754 c11=1012 c12=1500 step=0
4205.7776,MEAS ms=219459 seq=7912 src=1 c9=1012 c10=1754 c11=1012 c12=1500 step=0
4205.7776,MEAS ms=219504 seq=7913 src=1 c9=1012 c10=1754 c11=1012 c12=1500 step=0
4205.7776,MEAS ms=219549 seq=7914 src=1 c9=1012 c10=1754 c11=1012 c12=1500 step=0
4205.9127,MEAS ms=219594 seq=7915 src=1 c9=1012 c10=1754 c11=1012 c12=1500 step=0
4205.9127,MEAS ms=219639 seq=7916 src=1 c9=1012 c10=1754 c11=1012 c12=1500 step=0
4205.9127,MEAS ms=219684 seq=7917 src=1 c9=1012 c10=1754 c11=1012 c12=1500 step=0
4206.0307,MEAS ms=219729 seq=7918 src=1 c9=1010 c10=1754 c11=1012 c12=1500 step=0
4206.0308,MEAS ms=219774 seq=7919 src=1 c9=1012 c10=1762 c11=1012 c12=1500 step=0
4206.0308,MEAS ms=219819 seq=7920 src=1 c9=1012 c10=1762 c11=1012 c12=1500 step=0
4206.0308,MEAS ms=219839 seq=7921 src=1 c9=1012 c10=1763 c11=1010 c12=1500 step=0
4206.0575,MEAS ms=219847 seq=7922 src=1 c9=1012 c10=1763 c11=1010 c12=1500 step=0
4206.0575,MEAS ms=219856 seq=7923 src=1 c9=1012 c10=1763 c11=1010 c12=1500 step=0
4206.0576,MEAS ms=219865 seq=7924 src=1 c9=1012 c10=1763 c11=1012 c12=1499 step=0
4206.2374,MEAS ms=219874 seq=7925 src=1 c9=1012 c10=1763 c11=1012 c12=1499 step=0
4206.2375,MEAS ms=219919 seq=7926 src=1 c9=1012 c10=1763 c11=1012 c12=1500 step=0
4206.2375,MEAS ms=219964 seq=7927 src=1 c9=1012 c10=1763 c11=1012 c12=1500 step=0
4206.2375,MEAS ms=220009 seq=7928 src=1 c9=1012 c10=1763 c11=1012 c12=1500 step=0
4206.3723,MEAS ms=220054 seq=7929 src=1 c9=1012 c10=1763 c11=1012 c12=1500 step=0
4206.3724,MEAS ms=220099 seq=7930 src=1 c9=1012 c10=1763 c11=1012 c12=1500 step=0
4206.3724,MEAS ms=220144 seq=7931 src=1 c9=1012 c10=1763 c11=1012 c12=1500 step=0
4206.5531,MEAS ms=220189 seq=7932 src=1 c9=1012 c10=1763 c11=1012 c12=1500 step=0
4206.5531,MEAS ms=220234 seq=7933 src=1 c9=1012 c10=1763 c11=1012 c12=1500 step=0
4206.5532,MEAS ms=220279 seq=7934 src=1 c9=1012 c10=1763 c11=1012 c12=1500 step=0
4206.5532,MEAS ms=220324 seq=7935 src=1 c9=1012 c10=1763 c11=1012 c12=1500 step=0
4206.5895,MEAS ms=220369 seq=7936 src=1 c9=1012 c10=1763 c11=1012 c12=1500 step=0
4206.5895,MEAS ms=220389 seq=7937 src=1 c9=1012 c10=1763 c11=1012 c12=1500 step=0
4206.5895,MEAS ms=220397 seq=7938 src=1 c9=1012 c10=1763 c11=1012 c12=1500 step=0
4206.6974,MEAS ms=220406 seq=7939 src=1 c9=1012 c10=1763 c11=1012 c12=1500 step=0
4206.6975,MEAS ms=220415 seq=7940 src=1 c9=1012 c10=1763 c11=1012 c12=1500 step=0
4206.6975,MEAS ms=220424 seq=7941 src=1 c9=1012 c10=1763 c11=1012 c12=1500 step=0
4206.6975,MEAS ms=220469 seq=7942 src=1 c9=1012 c10=1763 c11=1012 c12=1500 step=0
4206.8325,MEAS ms=220514 seq=7943 src=1 c9=1012 c10=1763 c11=1012 c12=1500 step=0
4206.8326,MEAS ms=220559 seq=7944 src=1 c9=1012 c10=1763 c11=1012 c12=1500 step=0
4206.8326,MEAS ms=220604 seq=7945 src=1 c9=1012 c10=1763 c11=1012 c12=1500 step=0
4207.0124,MEAS ms=220649 seq=7946 src=1 c9=1012 c10=1763 c11=1012 c12=1500 step=0
4207.0125,MEAS ms=220694 seq=7947 src=1 c9=1012 c10=1763 c11=1012 c12=1500 step=0
4207.0125,MEAS ms=220739 seq=7948 src=1 c9=1012 c10=1763 c11=1012 c12=1500 step=0
4207.0125,MEAS ms=220784 seq=7949 src=1 c9=1010 c10=1773 c11=1012 c12=1500 step=0
4207.1225,MEAS ms=220829 seq=7950 src=1 c9=1012 c10=1773 c11=1010 c12=1500 step=0
4207.1226,MEAS ms=220874 seq=7951 src=1 c9=1012 c10=1773 c11=1012 c12=1499 step=0
4207.1226,MEAS ms=220919 seq=7952 src=1 c9=1012 c10=1773 c11=1012 c12=1500 step=0
4207.1577,MEAS ms=220939 seq=7953 src=1 c9=1012 c10=1773 c11=1012 c12=1500 step=0
4207.1577,MEAS ms=220947 seq=7954 src=1 c9=1012 c10=1773 c11=1012 c12=1500 step=0
4207.1578,MEAS ms=220956 seq=7955 src=1 c9=1012 c10=1773 c11=1012 c12=1500 step=0
4207.1578,MEAS ms=220965 seq=7956 src=1 c9=1012 c10=1773 c11=1012 c12=1500 step=0
4207.2926,MEAS ms=220974 seq=7957 src=1 c9=1012 c10=1773 c11=1012 c12=1500 step=0
4207.2927,MEAS ms=221019 seq=7958 src=1 c9=1012 c10=1773 c11=1012 c12=1500 step=0
4207.2927,MEAS ms=221064 seq=7959 src=1 c9=1012 c10=1773 c11=1012 c12=1500 step=0
4207.4727,MEAS ms=221109 seq=7960 src=1 c9=1012 c10=1773 c11=1012 c12=1500 step=0
4207.4727,MEAS ms=221154 seq=7961 src=1 c9=1012 c10=1773 c11=1012 c12=1500 step=0
4207.4727,MEAS ms=221199 seq=7962 src=1 c9=1012 c10=1773 c11=1012 c12=1500 step=0
4207.4727,MEAS ms=221244 seq=7963 src=1 c9=1012 c10=1773 c11=1012 c12=1500 step=0
4207.6074,MEAS ms=221289 seq=7964 src=1 c9=1012 c10=1773 c11=1012 c12=1500 step=0
4207.6074,MEAS ms=221334 seq=7965 src=1 c9=1012 c10=1773 c11=1012 c12=1500 step=0
4207.6074,MEAS ms=221379 seq=7966 src=1 c9=1012 c10=1773 c11=1012 c12=1500 step=0
4207.6896,MEAS ms=221424 seq=7967 src=1 c9=1012 c10=1773 c11=1012 c12=1500 step=0
4207.6896,MEAS ms=221469 seq=7968 src=1 c9=1012 c10=1773 c11=1012 c12=1500 step=0
4207.6896,MEAS ms=221489 seq=7969 src=1 c9=1012 c10=1773 c11=1012 c12=1500 step=0
4207.6896,MEAS ms=221497 seq=7970 src=1 c9=1012 c10=1773 c11=1012 c12=1500 step=0
4207.7526,MEAS ms=221506 seq=7971 src=1 c9=1012 c10=1773 c11=1012 c12=1500 step=0
4207.7527,MEAS ms=221515 seq=7972 src=1 c9=1012 c10=1773 c11=1012 c12=1500 step=0
4207.7527,MEAS ms=221524 seq=7973 src=1 c9=1012 c10=1773 c11=1012 c12=1500 step=0
4207.9326,MEAS ms=221569 seq=7974 src=1 c9=1012 c10=1773 c11=1012 c12=1500 step=0
4207.9326,MEAS ms=221614 seq=7975 src=1 c9=1012 c10=1773 c11=1012 c12=1500 step=0
4207.9326,MEAS ms=221659 seq=7976 src=1 c9=1012 c10=1773 c11=1012 c12=1500 step=0
4207.9327,MEAS ms=221704 seq=7977 src=1 c9=1012 c10=1773 c11=1012 c12=1500 step=0
4208.0675,MEAS ms=221749 seq=7978 src=1 c9=1012 c10=1783 c11=1012 c12=1500 step=0
4208.0676,MEAS ms=221794 seq=7979 src=1 c9=1012 c10=1781 c11=1012 c12=1500 step=0
4208.0676,MEAS ms=221839 seq=7980 src=1 c9=1012 c10=1781 c11=1012 c12=1500 step=0
4208.2477,MEAS ms=221884 seq=7981 src=1 c9=1012 c10=1783 c11=1010 c12=1500 step=0
4208.2478,MEAS ms=221929 seq=7982 src=1 c9=1012 c10=1783 c11=1012 c12=1499 step=0
4208.2478,MEAS ms=221974 seq=7983 src=1 c9=1012 c10=1783 c11=1012 c12=1500 step=0
4208.2478,MEAS ms=222019 seq=7984 src=1 c9=1012 c10=1783 c11=1012 c12=1500 step=0
4208.2844,MEAS ms=222064 seq=7985 src=1 c9=1012 c10=1783 c11=1012 c12=1500 step=0
4208.2844,MEAS ms=222084 seq=7986 src=1 c9=1012 c10=1783 c11=1012 c12=1500 step=0
4208.2844,MEAS ms=222092 seq=7987 src=1 c9=1012 c10=1783 c11=1012 c12=1500 step=0
4208.3927,MEAS ms=222101 seq=7988 src=1 c9=1012 c10=1783 c11=1012 c12=1500 step=0
4208.3928,MEAS ms=222110 seq=7989 src=1 c9=1012 c10=1783 c11=1012 c12=1500 step=0
4208.3928,MEAS ms=222119 seq=7990 src=1 c9=1012 c10=1783 c11=1012 c12=1500 step=0
4208.3928,MEAS ms=222164 seq=7991 src=1 c9=1012 c10=1783 c11=1012 c12=1500 step=0
4208.5275,MEAS ms=222209 seq=7992 src=1 c9=1012 c10=1783 c11=1012 c12=1500 step=0
4208.5275,MEAS ms=222254 seq=7993 src=1 c9=1012 c10=1783 c11=1012 c12=1500 step=0
4208.5275,MEAS ms=222299 seq=7994 src=1 c9=1012 c10=1783 c11=1012 c12=1500 step=0
4208.7075,MEAS ms=222344 seq=7995 src=1 c9=1012 c10=1783 c11=1012 c12=1500 step=0
4208.7076,MEAS ms=222389 seq=7996 src=1 c9=1012 c10=1783 c11=1012 c12=1500 step=0
4208.7076,MEAS ms=222434 seq=7997 src=1 c9=1012 c10=1783 c11=1012 c12=1500 step=0
4208.7076,MEAS ms=222479 seq=7998 src=1 c9=1012 c10=1783 c11=1012 c12=1500 step=0
4208.8173,MEAS ms=222524 seq=7999 src=1 c9=1012 c10=1783 c11=1012 c12=1500 step=0
4208.8174,MEAS ms=222569 seq=8000 src=1 c9=1012 c10=1783 c11=1012 c12=1500 step=0
4208.8174,MEAS ms=222614 seq=8001 src=1 c9=1012 c10=1783 c11=1012 c12=1500 step=0
4208.8526,MEAS ms=222634 seq=8002 src=1 c9=1012 c10=1783 c11=1012 c12=1500 step=0
4208.8526,MEAS ms=222642 seq=8003 src=1 c9=1012 c10=1783 c11=1012 c12=1500 step=0
4208.8526,MEAS ms=222651 seq=8004 src=1 c9=1012 c10=1783 c11=1012 c12=1500 step=0
4208.8526,MEAS ms=222660 seq=8005 src=1 c9=1012 c10=1783 c11=1012 c12=1500 step=0
4208.9875,MEAS ms=222669 seq=8006 src=1 c9=1012 c10=1783 c11=1012 c12=1500 step=0
4208.9875,MEAS ms=222714 seq=8007 src=1 c9=1012 c10=1783 c11=1012 c12=1500 step=0
4208.9875,MEAS ms=222759 seq=8008 src=1 c9=1012 c10=1783 c11=1012 c12=1500 step=0
4209.1677,MEAS ms=222804 seq=8009 src=1 c9=1010 c10=1793 c11=1012 c12=1500 step=0
4209.1680,MEAS ms=222849 seq=8010 src=1 c9=1012 c10=1793 c11=1010 c12=1500 step=0
4209.1681,MEAS ms=222894 seq=8011 src=1 c9=1012 c10=1793 c11=1012 c12=1499 step=0
4209.1681,MEAS ms=222939 seq=8012 src=1 c9=1012 c10=1793 c11=1012 c12=1499 step=0
4209.3025,MEAS ms=222984 seq=8013 src=1 c9=1012 c10=1793 c11=1012 c12=1500 step=0
4209.3026,MEAS ms=223029 seq=8014 src=1 c9=1012 c10=1793 c11=1012 c12=1500 step=0
4209.3026,MEAS ms=223074 seq=8015 src=1 c9=1012 c10=1793 c11=1012 c12=1500 step=0
4209.3842,MEAS ms=223119 seq=8016 src=1 c9=1012 c10=1793 c11=1012 c12=1500 step=0
4209.3843,MEAS ms=223164 seq=8017 src=1 c9=1012 c10=1793 c11=1012 c12=1500 step=0
4209.3843,MEAS ms=223184 seq=8018 src=1 c9=1012 c10=1793 c11=1012 c12=1500 step=0
4209.3843,MEAS ms=223192 seq=8019 src=1 c9=1012 c10=1793 c11=1012 c12=1500 step=0
4209.4476,MEAS ms=223201 seq=8020 src=1 c9=1012 c10=1793 c11=1012 c12=1500 step=0
4209.4477,MEAS ms=223210 seq=8021 src=1 c9=1012 c10=1793 c11=1012 c12=1500 step=0
4209.4477,MEAS ms=223219 seq=8022 src=1 c9=1012 c10=1793 c11=1012 c12=1500 step=0
4209.6276,MEAS ms=223264 seq=8023 src=1 c9=1012 c10=1793 c11=1012 c12=1500 step=0
4209.6276,MEAS ms=223309 seq=8024 src=1 c9=1012 c10=1793 c11=1012 c12=1500 step=0
4209.6276,MEAS ms=223354 seq=8025 src=1 c9=1012 c10=1793 c11=1012 c12=1500 step=0
4209.6276,MEAS ms=223399 seq=8026 src=1 c9=1012 c10=1793 c11=1012 c12=1500 step=0
4209.7623,MEAS ms=223444 seq=8027 src=1 c9=1012 c10=1793 c11=1012 c12=1500 step=0
4209.7623,MEAS ms=223489 seq=8028 src=1 c9=1012 c10=1793 c11=1012 c12=1500 step=0
4209.7624,MEAS ms=223534 seq=8029 src=1 c9=1012 c10=1793 c11=1012 c12=1500 step=0
4209.9176,MEAS ms=223579 seq=8030 src=1 c9=1012 c10=1793 c11=1012 c12=1500 step=0
4209.9176,MEAS ms=223624 seq=8031 src=1 c9=1012 c10=1793 c11=1012 c12=1500 step=0
4209.9177,MEAS ms=223669 seq=8032 src=1 c9=1012 c10=1793 c11=1012 c12=1500 step=0
4209.9177,MEAS ms=223714 seq=8033 src=1 c9=1012 c10=1793 c11=1012 c12=1500 step=0
4209.9436,MEAS ms=223734 seq=8034 src=1 c9=1012 c10=1793 c11=1012 c12=1500 step=0
4209.9436,MEAS ms=223742 seq=8035 src=1 c9=1012 c10=1793 c11=1012 c12=1500 step=0
4209.9436,MEAS ms=223751 seq=8036 src=1 c9=1012 c10=1793 c11=1012 c12=1500 step=0
4210.0873,MEAS ms=223760 seq=8037 src=1 c9=1012 c10=1793 c11=1012 c12=1500 step=0
4210.0874,MEAS ms=223769 seq=8038 src=1 c9=1012 c10=1802 c11=1012 c12=1500 step=0
4210.0874,MEAS ms=223814 seq=8039 src=1 c9=1010 c10=1802 c11=1012 c12=1500 step=0
4210.0874,MEAS ms=223859 seq=8040 src=1 c9=1012 c10=1801 c11=1012 c12=1500 step=0
4210.2226,MEAS ms=223904 seq=8041 src=1 c9=1012 c10=1802 c11=1010 c12=1500 step=0
4210.2226,MEAS ms=223949 seq=8042 src=1 c9=1012 c10=1802 c11=1012 c12=1499 step=0
4210.2226,MEAS ms=223994 seq=8043 src=1 c9=1012 c10=1802 c11=1012 c12=1500 step=0
4210.4026,MEAS ms=224039 seq=8044 src=1 c9=1012 c10=1802 c11=1012 c12=1500 step=0
4210.4027,MEAS ms=224084 seq=8045 src=1 c9=1012 c10=1802 c11=1012 c12=1500 step=0
4210.4027,MEAS ms=224129 seq=8046 src=1 c9=1012 c10=1802 c11=1012 c12=1500 step=0
4210.4027,MEAS ms=224174 seq=8047 src=1 c9=1012 c10=1802 c11=1012 c12=1500 step=0
4210.4759,MEAS ms=224219 seq=8048 src=1 c9=1012 c10=1802 c11=1012 c12=1500 step=0
4210.4759,MEAS ms=224264 seq=8049 src=1 c9=1012 c10=1802 c11=1012 c12=1500 step=0
4210.4759,MEAS ms=224284 seq=8050 src=1 c9=1012 c10=1802 c11=1012 c12=1500 step=0
4210.5476,MEAS ms=224292 seq=8051 src=1 c9=1012 c10=1802 c11=1012 c12=1500 step=0
4210.5476,MEAS ms=224301 seq=8052 src=1 c9=1012 c10=1802 c11=1012 c12=1500 step=0
4210.5476,MEAS ms=224310 seq=8053 src=1 c9=1012 c10=1802 c11=1012 c12=1500 step=0
4210.5476,MEAS ms=224319 seq=8054 src=1 c9=1012 c10=1802 c11=1012 c12=1500 step=0
4210.6824,MEAS ms=224364 seq=8055 src=1 c9=1012 c10=1802 c11=1012 c12=1500 step=0
4210.6824,MEAS ms=224409 seq=8056 src=1 c9=1012 c10=1802 c11=1012 c12=1500 step=0
4210.6824,MEAS ms=224454 seq=8057 src=1 c9=1012 c10=1802 c11=1012 c12=1500 step=0
4210.8631,MEAS ms=224499 seq=8058 src=1 c9=1012 c10=1802 c11=1012 c12=1500 step=0
4210.8631,MEAS ms=224544 seq=8059 src=1 c9=1012 c10=1802 c11=1012 c12=1500 step=0
4210.8631,MEAS ms=224589 seq=8060 src=1 c9=1012 c10=1802 c11=1012 c12=1500 step=0
4210.8631,MEAS ms=224634 seq=8061 src=1 c9=1012 c10=1802 c11=1012 c12=1500 step=0
4210.9973,MEAS ms=224679 seq=8062 src=1 c9=1012 c10=1802 c11=1012 c12=1500 step=0
4210.9973,MEAS ms=224724 seq=8063 src=1 c9=1012 c10=1802 c11=1012 c12=1500 step=0
4210.9973,MEAS ms=224769 seq=8064 src=1 c9=1012 c10=1812 c11=1012 c12=1500 step=0
4211.0435,MEAS ms=224814 seq=8065 src=1 c9=1010 c10=1812 c11=1012 c12=1500 step=0
4211.0435,MEAS ms=224834 seq=8066 src=1 c9=1010 c10=1812 c11=1012 c12=1500 step=0
4211.0435,MEAS ms=224842 seq=8067 src=1 c9=1010 c10=1812 c11=1012 c12=1500 step=0
4211.0435,MEAS ms=224851 seq=8068 src=1 c9=1010 c10=1812 c11=1012 c12=1500 step=0
4211.1424,MEAS ms=224860 seq=8069 src=1 c9=1010 c10=1812 c11=1012 c12=1500 step=0
4211.1425,MEAS ms=224869 seq=8070 src=1 c9=1010 c10=1810 c11=1012 c12=1500 step=0
4211.1425,MEAS ms=224914 seq=8071 src=1 c9=1012 c10=1812 c11=1010 c12=1500 step=0
4211.3226,MEAS ms=224959 seq=8072 src=1 c9=1012 c10=1812 c11=1012 c12=1499 step=0
4211.3226,MEAS ms=225004 seq=8073 src=1 c9=1012 c10=1812 c11=1012 c12=1500 step=0
4211.3226,MEAS ms=225049 seq=8074 src=1 c9=1012 c10=1812 c11=1012 c12=1500 step=0
4211.3226,MEAS ms=225094 seq=8075 src=1 c9=1012 c10=1812 c11=1012 c12=1500 step=0
4211.4573,MEAS ms=225139 seq=8076 src=1 c9=1012 c10=1812 c11=1012 c12=1500 step=0
4211.4573,MEAS ms=225184 seq=8077 src=1 c9=1012 c10=1812 c11=1012 c12=1500 step=0
4211.4573,MEAS ms=225229 seq=8078 src=1 c9=1012 c10=1812 c11=1012 c12=1500 step=0
4211.5753,MEAS ms=225274 seq=8079 src=1 c9=1012 c10=1812 c11=1012 c12=1500 step=0
4211.5753,MEAS ms=225319 seq=8080 src=1 c9=1012 c10=1812 c11=1012 c12=1500 step=0
4211.5754,MEAS ms=225364 seq=8081 src=1 c9=1012 c10=1812 c11=1012 c12=1500 step=0
4211.5754,MEAS ms=225384 seq=8082 src=1 c9=1012 c10=1812 c11=1012 c12=1500 step=0
4211.6027,MEAS ms=225392 seq=8083 src=1 c9=1012 c10=1812 c11=1012 c12=1500 step=0
4211.6027,MEAS ms=225401 seq=8084 src=1 c9=1012 c10=1812 c11=1012 c12=1500 step=0
4211.6027,MEAS ms=225410 seq=8085 src=1 c9=1012 c10=1812 c11=1012 c12=1500 step=0
4211.7827,MEAS ms=225419 seq=8086 src=1 c9=1012 c10=1812 c11=1012 c12=1500 step=0
4211.7827,MEAS ms=225464 seq=8087 src=1 c9=1012 c10=1812 c11=1012 c12=1500 step=0
4211.7827,MEAS ms=225509 seq=8088 src=1 c9=1012 c10=1812 c11=1012 c12=1500 step=0
4211.7828,MEAS ms=225554 seq=8089 src=1 c9=1012 c10=1812 c11=1012 c12=1500 step=0
4211.9176,MEAS ms=225599 seq=8090 src=1 c9=1012 c10=1812 c11=1012 c12=1500 step=0
4211.9177,MEAS ms=225644 seq=8091 src=1 c9=1012 c10=1812 c11=1012 c12=1500 step=0
4211.9177,MEAS ms=225689 seq=8092 src=1 c9=1012 c10=1812 c11=1012 c12=1500 step=0
4212.0977,MEAS ms=225734 seq=8093 src=1 c9=1012 c10=1812 c11=1012 c12=1500 step=0
4212.0977,MEAS ms=225779 seq=8094 src=1 c9=1012 c10=1822 c11=1012 c12=1500 step=0
4212.0977,MEAS ms=225824 seq=8095 src=1 c9=1010 c10=1822 c11=1012 c12=1500 step=0
4212.0977,MEAS ms=225869 seq=8096 src=1 c9=1012 c10=1820 c11=1012 c12=1500 step=0
4212.1345,MEAS ms=225914 seq=8097 src=1 c9=1012 c10=1820 c11=1012 c12=1500 step=0
4212.1345,MEAS ms=225934 seq=8098 src=1 c9=1012 c10=1822 c11=1012 c12=1500 step=0
4212.1345,MEAS ms=225942 seq=8099 src=1 c9=1012 c10=1822 c11=1012 c12=1499 step=0
4212.2425,MEAS ms=225951 seq=8100 src=1 c9=1012 c10=1822 c11=1012 c12=1499 step=0
4212.2425,MEAS ms=225960 seq=8101 src=1 c9=1012 c10=1822 c11=1012 c12=1499 step=0
4212.2425,MEAS ms=225969 seq=8102 src=1 c9=1012 c10=1822 c11=1012 c12=1499 step=0
4212.2425,MEAS ms=226014 seq=8103 src=1 c9=1012 c10=1822 c11=1012 c12=1500 step=0
4212.3776,MEAS ms=226059 seq=8104 src=1 c9=1012 c10=1822 c11=1012 c12=1500 step=0
4212.3776,MEAS ms=226104 seq=8105 src=1 c9=1012 c10=1822 c11=1012 c12=1500 step=0
4212.3776,MEAS ms=226149 seq=8106 src=1 c9=1012 c10=1822 c11=1012 c12=1500 step=0
4212.5574,MEAS ms=226194 seq=8107 src=1 c9=1012 c10=1822 c11=1012 c12=1500 step=0
4212.5578,MEAS ms=226239 seq=8108 src=1 c9=1012 c10=1822 c11=1012 c12=1500 step=0
4212.5578,MEAS ms=226284 seq=8109 src=1 c9=1012 c10=1822 c11=1012 c12=1500 step=0
4212.5578,MEAS ms=226329 seq=8110 src=1 c9=1012 c10=1822 c11=1012 c12=1500 step=0
4212.6674,MEAS ms=226374 seq=8111 src=1 c9=1012 c10=1822 c11=1012 c12=1500 step=0
4212.6675,MEAS ms=226419 seq=8112 src=1 c9=1012 c10=1822 c11=1012 c12=1500 step=0
4212.6675,MEAS ms=226464 seq=8113 src=1 c9=1012 c10=1822 c11=1012 c12=1500 step=0
4212.7027,MEAS ms=226484 seq=8114 src=1 c9=1012 c10=1822 c11=1012 c12=1500 step=0
4212.7027,MEAS ms=226492 seq=8115 src=1 c9=1012 c10=1822 c11=1012 c12=1500 step=0
4212.7027,MEAS ms=226501 seq=8116 src=1 c9=1012 c10=1822 c11=1012 c12=1500 step=0
4212.7027,MEAS ms=226510 seq=8117 src=1 c9=1012 c10=1822 c11=1012 c12=1500 step=0
4212.8375,MEAS ms=226519 seq=8118 src=1 c9=1012 c10=1822 c11=1012 c12=1500 step=0
4212.8375,MEAS ms=226564 seq=8119 src=1 c9=1012 c10=1822 c11=1012 c12=1500 step=0
4212.8375,MEAS ms=226609 seq=8120 src=1 c9=1012 c10=1822 c11=1012 c12=1500 step=0
4213.0176,MEAS ms=226654 seq=8121 src=1 c9=1012 c10=1822 c11=1012 c12=1500 step=0
4213.0176,MEAS ms=226699 seq=8122 src=1 c9=1012 c10=1822 c11=1012 c12=1500 step=0
4213.0176,MEAS ms=226744 seq=8123 src=1 c9=1012 c10=1822 c11=1012 c12=1500 step=0
4213.0176,MEAS ms=226789 seq=8124 src=1 c9=1012 c10=1832 c11=1012 c12=1500 step=0
4213.1525,MEAS ms=226834 seq=8125 src=1 c9=1012 c10=1832 c11=1012 c12=1500 step=0
4213.1526,MEAS ms=226879 seq=8126 src=1 c9=1010 c10=1832 c11=1012 c12=1500 step=0
4213.1526,MEAS ms=226924 seq=8127 src=1 c9=1012 c10=1830 c11=1012 c12=1500 step=0
4213.2343,MEAS ms=226969 seq=8128 src=1 c9=1012 c10=1832 c11=1012 c12=1499 step=0
4213.2343,MEAS ms=227014 seq=8129 src=1 c9=1012 c10=1832 c11=1012 c12=1500 step=0
4213.2343,MEAS ms=227034 seq=8130 src=1 c9=1012 c10=1832 c11=1012 c12=1500 step=0
4213.2343,MEAS ms=227042 seq=8131 src=1 c9=1012 c10=1832 c11=1012 c12=1500 step=0
4213.2975,MEAS ms=227051 seq=8132 src=1 c9=1012 c10=1832 c11=1012 c12=1500 step=0
4213.2975,MEAS ms=227060 seq=8133 src=1 c9=1012 c10=1832 c11=1012 c12=1500 step=0
4213.2975,MEAS ms=227069 seq=8134 src=1 c9=1012 c10=1832 c11=1012 c12=1500 step=0
4213.4775,MEAS ms=227114 seq=8135 src=1 c9=1012 c10=1832 c11=1012 c12=1500 step=0
4213.4776,MEAS ms=227159 seq=8136 src=1 c9=1012 c10=1832 c11=1012 c12=1500 step=0
4213.4776,MEAS ms=227204 seq=8137 src=1 c9=1012 c10=1832 c11=1012 c12=1500 step=0
4213.4776,MEAS ms=227249 seq=8138 src=1 c9=1012 c10=1832 c11=1012 c12=1500 step=0
4213.6126,MEAS ms=227294 seq=8139 src=1 c9=1012 c10=1832 c11=1012 c12=1500 step=0
4213.6127,MEAS ms=227339 seq=8140 src=1 c9=1012 c10=1832 c11=1012 c12=1500 step=0
4213.6127,MEAS ms=227384 seq=8141 src=1 c9=1012 c10=1832 c11=1012 c12=1500 step=0
4213.7676,MEAS ms=227429 seq=8142 src=1 c9=1012 c10=1832 c11=1012 c12=1500 step=0
4213.7677,MEAS ms=227474 seq=8143 src=1 c9=1012 c10=1832 c11=1012 c12=1500 step=0
4213.7677,MEAS ms=227519 seq=8144 src=1 c9=1012 c10=1832 c11=1012 c12=1500 step=0
4213.7677,MEAS ms=227564 seq=8145 src=1 c9=1012 c10=1832 c11=1012 c12=1500 step=0
4213.7935,MEAS ms=227584 seq=8146 src=1 c9=1012 c10=1832 c11=1012 c12=1500 step=0
4213.7936,MEAS ms=227592 seq=8147 src=1 c9=1012 c10=1832 c11=1012 c12=1500 step=0
4213.7936,MEAS ms=227601 seq=8148 src=1 c9=1012 c10=1832 c11=1012 c12=1500 step=0
4213.7936,MEAS ms=227610 seq=8149 src=1 c9=1012 c10=1832 c11=1012 c12=1500 step=0
4213.9375,MEAS ms=227619 seq=8150 src=1 c9=1012 c10=1832 c11=1012 c12=1500 step=0
4213.9375,MEAS ms=227664 seq=8151 src=1 c9=1012 c10=1832 c11=1012 c12=1500 step=0
4213.9375,MEAS ms=227709 seq=8152 src=1 c9=1012 c10=1832 c11=1012 c12=1500 step=0
4214.1174,MEAS ms=227754 seq=8153 src=1 c9=1012 c10=1832 c11=1012 c12=1500 step=0
4214.1174,MEAS ms=227799 seq=8154 src=1 c9=1012 c10=1841 c11=1012 c12=1500 step=0
4214.1174,MEAS ms=227844 seq=8155 src=1 c9=1012 c10=1841 c11=1012 c12=1500 step=0
4214.1175,MEAS ms=227889 seq=8156 src=1 c9=1012 c10=1840 c11=1012 c12=1500 step=0
4214.2526,MEAS ms=227934 seq=8157 src=1 c9=1012 c10=1840 c11=1012 c12=1500 step=0
4214.2527,MEAS ms=227979 seq=8158 src=1 c9=1012 c10=1841 c11=1010 c12=1500 step=0
4214.2527,MEAS ms=228024 seq=8159 src=1 c9=1012 c10=1841 c11=1012 c12=1499 step=0
4214.3344,MEAS ms=228069 seq=8160 src=1 c9=1012 c10=1841 c11=1012 c12=1500 step=0
4214.3345,MEAS ms=228114 seq=8161 src=1 c9=1012 c10=1841 c11=1012 c12=1500 step=0
4214.3345,MEAS ms=228134 seq=8162 src=1 c9=1012 c10=1841 c11=1012 c12=1500 step=0
4214.3345,MEAS ms=228142 seq=8163 src=1 c9=1012 c10=1841 c11=1012 c12=1500 step=0
4214.3975,MEAS ms=228151 seq=8164 src=1 c9=1012 c10=1841 c11=1012 c12=1500 step=0
4214.3975,MEAS ms=228160 seq=8165 src=1 c9=1012 c10=1841 c11=1012 c12=1500 step=0
4214.3976,MEAS ms=228169 seq=8166 src=1 c9=1012 c10=1841 c11=1012 c12=1500 step=0
4214.5774,MEAS ms=228214 seq=8167 src=1 c9=1012 c10=1841 c11=1012 c12=1500 step=0
4214.5774,MEAS ms=228259 seq=8168 src=1 c9=1012 c10=1841 c11=1012 c12=1500 step=0
4214.5774,MEAS ms=228304 seq=8169 src=1 c9=1012 c10=1841 c11=1012 c12=1500 step=0
4214.5774,MEAS ms=228349 seq=8170 src=1 c9=1012 c10=1841 c11=1012 c12=1500 step=0
4214.7125,MEAS ms=228394 seq=8171 src=1 c9=1012 c10=1841 c11=1012 c12=1500 step=0
4214.7125,MEAS ms=228439 seq=8172 src=1 c9=1012 c10=1841 c11=1012 c12=1500 step=0
4214.7125,MEAS ms=228484 seq=8173 src=1 c9=1012 c10=1841 c11=1012 c12=1500 step=0
4214.8675,MEAS ms=228529 seq=8174 src=1 c9=1012 c10=1841 c11=1012 c12=1500 step=0
4214.8676,MEAS ms=228574 seq=8175 src=1 c9=1012 c10=1841 c11=1012 c12=1500 step=0
4214.8676,MEAS ms=228619 seq=8176 src=1 c9=1012 c10=1841 c11=1012 c12=1500 step=0
4214.8676,MEAS ms=228664 seq=8177 src=1 c9=1012 c10=1841 c11=1012 c12=1500 step=0
4214.8936,MEAS ms=228684 seq=8178 src=1 c9=1012 c10=1841 c11=1012 c12=1500 step=0
4214.8937,MEAS ms=228692 seq=8179 src=1 c9=1012 c10=1841 c11=1012 c12=1500 step=0
4214.8937,MEAS ms=228701 seq=8180 src=1 c9=1012 c10=1841 c11=1012 c12=1500 step=0
4215.0376,MEAS ms=228710 seq=8181 src=1 c9=1012 c10=1841 c11=1012 c12=1500 step=0
4215.0376,MEAS ms=228719 seq=8182 src=1 c9=1012 c10=1841 c11=1012 c12=1500 step=0
4215.0376,MEAS ms=228764 seq=8183 src=1 c9=1012 c10=1841 c11=1012 c12=1500 step=0
4215.0376,MEAS ms=228809 seq=8184 src=1 c9=1012 c10=1851 c11=1012 c12=1500 step=0
4215.1724,MEAS ms=228854 seq=8185 src=1 c9=1012 c10=1851 c11=1012 c12=1500 step=0
4215.1725,MEAS ms=228899 seq=8186 src=1 c9=1012 c10=1851 c11=1012 c12=1500 step=0
4215.1725,MEAS ms=228944 seq=8187 src=1 c9=1012 c10=1850 c11=1012 c12=1500 step=0
4215.3523,MEAS ms=228989 seq=8188 src=1 c9=1012 c10=1851 c11=1012 c12=1499 step=0
4215.3523,MEAS ms=229034 seq=8189 src=1 c9=1012 c10=1851 c11=1012 c12=1499 step=0
4215.3523,MEAS ms=229079 seq=8190 src=1 c9=1012 c10=1851 c11=1012 c12=1500 step=0
4215.3523,MEAS ms=229124 seq=8191 src=1 c9=1012 c10=1851 c11=1012 c12=1500 step=0
4215.4254,MEAS ms=229169 seq=8192 src=1 c9=1012 c10=1851 c11=1012 c12=1500 step=0
4215.4254,MEAS ms=229214 seq=8193 src=1 c9=1012 c10=1851 c11=1012 c12=1500 step=0
4215.4254,MEAS ms=229234 seq=8194 src=1 c9=1012 c10=1851 c11=1012 c12=1500 step=0
4215.4977,MEAS ms=229242 seq=8195 src=1 c9=1012 c10=1851 c11=1012 c12=1500 step=0
4215.4980,MEAS ms=229251 seq=8196 src=1 c9=1012 c10=1851 c11=1012 c12=1500 step=0
4215.4980,MEAS ms=229260 seq=8197 src=1 c9=1012 c10=1851 c11=1012 c12=1500 step=0
4215.4980,MEAS ms=229269 seq=8198 src=1 c9=1012 c10=1851 c11=1012 c12=1500 step=0
4215.6326,MEAS ms=229314 seq=8199 src=1 c9=1012 c10=1851 c11=1012 c12=1500 step=0
4215.6327,MEAS ms=229359 seq=8200 src=1 c9=1012 c10=1851 c11=1012 c12=1500 step=0
4215.6327,MEAS ms=229404 seq=8201 src=1 c9=1012 c10=1851 c11=1012 c12=1500 step=0
4215.8124,MEAS ms=229449 seq=8202 src=1 c9=1012 c10=1851 c11=1012 c12=1500 step=0
4215.8125,MEAS ms=229494 seq=8203 src=1 c9=1012 c10=1851 c11=1012 c12=1500 step=0
4215.8125,MEAS ms=229539 seq=8204 src=1 c9=1012 c10=1851 c11=1012 c12=1500 step=0
4215.8125,MEAS ms=229584 seq=8205 src=1 c9=1012 c10=1851 c11=1012 c12=1500 step=0
4215.9475,MEAS ms=229629 seq=8206 src=1 c9=1012 c10=1851 c11=1012 c12=1500 step=0
4215.9476,MEAS ms=229674 seq=8207 src=1 c9=1012 c10=1851 c11=1012 c12=1500 step=0
4215.9476,MEAS ms=229719 seq=8208 src=1 c9=1012 c10=1851 c11=1012 c12=1500 step=0
4215.9935,MEAS ms=229764 seq=8209 src=1 c9=1012 c10=1851 c11=1012 c12=1500 step=0
4215.9935,MEAS ms=229784 seq=8210 src=1 c9=1012 c10=1851 c11=1012 c12=1500 step=0
4215.9935,MEAS ms=229792 seq=8211 src=1 c9=1012 c10=1851 c11=1012 c12=1500 step=0
4215.9935,MEAS ms=229801 seq=8212 src=1 c9=1012 c10=1851 c11=1012 c12=1500 step=0
4216.0926,MEAS ms=229810 seq=8213 src=1 c9=1012 c10=1861 c11=1012 c12=1500 step=0
4216.0926,MEAS ms=229819 seq=8214 src=1 c9=1012 c10=1861 c11=1012 c12=1500 step=0
4216.0926,MEAS ms=229864 seq=8215 src=1 c9=1012 c10=1861 c11=1012 c12=1500 step=0
4216.2723,MEAS ms=229909 seq=8216 src=1 c9=1010 c10=1861 c11=1012 c12=1500 step=0
4216.2724,MEAS ms=229954 seq=8217 src=1 c9=1012 c10=1860 c11=1012 c12=1500 step=0
4216.2724,MEAS ms=229999 seq=8218 src=1 c9=1012 c10=1860 c11=1012 c12=1500 step=0
4216.2724,MEAS ms=230044 seq=8219 src=1 c9=1012 c10=1861 c11=1012 c12=1499 step=0
4216.4074,MEAS ms=230089 seq=8220 src=1 c9=1012 c10=1861 c11=1012 c12=1500 step=0
4216.4075,MEAS ms=230134 seq=8221 src=1 c9=1012 c10=1861 c11=1012 c12=1500 step=0
4216.4075,MEAS ms=230179 seq=8222 src=1 c9=1012 c10=1861 c11=1012 c12=1500 step=0
4216.5254,MEAS ms=230224 seq=8223 src=1 c9=1012 c10=1861 c11=1012 c12=1500 step=0
4216.5254,MEAS ms=230269 seq=8224 src=1 c9=1012 c10=1861 c11=1012 c12=1500 step=0
4216.5254,MEAS ms=230314 seq=8225 src=1 c9=1012 c10=1861 c11=1012 c12=1500 step=0
4216.5254,MEAS ms=230334 seq=8226 src=1 c9=1012 c10=1861 c11=1012 c12=1500 step=0
4216.5527,MEAS ms=230342 seq=8227 src=1 c9=1012 c10=1861 c11=1012 c12=1500 step=0
4216.5528,MEAS ms=230351 seq=8228 src=1 c9=1012 c10=1861 c11=1012 c12=1500 step=0
4216.5528,MEAS ms=230360 seq=8229 src=1 c9=1012 c10=1861 c11=1012 c12=1500 step=0
4216.7324,MEAS ms=230369 seq=8230 src=1 c9=1012 c10=1861 c11=1012 c12=1500 step=0
4216.7325,MEAS ms=230414 seq=8231 src=1 c9=1012 c10=1861 c11=1012 c12=1500 step=0
4216.7325,MEAS ms=230459 seq=8232 src=1 c9=1012 c10=1861 c11=1012 c12=1500 step=0
4216.7325,MEAS ms=230504 seq=8233 src=1 c9=1012 c10=1861 c11=1012 c12=1500 step=0
4216.8673,MEAS ms=230549 seq=8234 src=1 c9=1012 c10=1861 c11=1012 c12=1500 step=0
4216.8673,MEAS ms=230594 seq=8235 src=1 c9=1012 c10=1861 c11=1012 c12=1500 step=0
4216.8674,MEAS ms=230639 seq=8236 src=1 c9=1012 c10=1861 c11=1012 c12=1500 step=0
4217.0474,MEAS ms=230684 seq=8237 src=1 c9=1012 c10=1861 c11=1012 c12=1500 step=0
4217.0475,MEAS ms=230729 seq=8238 src=1 c9=1012 c10=1861 c11=1012 c12=1500 step=0
4217.0475,MEAS ms=230774 seq=8239 src=1 c9=1012 c10=1861 c11=1012 c12=1500 step=0
4217.0475,MEAS ms=230819 seq=8240 src=1 c9=1012 c10=1871 c11=1012 c12=1500 step=0
4217.0848,MEAS ms=230864 seq=8241 src=1 c9=1012 c10=1871 c11=1012 c12=1500 step=0
4217.0849,MEAS ms=230884 seq=8242 src=1 c9=1012 c10=1871 c11=1012 c12=1500 step=0
4217.0849,MEAS ms=230892 seq=8243 src=1 c9=1012 c10=1871 c11=1012 c12=1500 step=0
4217.1928,MEAS ms=230901 seq=8244 src=1 c9=1012 c10=1871 c11=1012 c12=1500 step=0
4217.1929,MEAS ms=230910 seq=8245 src=1 c9=1012 c10=1871 c11=1012 c12=1500 step=0
4217.1929,MEAS ms=230919 seq=8246 src=1 c9=1012 c10=1871 c11=1012 c12=1500 step=0
4217.1929,MEAS ms=230964 seq=8247 src=1 c9=1010 c10=1871 c11=1012 c12=1500 step=0
4217.3275,MEAS ms=231009 seq=8248 src=1 c9=1012 c10=1870 c11=1012 c12=1500 step=0
4217.3276,MEAS ms=231054 seq=8249 src=1 c9=1012 c10=1871 c11=1012 c12=1500 step=0
4217.3276,MEAS ms=231099 seq=8250 src=1 c9=1012 c10=1871 c11=1012 c12=1500 step=0
4217.5075,MEAS ms=231144 seq=8251 src=1 c9=1012 c10=1871 c11=1012 c12=1500 step=0
4217.5076,MEAS ms=231189 seq=8252 src=1 c9=1012 c10=1871 c11=1012 c12=1500 step=0
4217.5076,MEAS ms=231234 seq=8253 src=1 c9=1012 c10=1871 c11=1012 c12=1500 step=0
4217.5076,MEAS ms=231279 seq=8254 src=1 c9=1012 c10=1871 c11=1012 c12=1500 step=0
4217.6176,MEAS ms=231324 seq=8255 src=1 c9=1012 c10=1871 c11=1012 c12=1500 step=0
4217.6177,MEAS ms=231369 seq=8256 src=1 c9=1012 c10=1871 c11=1012 c12=1500 step=0
4217.6177,MEAS ms=231414 seq=8257 src=1 c9=1012 c10=1871 c11=1012 c12=1500 step=0
4217.6525,MEAS ms=231434 seq=8258 src=1 c9=1012 c10=1871 c11=1012 c12=1500 step=0
4217.6525,MEAS ms=231442 seq=8259 src=1 c9=1012 c10=1871 c11=1012 c12=1500 step=0
4217.6525,MEAS ms=231451 seq=8260 src=1 c9=1012 c10=1871 c11=1012 c12=1500 step=0
4217.6526,MEAS ms=231460 seq=8261 src=1 c9=1012 c10=1871 c11=1012 c12=1500 step=0
4217.7876,MEAS ms=231469 seq=8262 src=1 c9=1012 c10=1871 c11=1012 c12=1500 step=0
4217.7877,MEAS ms=231514 seq=8263 src=1 c9=1012 c10=1871 c11=1012 c12=1500 step=0
4217.7877,MEAS ms=231559 seq=8264 src=1 c9=1012 c10=1871 c11=1012 c12=1500 step=0
4217.9675,MEAS ms=231604 seq=8265 src=1 c9=1012 c10=1871 c11=1012 c12=1500 step=0
4217.9675,MEAS ms=231649 seq=8266 src=1 c9=1012 c10=1871 c11=1012 c12=1500 step=0
4217.9675,MEAS ms=231694 seq=8267 src=1 c9=1012 c10=1871 c11=1012 c12=1500 step=0
4217.9675,MEAS ms=231739 seq=8268 src=1 c9=1012 c10=1871 c11=1012 c12=1500 step=0
4218.1022,MEAS ms=231784 seq=8269 src=1 c9=1012 c10=1871 c11=1012 c12=1500 step=0
4218.1023,MEAS ms=231829 seq=8270 src=1 c9=1012 c10=1881 c11=1012 c12=1500 step=0
4218.1023,MEAS ms=231874 seq=8271 src=1 c9=1012 c10=1881 c11=1012 c12=1500 step=0
4218.2202,MEAS ms=231919 seq=8272 src=1 c9=1012 c10=1881 c11=1012 c12=1500 step=0
4218.2203,MEAS ms=231964 seq=8273 src=1 c9=1012 c10=1881 c11=1012 c12=1500 step=0
4218.2203,MEAS ms=232009 seq=8274 src=1 c9=1012 c10=1879 c11=1012 c12=1500 step=0
4218.2203,MEAS ms=232029 seq=8275 src=1 c9=1012 c10=1879 c11=1012 c12=1500 step=0
4218.2477,MEAS ms=232037 seq=8276 src=1 c9=1012 c10=1879 c11=1012 c12=1500 step=0
4218.2478,MEAS ms=232046 seq=8277 src=1 c9=1012 c10=1881 c11=1010 c12=1500 step=0
4218.2478,MEAS ms=232055 seq=8278 src=1 c9=1012 c10=1881 c11=1010 c12=1500 step=0
4218.4274,MEAS ms=232064 seq=8279 src=1 c9=1012 c10=1881 c11=1010 c12=1500 step=0
4218.4275,MEAS ms=232109 seq=8280 src=1 c9=1012 c10=1881 c11=1012 c12=1499 step=0
4218.4275,MEAS ms=232154 seq=8281 src=1 c9=1012 c10=1881 c11=1012 c12=1500 step=0
4218.4275,MEAS ms=232199 seq=8282 src=1 c9=1012 c10=1881 c11=1012 c12=1500 step=0
4218.5626,MEAS ms=232244 seq=8283 src=1 c9=1012 c10=1881 c11=1012 c12=1500 step=0
4218.5627,MEAS ms=232289 seq=8284 src=1 c9=1012 c10=1881 c11=1012 c12=1500 step=0
4218.5627,MEAS ms=232334 seq=8285 src=1 c9=1012 c10=1881 c11=1012 c12=1500 step=0
4218.7424,MEAS ms=232379 seq=8286 src=1 c9=1012 c10=1881 c11=1012 c12=1500 step=0
4218.7424,MEAS ms=232424 seq=8287 src=1 c9=1012 c10=1881 c11=1012 c12=1500 step=0
4218.7424,MEAS ms=232469 seq=8288 src=1 c9=1012 c10=1881 c11=1012 c12=1500 step=0
4218.7424,MEAS ms=232514 seq=8289 src=1 c9=1012 c10=1881 c11=1012 c12=1500 step=0
4218.7793,MEAS ms=232559 seq=8290 src=1 c9=1012 c10=1881 c11=1012 c12=1500 step=0
4218.7793,MEAS ms=232579 seq=8291 src=1 c9=1012 c10=1881 c11=1012 c12=1500 step=0
4218.7793,MEAS ms=232587 seq=8292 src=1 c9=1012 c10=1881 c11=1012 c12=1500 step=0
4218.8875,MEAS ms=232596 seq=8293 src=1 c9=1012 c10=1881 c11=1012 c12=1500 step=0
4218.8876,MEAS ms=232605 seq=8294 src=1 c9=1012 c10=1881 c11=1012 c12=1500 step=0
4218.8876,MEAS ms=232614 seq=8295 src=1 c9=1012 c10=1881 c11=1012 c12=1500 step=0
4218.8876,MEAS ms=232659 seq=8296 src=1 c9=1012 c10=1881 c11=1012 c12=1500 step=0
4219.0224,MEAS ms=232704 seq=8297 src=1 c9=1012 c10=1881 c11=1012 c12=1500 step=0
4219.0224,MEAS ms=232749 seq=8298 src=1 c9=1012 c10=1881 c11=1012 c12=1500 step=0
4219.0224,MEAS ms=232794 seq=8299 src=1 c9=1012 c10=1881 c11=1012 c12=1500 step=0
4219.2030,MEAS ms=232839 seq=8300 src=1 c9=1012 c10=1890 c11=1012 c12=1500 step=0
4219.2031,MEAS ms=232884 seq=8301 src=1 c9=1012 c10=1890 c11=1012 c12=1500 step=0
4219.2031,MEAS ms=232929 seq=8302 src=1 c9=1012 c10=1890 c11=1012 c12=1500 step=0
4219.2031,MEAS ms=232974 seq=8303 src=1 c9=1012 c10=1890 c11=1012 c12=1500 step=0
4219.3125,MEAS ms=233019 seq=8304 src=1 c9=1012 c10=1889 c11=1012 c12=1500 step=0
4219.3126,MEAS ms=233064 seq=8305 src=1 c9=1012 c10=1889 c11=1012 c12=1500 step=0
4219.3126,MEAS ms=233109 seq=8306 src=1 c9=1012 c10=1890 c11=1012 c12=1500 step=0
4219.3476,MEAS ms=233129 seq=8307 src=1 c9=1012 c10=1890 c11=1012 c12=1499 step=0
4219.3477,MEAS ms=233137 seq=8308 src=1 c9=1012 c10=1890 c11=1012 c12=1499 step=0
4219.3477,MEAS ms=233146 seq=8309 src=1 c9=1012 c10=1890 c11=1012 c12=1499 step=0
4219.3477,MEAS ms=233155 seq=8310 src=1 c9=1012 c10=1890 c11=1012 c12=1500 step=0
4219.4826,MEAS ms=233164 seq=8311 src=1 c9=1012 c10=1890 c11=1012 c12=1500 step=0
4219.4826,MEAS ms=233209 seq=8312 src=1 c9=1012 c10=1890 c11=1012 c12=1500 step=0
4219.4826,MEAS ms=233254 seq=8313 src=1 c9=1012 c10=1890 c11=1012 c12=1500 step=0
4219.6624,MEAS ms=233299 seq=8314 src=1 c9=1012 c10=1890 c11=1012 c12=1500 step=0
4219.6624,MEAS ms=233344 seq=8315 src=1 c9=1012 c10=1890 c11=1012 c12=1500 step=0
4219.6624,MEAS ms=233389 seq=8316 src=1 c9=1012 c10=1890 c11=1012 c12=1500 step=0
4219.6624,MEAS ms=233434 seq=8317 src=1 c9=1012 c10=1890 c11=1012 c12=1500 step=0
4219.7975,MEAS ms=233479 seq=8318 src=1 c9=1012 c10=1890 c11=1012 c12=1500 step=0
4219.7976,MEAS ms=233524 seq=8319 src=1 c9=1012 c10=1890 c11=1012 c12=1500 step=0
4219.7976,MEAS ms=233569 seq=8320 src=1 c9=1012 c10=1890 c11=1012 c12=1500 step=0
4219.8792,MEAS ms=233614 seq=8321 src=1 c9=1012 c10=1890 c11=1012 c12=1500 step=0
4219.8793,MEAS ms=233659 seq=8322 src=1 c9=1012 c10=1890 c11=1012 c12=1500 step=0
4219.8793,MEAS ms=233679 seq=8323 src=1 c9=1012 c10=1890 c11=1012 c12=1500 step=0
4219.8793,MEAS ms=233687 seq=8324 src=1 c9=1012 c10=1890 c11=1012 c12=1500 step=0
4219.9423,MEAS ms=233696 seq=8325 src=1 c9=1012 c10=1890 c11=1012 c12=1500 step=0
4219.9424,MEAS ms=233705 seq=8326 src=1 c9=1012 c10=1890 c11=1012 c12=1500 step=0
4219.9424,MEAS ms=233714 seq=8327 src=1 c9=1012 c10=1890 c11=1012 c12=1500 step=0
4220.1226,MEAS ms=233759 seq=8328 src=1 c9=1012 c10=1890 c11=1012 c12=1500 step=0
4220.1226,MEAS ms=233804 seq=8329 src=1 c9=1012 c10=1890 c11=1012 c12=1500 step=0
4220.1226,MEAS ms=233849 seq=8330 src=1 c9=1012 c10=1900 c11=1012 c12=1500 step=0
4220.1226,MEAS ms=233894 seq=8331 src=1 c9=1012 c10=1900 c11=1012 c12=1500 step=0
4220.2573,MEAS ms=233939 seq=8332 src=1 c9=1012 c10=1900 c11=1012 c12=1500 step=0
4220.2574,MEAS ms=233984 seq=8333 src=1 c9=1012 c10=1900 c11=1012 c12=1500 step=0
4220.2574,MEAS ms=234029 seq=8334 src=1 c9=1012 c10=1900 c11=1012 c12=1500 step=0
4220.4125,MEAS ms=234074 seq=8335 src=1 c9=1012 c10=1899 c11=1012 c12=1500 step=0
4220.4126,MEAS ms=234119 seq=8336 src=1 c9=1012 c10=1900 c11=1010 c12=1500 step=0
4220.4126,MEAS ms=234164 seq=8337 src=1 c9=1012 c10=1900 c11=1012 c12=1499 step=0
4220.4126,MEAS ms=234209 seq=8338 src=1 c9=1012 c10=1900 c11=1012 c12=1500 step=0
4220.4385,MEAS ms=234229 seq=8339 src=1 c9=1012 c10=1900 c11=1012 c12=1500 step=0
4220.4385,MEAS ms=234237 seq=8340 src=1 c9=1012 c10=1900 c11=1012 c12=1500 step=0
4220.4385,MEAS ms=234246 seq=8341 src=1 c9=1012 c10=1900 c11=1012 c12=1500 step=0
4220.5824,MEAS ms=234255 seq=8342 src=1 c9=1012 c10=1900 c11=1012 c12=1500 step=0
4220.5824,MEAS ms=234264 seq=8343 src=1 c9=1012 c10=1900 c11=1012 c12=1500 step=0
4220.5824,MEAS ms=234309 seq=8344 src=1 c9=1012 c10=1900 c11=1012 c12=1500 step=0
4220.5824,MEAS ms=234354 seq=8345 src=1 c9=1012 c10=1900 c11=1012 c12=1500 step=0
4220.7177,MEAS ms=234399 seq=8346 src=1 c9=1012 c10=1900 c11=1012 c12=1500 step=0
4220.7178,MEAS ms=234444 seq=8347 src=1 c9=1012 c10=1900 c11=1012 c12=1500 step=0
4220.7178,MEAS ms=234489 seq=8348 src=1 c9=1012 c10=1900 c11=1012 c12=1500 step=0
4220.8973,MEAS ms=234534 seq=8349 src=1 c9=1012 c10=1900 c11=1012 c12=1500 step=0
4220.8974,MEAS ms=234579 seq=8350 src=1 c9=1012 c10=1900 c11=1012 c12=1500 step=0
4220.8974,MEAS ms=234624 seq=8351 src=1 c9=1012 c10=1900 c11=1012 c12=1500 step=0
4220.8974,MEAS ms=234669 seq=8352 src=1 c9=1012 c10=1900 c11=1012 c12=1500 step=0
4220.9704,MEAS ms=234714 seq=8353 src=1 c9=1012 c10=1900 c11=1012 c12=1500 step=0
4220.9704,MEAS ms=234759 seq=8354 src=1 c9=1012 c10=1900 c11=1012 c12=1500 step=0
4220.9704,MEAS ms=234779 seq=8355 src=1 c9=1012 c10=1900 c11=1012 c12=1500 step=0
4221.0427,MEAS ms=234787 seq=8356 src=1 c9=1012 c10=1900 c11=1012 c12=1500 step=0
4221.0427,MEAS ms=234796 seq=8357 src=1 c9=1012 c10=1900 c11=1012 c12=1500 step=0
4221.0427,MEAS ms=234805 seq=8358 src=1 c9=1012 c10=1900 c11=1012 c12=1500 step=0
4221.0428,MEAS ms=234814 seq=8359 src=1 c9=1012 c10=1910 c11=1012 c12=1500 step=0
4221.1774,MEAS ms=234859 seq=8360 src=1 c9=1012 c10=1910 c11=1012 c12=1500 step=0
4221.1774,MEAS ms=234904 seq=8361 src=1 c9=1012 c10=1910 c11=1012 c12=1500 step=0
4221.1774,MEAS ms=234949 seq=8362 src=1 c9=1012 c10=1910 c11=1012 c12=1500 step=0
4221.3575,MEAS ms=234994 seq=8363 src=1 c9=1012 c10=1910 c11=1012 c12=1500 step=0
4221.3575,MEAS ms=235039 seq=8364 src=1 c9=1010 c10=1910 c11=1012 c12=1500 step=0
4221.3575,MEAS ms=235084 seq=8365 src=1 c9=1012 c10=1909 c11=1012 c12=1500 step=0
4221.3575,MEAS ms=235129 seq=8366 src=1 c9=1012 c10=1909 c11=1012 c12=1500 step=0
4221.4922,MEAS ms=235174 seq=8367 src=1 c9=1012 c10=1910 c11=1012 c12=1499 step=0
4221.4923,MEAS ms=235219 seq=8368 src=1 c9=1012 c10=1910 c11=1012 c12=1500 step=0
4221.4923,MEAS ms=235264 seq=8369 src=1 c9=1012 c10=1910 c11=1012 c12=1500 step=0
4221.5384,MEAS ms=235309 seq=8370 src=1 c9=1012 c10=1910 c11=1012 c12=1500 step=0
4221.5384,MEAS ms=235329 seq=8371 src=1 c9=1012 c10=1910 c11=1012 c12=1500 step=0
4221.5384,MEAS ms=235337 seq=8372 src=1 c9=1012 c10=1910 c11=1012 c12=1500 step=0
4221.5384,MEAS ms=235346 seq=8373 src=1 c9=1012 c10=1910 c11=1012 c12=1500 step=0
4221.6373,MEAS ms=235355 seq=8374 src=1 c9=1012 c10=1910 c11=1012 c12=1500 step=0
4221.6373,MEAS ms=235364 seq=8375 src=1 c9=1012 c10=1910 c11=1012 c12=1500 step=0
4221.6374,MEAS ms=235409 seq=8376 src=1 c9=1012 c10=1910 c11=1012 c12=1500 step=0
4221.8177,MEAS ms=235454 seq=8377 src=1 c9=1012 c10=1910 c11=1012 c12=1500 step=0
4221.8177,MEAS ms=235499 seq=8378 src=1 c9=1012 c10=1910 c11=1012 c12=1500 step=0
4221.8177,MEAS ms=235544 seq=8379 src=1 c9=1012 c10=1910 c11=1012 c12=1500 step=0
4221.8177,MEAS ms=235589 seq=8380 src=1 c9=1012 c10=1910 c11=1012 c12=1500 step=0
4221.9524,MEAS ms=235634 seq=8381 src=1 c9=1012 c10=1910 c11=1012 c12=1500 step=0
4221.9524,MEAS ms=235679 seq=8382 src=1 c9=1012 c10=1910 c11=1012 c12=1500 step=0
4221.9525,MEAS ms=235724 seq=8383 src=1 c9=1012 c10=1910 c11=1012 c12=1500 step=0
4222.0702,MEAS ms=235769 seq=8384 src=1 c9=1012 c10=1910 c11=1012 c12=1500 step=0
4222.0702,MEAS ms=235814 seq=8385 src=1 c9=1012 c10=1910 c11=1012 c12=1500 step=0
4222.0702,MEAS ms=235859 seq=8386 src=1 c9=1012 c10=1920 c11=1012 c12=1500 step=0
4222.0702,MEAS ms=235879 seq=8387 src=1 c9=1012 c10=1920 c11=1012 c12=1500 step=0
4222.0974,MEAS ms=235887 seq=8388 src=1 c9=1012 c10=1920 c11=1012 c12=1500 step=0
4222.0975,MEAS ms=235896 seq=8389 src=1 c9=1012 c10=1920 c11=1012 c12=1500 step=0
4222.0975,MEAS ms=235905 seq=8390 src=1 c9=1012 c10=1920 c11=1012 c12=1500 step=0
4222.2777,MEAS ms=235914 seq=8391 src=1 c9=1012 c10=1920 c11=1012 c12=1500 step=0
4222.2777,MEAS ms=235959 seq=8392 src=1 c9=1012 c10=1920 c11=1012 c12=1500 step=0
4222.2777,MEAS ms=236004 seq=8393 src=1 c9=1012 c10=1920 c11=1012 c12=1500 step=0
4222.2777,MEAS ms=236049 seq=8394 src=1 c9=1010 c10=1920 c11=1012 c12=1500 step=0
4222.4123,MEAS ms=236094 seq=8395 src=1 c9=1012 c10=1918 c11=1012 c12=1500 step=0
4222.4123,MEAS ms=236139 seq=8396 src=1 c9=1012 c10=1920 c11=1010 c12=1500 step=0
4222.4123,MEAS ms=236184 seq=8397 src=1 c9=1012 c10=1920 c11=1012 c12=1499 step=0
4222.5922,MEAS ms=236229 seq=8398 src=1 c9=1012 c10=1920 c11=1012 c12=1500 step=0
4222.5923,MEAS ms=236274 seq=8399 src=1 c9=1012 c10=1920 c11=1012 c12=1500 step=0
4222.5923,MEAS ms=236319 seq=8400 src=1 c9=1012 c10=1920 c11=1012 c12=1500 step=0
4222.5923,MEAS ms=236364 seq=8401 src=1 c9=1012 c10=1920 c11=1012 c12=1500 step=0
4222.6293,MEAS ms=236409 seq=8402 src=1 c9=1012 c10=1920 c11=1012 c12=1500 step=0
4222.6293,MEAS ms=236429 seq=8403 src=1 c9=1012 c10=1920 c11=1012 c12=1500 step=0
4222.6293,MEAS ms=236437 seq=8404 src=1 c9=1012 c10=1920 c11=1012 c12=1500 step=0
4222.6293,MEAS ms=236446 seq=8405 src=1 c9=1012 c10=1920 c11=1012 c12=1500 step=0
4222.7375,MEAS ms=236455 seq=8406 src=1 c9=1012 c10=1920 c11=1012 c12=1500 step=0
4222.7375,MEAS ms=236464 seq=8407 src=1 c9=1012 c10=1920 c11=1012 c12=1500 step=0
4222.7375,MEAS ms=236509 seq=8408 src=1 c9=1012 c10=1920 c11=1012 c12=1500 step=0
4222.9175,MEAS ms=236554 seq=8409 src=1 c9=1012 c10=1920 c11=1012 c12=1500 step=0
4222.9175,MEAS ms=236599 seq=8410 src=1 c9=1012 c10=1920 c11=1012 c12=1500 step=0
4222.9175,MEAS ms=236644 seq=8411 src=1 c9=1012 c10=1920 c11=1012 c12=1500 step=0
4222.9176,MEAS ms=236689 seq=8412 src=1 c9=1012 c10=1920 c11=1012 c12=1500 step=0
4223.0525,MEAS ms=236734 seq=8413 src=1 c9=1012 c10=1920 c11=1012 c12=1500 step=0
4223.0525,MEAS ms=236779 seq=8414 src=1 c9=1012 c10=1920 c11=1012 c12=1500 step=0
4223.0526,MEAS ms=236824 seq=8415 src=1 c9=1012 c10=1920 c11=1012 c12=1500 step=0
4223.1703,MEAS ms=236869 seq=8416 src=1 c9=1012 c10=1929 c11=1012 c12=1500 step=0
4223.1704,MEAS ms=236914 seq=8417 src=1 c9=1012 c10=1929 c11=1012 c12=1500 step=0
4223.1704,MEAS ms=236959 seq=8418 src=1 c9=1012 c10=1929 c11=1012 c12=1500 step=0
4223.1704,MEAS ms=236979 seq=8419 src=1 c9=1012 c10=1929 c11=1012 c12=1500 step=0
4223.1975,MEAS ms=236987 seq=8420 src=1 c9=1012 c10=1929 c11=1012 c12=1500 step=0
4223.1976,MEAS ms=236996 seq=8421 src=1 c9=1012 c10=1929 c11=1012 c12=1500 step=0
4223.1976,MEAS ms=237005 seq=8422 src=1 c9=1012 c10=1929 c11=1012 c12=1500 step=0
4223.3773,MEAS ms=237014 seq=8423 src=1 c9=1012 c10=1929 c11=1012 c12=1500 step=0
4223.3773,MEAS ms=237059 seq=8424 src=1 c9=1012 c10=1929 c11=1012 c12=1500 step=0
4223.3774,MEAS ms=237104 seq=8425 src=1 c9=1010 c10=1929 c11=1012 c12=1500 step=0
4223.3774,MEAS ms=237149 seq=8426 src=1 c9=1012 c10=1928 c11=1012 c12=1500 step=0
4223.5125,MEAS ms=237194 seq=8427 src=1 c9=1012 c10=1929 c11=1012 c12=1499 step=0
4223.5125,MEAS ms=237239 seq=8428 src=1 c9=1012 c10=1929 c11=1012 c12=1500 step=0
4223.5125,MEAS ms=237284 seq=8429 src=1 c9=1012 c10=1929 c11=1012 c12=1500 step=0
4223.6923,MEAS ms=237329 seq=8430 src=1 c9=1012 c10=1929 c11=1012 c12=1500 step=0
4223.6924,MEAS ms=237374 seq=8431 src=1 c9=1012 c10=1929 c11=1012 c12=1500 step=0
4223.6924,MEAS ms=237419 seq=8432 src=1 c9=1012 c10=1929 c11=1012 c12=1500 step=0
4223.6924,MEAS ms=237464 seq=8433 src=1 c9=1012 c10=1929 c11=1012 c12=1500 step=0
4223.7295,MEAS ms=237509 seq=8434 src=1 c9=1012 c10=1929 c11=1012 c12=1500 step=0
4223.7295,MEAS ms=237529 seq=8435 src=1 c9=1012 c10=1929 c11=1012 c12=1500 step=0
4223.7295,MEAS ms=237537 seq=8436 src=1 c9=1012 c10=1929 c11=1012 c12=1500 step=0
4223.8372,MEAS ms=237546 seq=8437 src=1 c9=1012 c10=1929 c11=1012 c12=1500 step=0
4223.8373,MEAS ms=237555 seq=8438 src=1 c9=1012 c10=1929 c11=1012 c12=1500 step=0
4223.8373,MEAS ms=237564 seq=8439 src=1 c9=1012 c10=1929 c11=1012 c12=1500 step=0
4223.8373,MEAS ms=237609 seq=8440 src=1 c9=1012 c10=1929 c11=1012 c12=1500 step=0
4223.9724,MEAS ms=237654 seq=8441 src=1 c9=1012 c10=1929 c11=1012 c12=1500 step=0
4223.9724,MEAS ms=237699 seq=8442 src=1 c9=1012 c10=1929 c11=1012 c12=1500 step=0
4223.9724,MEAS ms=237744 seq=8443 src=1 c9=1012 c10=1929 c11=1012 c12=1500 step=0
4224.1526,MEAS ms=237789 seq=8444 src=1 c9=1012 c10=1929 c11=1012 c12=1500 step=0
4224.1527,MEAS ms=237834 seq=8445 src=1 c9=1012 c10=1939 c11=1012 c12=1500 step=0
4224.1527,MEAS ms=237879 seq=8446 src=1 c9=1012 c10=1939 c11=1012 c12=1500 step=0
4224.1527,MEAS ms=237924 seq=8447 src=1 c9=1012 c10=1939 c11=1012 c12=1500 step=0
4224.2624,MEAS ms=237969 seq=8448 src=1 c9=1012 c10=1939 c11=1012 c12=1500 step=0
4224.2624,MEAS ms=238014 seq=8449 src=1 c9=1012 c10=1939 c11=1012 c12=1500 step=0
4224.2625,MEAS ms=238059 seq=8450 src=1 c9=1012 c10=1939 c11=1012 c12=1500 step=0
4224.2977,MEAS ms=238079 seq=8451 src=1 c9=1010 c10=1939 c11=1012 c12=1500 step=0
4224.2977,MEAS ms=238087 seq=8452 src=1 c9=1010 c10=1939 c11=1012 c12=1500 step=0
4224.2977,MEAS ms=238096 seq=8453 src=1 c9=1010 c10=1939 c11=1012 c12=1500 step=0
4224.2977,MEAS ms=238105 seq=8454 src=1 c9=1010 c10=1939 c11=1012 c12=1500 step=0
4224.4326,MEAS ms=238114 seq=8455 src=1 c9=1012 c10=1939 c11=1012 c12=1500 step=0
4224.4329,MEAS ms=238159 seq=8456 src=1 c9=1012 c10=1938 c11=1012 c12=1500 step=0
4224.4329,MEAS ms=238204 seq=8457 src=1 c9=1012 c10=1939 c11=1010 c12=1500 step=0
4224.6125,MEAS ms=238249 seq=8458 src=1 c9=1012 c10=1939 c11=1012 c12=1499 step=0
4224.6125,MEAS ms=238294 seq=8459 src=1 c9=1012 c10=1939 c11=1012 c12=1500 step=0
4224.6125,MEAS ms=238339 seq=8460 src=1 c9=1012 c10=1939 c11=1012 c12=1500 step=0
4224.6125,MEAS ms=238384 seq=8461 src=1 c9=1012 c10=1939 c11=1012 c12=1500 step=0
4224.7473,MEAS ms=238429 seq=8462 src=1 c9=1012 c10=1939 c11=1012 c12=1500 step=0
4224.7473,MEAS ms=238474 seq=8463 src=1 c9=1012 c10=1939 c11=1012 c12=1500 step=0
4224.7473,MEAS ms=238519 seq=8464 src=1 c9=1012 c10=1939 c11=1012 c12=1500 step=0
4224.8295,MEAS ms=238564 seq=8465 src=1 c9=1012 c10=1939 c11=1012 c12=1500 step=0
4224.8295,MEAS ms=238609 seq=8466 src=1 c9=1012 c10=1939 c11=1012 c12=1500 step=0
4224.8295,MEAS ms=238629 seq=8467 src=1 c9=1012 c10=1939 c11=1012 c12=1500 step=0
4224.8295,MEAS ms=238637 seq=8468 src=1 c9=1012 c10=1939 c11=1012 c12=1500 step=0
4224.8924,MEAS ms=238646 seq=8469 src=1 c9=1012 c10=1939 c11=1012 c12=1500 step=0
4224.8925,MEAS ms=238655 seq=8470 src=1 c9=1012 c10=1939 c11=1012 c12=1500 step=0
4224.8925,MEAS ms=238664 seq=8471 src=1 c9=1012 c10=1939 c11=1012 c12=1500 step=0
4225.0723,MEAS ms=238709 seq=8472 src=1 c9=1012 c10=1939 c11=1012 c12=1500 step=0
4225.0724,MEAS ms=238754 seq=8473 src=1 c9=1012 c10=1939 c11=1012 c12=1500 step=0
4225.0724,MEAS ms=238799 seq=8474 src=1 c9=1012 c10=1939 c11=1012 c12=1500 step=0
4225.0724,MEAS ms=238844 seq=8475 src=1 c9=1012 c10=1949 c11=1012 c12=1500 step=0
4225.2073,MEAS ms=238889 seq=8476 src=1 c9=1012 c10=1949 c11=1012 c12=1500 step=0
4225.2073,MEAS ms=238934 seq=8477 src=1 c9=1012 c10=1949 c11=1012 c12=1500 step=0
4225.2073,MEAS ms=238979 seq=8478 src=1 c9=1012 c10=1949 c11=1012 c12=1500 step=0
4225.3624,MEAS ms=239024 seq=8479 src=1 c9=1012 c10=1949 c11=1012 c12=1500 step=0
4225.3625,MEAS ms=239069 seq=8480 src=1 c9=1012 c10=1949 c11=1012 c12=1500 step=0
4225.3625,MEAS ms=239114 seq=8481 src=1 c9=1010 c10=1949 c11=1012 c12=1500 step=0
4225.3625,MEAS ms=239159 seq=8482 src=1 c9=1012 c10=1948 c11=1012 c12=1500 step=0
4225.3885,MEAS ms=239179 seq=8483 src=1 c9=1012 c10=1948 c11=1010 c12=1500 step=0
4225.3885,MEAS ms=239187 seq=8484 src=1 c9=1012 c10=1949 c11=1010 c12=1500 step=0
4225.3886,MEAS ms=239196 seq=8485 src=1 c9=1012 c10=1949 c11=1010 c12=1500 step=0
4225.5325,MEAS ms=239205 seq=8486 src=1 c9=1012 c10=1949 c11=1010 c12=1500 step=0
4225.5328,MEAS ms=239214 seq=8487 src=1 c9=1012 c10=1949 c11=1012 c12=1499 step=0
4225.5328,MEAS ms=239259 seq=8488 src=1 c9=1012 c10=1949 c11=1012 c12=1500 step=0
4225.5328,MEAS ms=239304 seq=8489 src=1 c9=1012 c10=1949 c11=1012 c12=1500 step=0
4225.6673,MEAS ms=239349 seq=8490 src=1 c9=1012 c10=1949 c11=1012 c12=1500 step=0
4225.6673,MEAS ms=239394 seq=8491 src=1 c9=1012 c10=1949 c11=1012 c12=1500 step=0
4225.6673,MEAS ms=239439 seq=8492 src=1 c9=1012 c10=1949 c11=1012 c12=1500 step=0
4225.8476,MEAS ms=239484 seq=8493 src=1 c9=1012 c10=1949 c11=1012 c12=1500 step=0
4225.8477,MEAS ms=239529 seq=8494 src=1 c9=1012 c10=1949 c11=1012 c12=1500 step=0
4225.8477,MEAS ms=239574 seq=8495 src=1 c9=1012 c10=1949 c11=1012 c12=1500 step=0
4225.8477,MEAS ms=239619 seq=8496 src=1 c9=1012 c10=1949 c11=1012 c12=1500 step=0
4225.9201,MEAS ms=239664 seq=8497 src=1 c9=1012 c10=1949 c11=1012 c12=1500 step=0
4225.9201,MEAS ms=239709 seq=8498 src=1 c9=1012 c10=1949 c11=1012 c12=1500 step=0
4225.9201,MEAS ms=239729 seq=8499 src=1 c9=1012 c10=1949 c11=1012 c12=1500 step=0
4225.9922,MEAS ms=239737 seq=8500 src=1 c9=1012 c10=1949 c11=1012 c12=1500 step=0
4225.9922,MEAS ms=239746 seq=8501 src=1 c9=1012 c10=1949 c11=1012 c12=1500 step=0
4225.9923,MEAS ms=239755 seq=8502 src=1 c9=1012 c10=1949 c11=1012 c12=1500 step=0
4225.9923,MEAS ms=239764 seq=8503 src=1 c9=1012 c10=1949 c11=1012 c12=1500 step=0
4226.1274,MEAS ms=239809 seq=8504 src=1 c9=1012 c10=1949 c11=1012 c12=1500 step=0
4226.1274,MEAS ms=239854 seq=8505 src=1 c9=1012 c10=1959 c11=1012 c12=1500 step=0
4226.1274,MEAS ms=239899 seq=8506 src=1 c9=1012 c10=1959 c11=1012 c12=1500 step=0
4226.3076,MEAS ms=239944 seq=8507 src=1 c9=1012 c10=1959 c11=1012 c12=1500 step=0
4226.3077,MEAS ms=239989 seq=8508 src=1 c9=1012 c10=1959 c11=1012 c12=1500 step=0
4226.3077,MEAS ms=240034 seq=8509 src=1 c9=1012 c10=1959 c11=1012 c12=1500 step=0
4226.3077,MEAS ms=240079 seq=8510 src=1 c9=1012 c10=1959 c11=1012 c12=1500 step=0
4226.4424,MEAS ms=240124 seq=8511 src=1 c9=1012 c10=1959 c11=1012 c12=1500 step=0
4226.4424,MEAS ms=240169 seq=8512 src=1 c9=1012 c10=1959 c11=1012 c12=1500 step=0
4226.4424,MEAS ms=240214 seq=8513 src=1 c9=1012 c10=1959 c11=1010 c12=1500 step=0
4226.5245,MEAS ms=240259 seq=8514 src=1 c9=1012 c10=1959 c11=1012 c12=1499 step=0
4226.5246,MEAS ms=240304 seq=8515 src=1 c9=1012 c10=1959 c11=1012 c12=1500 step=0
4226.5246,MEAS ms=240324 seq=8516 src=1 c9=1012 c10=1959 c11=1012 c12=1500 step=0
4226.5246,MEAS ms=240332 seq=8517 src=1 c9=1012 c10=1959 c11=1012 c12=1500 step=0
4226.5876,MEAS ms=240341 seq=8518 src=1 c9=1012 c10=1959 c11=1012 c12=1500 step=0
4226.5876,MEAS ms=240350 seq=8519 src=1 c9=1012 c10=1959 c11=1012 c12=1500 step=0
4226.5876,MEAS ms=240359 seq=8520 src=1 c9=1012 c10=1959 c11=1012 c12=1500 step=0
4226.7675,MEAS ms=240404 seq=8521 src=1 c9=1012 c10=1959 c11=1012 c12=1500 step=0
4226.7675,MEAS ms=240449 seq=8522 src=1 c9=1012 c10=1959 c11=1012 c12=1500 step=0
4226.7676,MEAS ms=240494 seq=8523 src=1 c9=1012 c10=1959 c11=1012 c12=1500 step=0
4226.7676,MEAS ms=240539 seq=8524 src=1 c9=1012 c10=1959 c11=1012 c12=1500 step=0
4226.9023,MEAS ms=240584 seq=8525 src=1 c9=1012 c10=1959 c11=1012 c12=1500 step=0
4226.9024,MEAS ms=240629 seq=8526 src=1 c9=1012 c10=1959 c11=1012 c12=1500 step=0
4226.9024,MEAS ms=240674 seq=8527 src=1 c9=1012 c10=1959 c11=1012 c12=1500 step=0
4227.0576,MEAS ms=240719 seq=8528 src=1 c9=1012 c10=1959 c11=1012 c12=1500 step=0
4227.0576,MEAS ms=240764 seq=8529 src=1 c9=1012 c10=1959 c11=1012 c12=1500 step=0
4227.0576,MEAS ms=240809 seq=8530 src=1 c9=1012 c10=1959 c11=1012 c12=1500 step=0
4227.0576,MEAS ms=240854 seq=8531 src=1 c9=1012 c10=1968 c11=1012 c12=1500 step=0
4227.0836,MEAS ms=240874 seq=8532 src=1 c9=1012 c10=1968 c11=1012 c12=1500 step=0
4227.0837,MEAS ms=240882 seq=8533 src=1 c9=1012 c10=1968 c11=1012 c12=1500 step=0
4227.0837,MEAS ms=240891 seq=8534 src=1 c9=1012 c10=1968 c11=1012 c12=1500 step=0
4227.2273,MEAS ms=240900 seq=8535 src=1 c9=1012 c10=1968 c11=1012 c12=1500 step=0
4227.2274,MEAS ms=240909 seq=8536 src=1 c9=1012 c10=1968 c11=1012 c12=1500 step=0
4227.2274,MEAS ms=240954 seq=8537 src=1 c9=1012 c10=1968 c11=1012 c12=1500 step=0
4227.2274,MEAS ms=240999 seq=8538 src=1 c9=1012 c10=1968 c11=1012 c12=1500 step=0
4227.3622,MEAS ms=241044 seq=8539 src=1 c9=1012 c10=1968 c11=1012 c12=1500 step=0
4227.3622,MEAS ms=241089 seq=8540 src=1 c9=1012 c10=1968 c11=1012 c12=1500 step=0
4227.3622,MEAS ms=241134 seq=8541 src=1 c9=1012 c10=1968 c11=1012 c12=1500 step=0
4227.5425,MEAS ms=241179 seq=8542 src=1 c9=1010 c10=1968 c11=1012 c12=1500 step=0
4227.5425,MEAS ms=241224 seq=8543 src=1 c9=1012 c10=1967 c11=1012 c12=1500 step=0
4227.5425,MEAS ms=241269 seq=8544 src=1 c9=1012 c10=1968 c11=1010 c12=1500 step=0
4227.5425,MEAS ms=241314 seq=8545 src=1 c9=1012 c10=1968 c11=1012 c12=1499 step=0
4227.6153,MEAS ms=241359 seq=8546 src=1 c9=1012 c10=1968 c11=1012 c12=1500 step=0
4227.6153,MEAS ms=241404 seq=8547 src=1 c9=1012 c10=1968 c11=1012 c12=1500 step=0
4227.6153,MEAS ms=241424 seq=8548 src=1 c9=1012 c10=1968 c11=1012 c12=1500 step=0
4227.6876,MEAS ms=241432 seq=8549 src=1 c9=1012 c10=1968 c11=1012 c12=1500 step=0
4227.6877,MEAS ms=241441 seq=8550 src=1 c9=1012 c10=1968 c11=1012 c12=1500 step=0
4227.6877,MEAS ms=241450 seq=8551 src=1 c9=1012 c10=1968 c11=1012 c12=1500 step=0
4227.6877,MEAS ms=241459 seq=8552 src=1 c9=1012 c10=1968 c11=1012 c12=1500 step=0
4227.8226,MEAS ms=241504 seq=8553 src=1 c9=1012 c10=1968 c11=1012 c12=1500 step=0
4227.8227,MEAS ms=241549 seq=8554 src=1 c9=1012 c10=1968 c11=1012 c12=1500 step=0
4227.8227,MEAS ms=241594 seq=8555 src=1 c9=1012 c10=1968 c11=1012 c12=1500 step=0
4228.0024,MEAS ms=241639 seq=8556 src=1 c9=1012 c10=1968 c11=1012 c12=1500 step=0
4228.0024,MEAS ms=241684 seq=8557 src=1 c9=1012 c10=1968 c11=1012 c12=1500 step=0
4228.0024,MEAS ms=241729 seq=8558 src=1 c9=1012 c10=1968 c11=1012 c12=1500 step=0
4228.0025,MEAS ms=241774 seq=8559 src=1 c9=1012 c10=1968 c11=1012 c12=1500 step=0
4228.1373,MEAS ms=241819 seq=8560 src=1 c9=1012 c10=1968 c11=1012 c12=1500 step=0
4228.1373,MEAS ms=241864 seq=8561 src=1 c9=1012 c10=1978 c11=1012 c12=1500 step=0
4228.1373,MEAS ms=241909 seq=8562 src=1 c9=1012 c10=1978 c11=1012 c12=1500 step=0
4228.1835,MEAS ms=241954 seq=8563 src=1 c9=1012 c10=1978 c11=1012 c12=1500 step=0
4228.1836,MEAS ms=241974 seq=8564 src=1 c9=1012 c10=1978 c11=1012 c12=1500 step=0
4228.1836,MEAS ms=241982 seq=8565 src=1 c9=1012 c10=1978 c11=1012 c12=1500 step=0
4228.1836,MEAS ms=241991 seq=8566 src=1 c9=1012 c10=1978 c11=1012 c12=1500 step=0
4228.2826,MEAS ms=242000 seq=8567 src=1 c9=1012 c10=1978 c11=1012 c12=1500 step=0
4228.2827,MEAS ms=242009 seq=8568 src=1 c9=1012 c10=1978 c11=1012 c12=1500 step=0
4228.2827,MEAS ms=242054 seq=8569 src=1 c9=1012 c10=1978 c11=1012 c12=1500 step=0
4228.4623,MEAS ms=242099 seq=8570 src=1 c9=1012 c10=1978 c11=1012 c12=1500 step=0
4228.4624,MEAS ms=242144 seq=8571 src=1 c9=1012 c10=1978 c11=1012 c12=1500 step=0
4228.4624,MEAS ms=242189 seq=8572 src=1 c9=1012 c10=1978 c11=1012 c12=1500 step=0
4228.4624,MEAS ms=242234 seq=8573 src=1 c9=1012 c10=1977 c11=1012 c12=1500 step=0
4228.5973,MEAS ms=242279 seq=8574 src=1 c9=1012 c10=1978 c11=1010 c12=1500 step=0
4228.5974,MEAS ms=242324 seq=8575 src=1 c9=1012 c10=1978 c11=1012 c12=1499 step=0
4228.5974,MEAS ms=242369 seq=8576 src=1 c9=1012 c10=1978 c11=1012 c12=1500 step=0
4228.6797,MEAS ms=242414 seq=8577 src=1 c9=1012 c10=1978 c11=1012 c12=1500 step=0
4228.6797,MEAS ms=242459 seq=8578 src=1 c9=1012 c10=1978 c11=1012 c12=1500 step=0
4228.6797,MEAS ms=242479 seq=8579 src=1 c9=1012 c10=1978 c11=1012 c12=1500 step=0
4228.6798,MEAS ms=242487 seq=8580 src=1 c9=1012 c10=1978 c11=1012 c12=1500 step=0
4228.7424,MEAS ms=242496 seq=8581 src=1 c9=1012 c10=1978 c11=1012 c12=1500 step=0
4228.7424,MEAS ms=242505 seq=8582 src=1 c9=1012 c10=1978 c11=1012 c12=1500 step=0
4228.7424,MEAS ms=242514 seq=8583 src=1 c9=1012 c10=1978 c11=1012 c12=1500 step=0
4228.9223,MEAS ms=242559 seq=8584 src=1 c9=1012 c10=1978 c11=1012 c12=1500 step=0
4228.9223,MEAS ms=242604 seq=8585 src=1 c9=1012 c10=1978 c11=1012 c12=1500 step=0
4228.9224,MEAS ms=242649 seq=8586 src=1 c9=1012 c10=1978 c11=1012 c12=1500 step=0
4228.9224,MEAS ms=242694 seq=8587 src=1 c9=1012 c10=1978 c11=1012 c12=1500 step=0
4229.0572,MEAS ms=242739 seq=8588 src=1 c9=1012 c10=1978 c11=1012 c12=1500 step=0
4229.0572,MEAS ms=242784 seq=8589 src=1 c9=1012 c10=1978 c11=1012 c12=1500 step=0
4229.0572,MEAS ms=242829 seq=8590 src=1 c9=1012 c10=1978 c11=1012 c12=1500 step=0
4229.2126,MEAS ms=242874 seq=8591 src=1 c9=1012 c10=1988 c11=1012 c12=1500 step=0
4229.2127,MEAS ms=242919 seq=8592 src=1 c9=1012 c10=1988 c11=1012 c12=1500 step=0
4229.2127,MEAS ms=242964 seq=8593 src=1 c9=1012 c10=1988 c11=1012 c12=1500 step=0
4229.2127,MEAS ms=243009 seq=8594 src=1 c9=1012 c10=1988 c11=1012 c12=1500 step=0
4229.2382,MEAS ms=243029 seq=8595 src=1 c9=1012 c10=1988 c11=1012 c12=1500 step=0
4229.2383,MEAS ms=243037 seq=8596 src=1 c9=1012 c10=1988 c11=1012 c12=1500 step=0
4229.2383,MEAS ms=243046 seq=8597 src=1 c9=1012 c10=1988 c11=1012 c12=1500 step=0
4229.3824,MEAS ms=243055 seq=8598 src=1 c9=1012 c10=1988 c11=1012 c12=1500 step=0
4229.3825,MEAS ms=243064 seq=8599 src=1 c9=1012 c10=1988 c11=1012 c12=1500 step=0
4229.3825,MEAS ms=243109 seq=8600 src=1 c9=1012 c10=1988 c11=1012 c12=1500 step=0
4229.3825,MEAS ms=243154 seq=8601 src=1 c9=1012 c10=1988 c11=1012 c12=1500 step=0
4229.5177,MEAS ms=243199 seq=8602 src=1 c9=1010 c10=1988 c11=1012 c12=1500 step=0
4229.5178,MEAS ms=243244 seq=8603 src=1 c9=1012 c10=1987 c11=1012 c12=1500 step=0
4229.5178,MEAS ms=243289 seq=8604 src=1 c9=1012 c10=1988 c11=1010 c12=1500 step=0
4229.6974,MEAS ms=243334 seq=8605 src=1 c9=1012 c10=1988 c11=1012 c12=1499 step=0
4229.6974,MEAS ms=243379 seq=8606 src=1 c9=1012 c10=1988 c11=1012 c12=1500 step=0
4229.6974,MEAS ms=243424 seq=8607 src=1 c9=1012 c10=1988 c11=1012 c12=1500 step=0
4229.6974,MEAS ms=243469 seq=8608 src=1 c9=1012 c10=1988 c11=1012 c12=1500 step=0
4229.7706,MEAS ms=243514 seq=8609 src=1 c9=1012 c10=1988 c11=1012 c12=1500 step=0
4229.7706,MEAS ms=243559 seq=8610 src=1 c9=1012 c10=1988 c11=1012 c12=1500 step=0
4229.7706,MEAS ms=243579 seq=8611 src=1 c9=1012 c10=1988 c11=1012 c12=1500 step=0
4229.8424,MEAS ms=243587 seq=8612 src=1 c9=1012 c10=1988 c11=1012 c12=1500 step=0
4229.8424,MEAS ms=243596 seq=8613 src=1 c9=1012 c10=1988 c11=1012 c12=1500 step=0
4229.8424,MEAS ms=243605 seq=8614 src=1 c9=1012 c10=1988 c11=1012 c12=1500 step=0
4229.8424,MEAS ms=243614 seq=8615 src=1 c9=1012 c10=1988 c11=1012 c12=1500 step=0
4229.9774,MEAS ms=243659 seq=8616 src=1 c9=1012 c10=1988 c11=1012 c12=1500 step=0
4229.9774,MEAS ms=243704 seq=8617 src=1 c9=1012 c10=1988 c11=1012 c12=1500 step=0
4229.9774,MEAS ms=243749 seq=8618 src=1 c9=1012 c10=1988 c11=1012 c12=1500 step=0
4230.1574,MEAS ms=243794 seq=8619 src=1 c9=1012 c10=1988 c11=1012 c12=1500 step=0
4230.1574,MEAS ms=243839 seq=8620 src=1 c9=1012 c10=1988 c11=1012 c12=1500 step=0
4230.1574,MEAS ms=243884 seq=8621 src=1 c9=1012 c10=1988 c11=1012 c12=1500 step=0
4230.1574,MEAS ms=243929 seq=8622 src=1 c9=1012 c10=1988 c11=1012 c12=1500 step=0
4230.2924,MEAS ms=243974 seq=8623 src=1 c9=1012 c10=1988 c11=1012 c12=1500 step=0
4230.2924,MEAS ms=244019 seq=8624 src=1 c9=1012 c10=1988 c11=1012 c12=1500 step=0
4230.2924,MEAS ms=244064 seq=8625 src=1 c9=1012 c10=1988 c11=1012 c12=1500 step=0
4230.3385,MEAS ms=244109 seq=8626 src=1 c9=1012 c10=1500 c11=1012 c12=1500 step=0
4230.3385,MEAS ms=244129 seq=8627 src=1 c9=1012 c10=1500 c11=1012 c12=1500 step=0
4230.3386,MEAS ms=244137 seq=8628 src=1 c9=1012 c10=1500 c11=1012 c12=1500 step=0
4230.3386,MEAS ms=244146 seq=8629 src=1 c9=1012 c10=1500 c11=1012 c12=1500 step=0
4230.4023,MEAS ms=244155 seq=8630 src=1 c9=1012 c10=1500 c11=1012 c12=1500 step=0
4230.4023,MEAS ms=244164 seq=8631 src=1 c9=1012 c10=1500 c11=1012 c12=1500 step=0
4230.4023,MEAS ms=244199 seq=8632 src=1 c9=1012 c10=1500 c11=1012 c12=1500 step=0
4230.4376,MEAS ms=244219 seq=8633 src=1 c9=1010 c10=1500 c11=1012 c12=1500 step=0
4230.4376,MEAS ms=244227 seq=8634 src=1 c9=1010 c10=1500 c11=1012 c12=1500 step=0
4230.4376,MEAS ms=244236 seq=8635 src=1 c9=1010 c10=1500 c11=1012 c12=1500 step=0
4230.4377,MEAS ms=244245 seq=8636 src=1 c9=1010 c10=1500 c11=1012 c12=1500 step=0
4230.5725,MEAS ms=244254 seq=8637 src=1 c9=1010 c10=1499 c11=1012 c12=1500 step=0
4230.5725,MEAS ms=244299 seq=8638 src=1 c9=1012 c10=1500 c11=1010 c12=1500 step=0
4230.5725,MEAS ms=244344 seq=8639 src=1 c9=1012 c10=1500 c11=1012 c12=1499 step=0
4230.7522,MEAS ms=244389 seq=8640 src=1 c9=1012 c10=1500 c11=1012 c12=1500 step=0
4230.7523,MEAS ms=244434 seq=8641 src=1 c9=1012 c10=1500 c11=1012 c12=1500 step=0
4230.7523,MEAS ms=244479 seq=8642 src=1 c9=1012 c10=1500 c11=1012 c12=1500 step=0
4230.7523,MEAS ms=244524 seq=8643 src=1 c9=1012 c10=1500 c11=1012 c12=1500 step=0
4230.8873,MEAS ms=244569 seq=8644 src=1 c9=1012 c10=1500 c11=1012 c12=1500 step=0
4230.8874,MEAS ms=244614 seq=8645 src=1 c9=1012 c10=1500 c11=1012 c12=1500 step=0
4230.8874,MEAS ms=244659 seq=8646 src=1 c9=1012 c10=1500 c11=1012 c12=1500 step=0
4230.9340,MEAS ms=244704 seq=8647 src=1 c9=1012 c10=1500 c11=1012 c12=1500 step=0
4230.9340,MEAS ms=244724 seq=8648 src=1 c9=1012 c10=1500 c11=1012 c12=1500 step=0
4230.9340,MEAS ms=244732 seq=8649 src=1 c9=1012 c10=1500 c11=1012 c12=1500 step=0
4230.9341,MEAS ms=244741 seq=8650 src=1 c9=1012 c10=1500 c11=1012 c12=1500 step=0
4231.0323,MEAS ms=244750 seq=8651 src=1 c9=1012 c10=1500 c11=1012 c12=1500 step=0
4231.0324,MEAS ms=244759 seq=8652 src=1 c9=1012 c10=1500 c11=1012 c12=1500 step=0
4231.0324,MEAS ms=244804 seq=8653 src=1 c9=1012 c10=1500 c11=1012 c12=1500 step=0
4231.2124,MEAS ms=244849 seq=8654 src=1 c9=1012 c10=1500 c11=1012 c12=1500 step=0
4231.2124,MEAS ms=244894 seq=8655 src=1 c9=1012 c10=1500 c11=1012 c12=1500 step=0
4231.2124,MEAS ms=244939 seq=8656 src=1 c9=1012 c10=1500 c11=1012 c12=1500 step=0
4231.2124,MEAS ms=244984 seq=8657 src=1 c9=1012 c10=1500 c11=1012 c12=1500 step=0
4231.3475,MEAS ms=245029 seq=8658 src=1 c9=1012 c10=1500 c11=1012 c12=1500 step=0
4231.3475,MEAS ms=245074 seq=8659 src=1 c9=1012 c10=1500 c11=1012 c12=1500 step=0
4231.3475,MEAS ms=245119 seq=8660 src=1 c9=1012 c10=1500 c11=1012 c12=1500 step=0
4231.3475,MEAS ms=245164 seq=8661 src=1 c9=1012 c10=1500 c11=1012 c12=1500 step=0
4231.4652,MEAS ms=245209 seq=8662 src=1 c9=1012 c10=1500 c11=1012 c12=1500 step=0
4231.4652,MEAS ms=245254 seq=8663 src=1 c9=1010 c10=1500 c11=1012 c12=1500 step=0
4231.4653,MEAS ms=245274 seq=8664 src=1 c9=1010 c10=1500 c11=1012 c12=1500 step=0
4231.5376,MEAS ms=245282 seq=8665 src=1 c9=1012 c10=1499 c11=1012 c12=1500 step=0
4231.5376,MEAS ms=245291 seq=8666 src=1 c9=1012 c10=1499 c11=1012 c12=1500 step=0
4231.5376,MEAS ms=245300 seq=8667 src=1 c9=1012 c10=1499 c11=1012 c12=1500 step=0
4231.5376,MEAS ms=245309 seq=8668 src=1 c9=1012 c10=1499 c11=1012 c12=1500 step=0
4231.6723,MEAS ms=245354 seq=8669 src=1 c9=1012 c10=1500 c11=1012 c12=1499 step=0
4231.6724,MEAS ms=245399 seq=8670 src=1 c9=1012 c10=1500 c11=1012 c12=1500 step=0
4231.6724,MEAS ms=245444 seq=8671 src=1 c9=1012 c10=1500 c11=1012 c12=1500 step=0
4231.8526,MEAS ms=245489 seq=8672 src=1 c9=1012 c10=1500 c11=1012 c12=1500 step=0
4231.8526,MEAS ms=245534 seq=8673 src=1 c9=1012 c10=1500 c11=1012 c12=1500 step=0
4231.8526,MEAS ms=245579 seq=8674 src=1 c9=1012 c10=1500 c11=1012 c12=1500 step=0
4231.8526,MEAS ms=245624 seq=8675 src=1 c9=1012 c10=1500 c11=1012 c12=1500 step=0
